date,start_utc,published_utc,sport,competition,home,away,pick,pick_side,confidence,confidence_pct,tier,tested_rate,group,on_daily_list,on_reserve,result,mark,correct,top_pick_correct,quoted_chance,winner,final_score,predicted_score,draw_read,verification,flags,note
2026-08-21,,,Football,Premier League,Arsenal,Coventry City,Arsenal,home,0.6227,62.3,Lean,,Board,0,0,won,✓,1,1,0.6227,Arsenal,3-0,2-0,0,legacy-unverified,celtic,
2026-08-21,,,Football,La Liga,Real Betis Balompié,Real Sociedad de Fútbol,Real Betis Balompié,home,0.5229,52.3,No read,,Board,0,0,won,✓,1,1,0.761,Real Betis Balompié,1-0,1-1,0,legacy-unverified,,
2026-08-21,,,Football,Ligue 1,Olympique de Marseille,RC Strasbourg Alsace,Olympique de Marseille,home,0.4962,49.6,No read,,Board,0,0,won,✓,1,1,0.7361,Olympique de Marseille,4-0,1-1,0,legacy-unverified,,
2026-08-22,,,Football,Primeira Liga,Sporting Clube de Portugal,FC Alverca,Sporting Clube de Portugal,home,0.8253,82.5,Strong,,Board,0,0,won,✓,1,1,0.8253,Sporting Clube de Portugal,3-1,3-0,0,legacy-unverified,,
2026-08-22,,,Football,Serie A,FC Internazionale Milano,AC Monza,FC Internazionale Milano,home,0.6914,69.1,Firm,,Board,0,0,won,✓,1,1,0.6914,FC Internazionale Milano,4-1,2-0,0,legacy-unverified,,
2026-08-22,,,Football,Ligue 1,Racing Club de Lens,AJ Auxerre,Racing Club de Lens,home,0.6298,63.0,Firm,,Board,0,0,won,✓,1,1,0.6298,Racing Club de Lens,5-2,2-0,0,legacy-unverified,,
2026-08-22,,,Football,Eredivisie,SC Heerenveen,PEC Zwolle,SC Heerenveen,home,0.6243,62.4,Firm,,Board,0,0,lost,✗,0,0,0.6243,PEC Zwolle,0-2,2-1,0,legacy-unverified,,
2026-08-22,,,Football,Primeira Liga,GD Estoril Praia,Rio Ave,GD Estoril Praia,home,0.5747,57.5,Lean,,Board,0,0,lost,✗,0,0,0.5747,Rio Ave,0-2,2-1,0,legacy-unverified,,
2026-08-22,,,Football,Championship,Southampton,Stoke City,Southampton,home,0.5586,55.9,Lean,,Board,0,0,won,✓,1,1,0.5586,Southampton,3-1,1-0,0,legacy-unverified,,
2026-08-22,,,Football,Championship,West Ham United,Charlton Athletic,West Ham United,home,0.5348,53.5,No read,,Board,0,0,lost,✗,0,0,0.5348,Charlton Athletic,1-2,1-0,0,legacy-unverified,celtic,
2026-08-22,,,Football,La Liga,RCD Espanyol de Barcelona,Real Madrid,Real Madrid,away,0.5289,52.9,No read,,Board,0,0,won,✓,1,1,0.7866,Real Madrid,1-2,1-1,0,legacy-unverified,,
2026-08-22,,,Football,Championship,Wrexham,Watford,Wrexham,home,0.5204,52.0,No read,,Board,0,0,won,✓,1,0,0.7719,Draw,1-1,1-1,1,legacy-unverified,,
2026-08-22,,,Football,Ligue 1,Le Mans,Stade Brestois 29,Le Mans,home,0.5072,50.7,No read,,Board,0,0,won,✓,1,0,0.7614,Draw,2-2,1-1,1,legacy-unverified,,
2026-08-22,,,Football,Premier League,Brentford,Tottenham Hotspur,Brentford,home,0.501,50.1,No read,,Board,0,0,won,✓,1,1,0.7586,Brentford,3-0,1-1,0,legacy-unverified,,
2026-08-22,,,Football,Championship,Lincoln City,Portsmouth,Lincoln City,home,0.4989,49.9,No read,,Board,0,0,lost,✗,0,0,0.7725,Portsmouth,1-3,1-1,0,legacy-unverified,,
2026-08-22,,,Football,Championship,Derby County,Cardiff City,Derby County,home,0.4785,47.9,No read,,Board,0,0,won,✓,1,0,0.7447,Draw,2-2,1-1,1,legacy-unverified,,
2026-08-22,,,Football,Premier League,Hull City,Manchester United,Manchester United,away,0.4729,47.3,No read,,Board,0,0,lost,✗,0,0,0.7188,Hull City,2-0,1-1,0,legacy-unverified,celtic,
2026-08-22,,,Football,Serie A,Udinese Calcio,Como 1907,Como 1907,away,0.4704,47.0,No read,,Board,0,0,won,✓,1,0,0.7567,Draw,1-1,1-1,1,legacy-unverified,,
2026-08-22,,,Football,Ligue 1,ES Troyes,Paris,ES Troyes,home,0.46,46.0,No read,,Board,0,0,won,✓,1,0,0.7242,Draw,0-0,1-1,1,legacy-unverified,,
2026-08-22,,,Football,Championship,Millwall,Norwich City,Millwall,home,0.4574,45.7,No read,,Board,0,0,won,✓,1,1,0.7432,Millwall,3-0,1-1,0,legacy-unverified,,
2026-08-22,,,Football,Premier League,Everton,Crystal Palace,Everton,home,0.4555,45.6,No read,,Board,0,0,won,✓,1,1,0.7473,Everton,2-0,1-1,0,legacy-unverified,,
2026-08-22,,,Football,Premier League,Ipswich Town,Sunderland,Ipswich Town,home,0.4541,45.4,No read,,Board,0,0,won,✓,1,1,0.7369,Ipswich Town,2-1,1-1,0,legacy-unverified,celtic,
2026-08-22,,,Football,Premier League,Nottingham Forest,Leeds United,Nottingham Forest,home,0.4535,45.4,No read,,Board,0,0,lost,✗,0,0,0.7286,Leeds United,0-1,1-1,0,legacy-unverified,,
2026-08-22,,,Football,Championship,Preston North End,Wolverhampton Wanderers,Preston North End,home,0.4518,45.2,No read,,Board,0,0,lost,✗,0,0,0.7466,Wolverhampton Wanderers,1-3,1-1,0,legacy-unverified,celtic,
2026-08-22,,,Football,Eredivisie,Sparta Rotterdam,FC Utrecht,FC Utrecht,away,0.4458,44.6,No read,,Board,0,0,won,✓,1,0,0.719,Draw,3-3,1-1,1,legacy-unverified,,
2026-08-22,,,Football,Championship,Swansea City,Sheffield United,Swansea City,home,0.4393,43.9,No read,,Board,0,0,won,✓,1,0,0.7097,Draw,0-0,1-1,1,legacy-unverified,,
2026-08-22,,,Football,Championship,Birmingham City,Bristol City,Birmingham City,home,0.4382,43.8,No read,,Board,0,0,won,✓,1,0,0.7247,Draw,2-2,1-1,1,legacy-unverified,,
2026-08-22,,,Football,Primeira Liga,CS Marítimo,Académico de Viseu,CS Marítimo,home,0.4381,43.8,No read,,Board,0,0,won,✓,1,0,0.7129,Draw,2-2,1-1,1,legacy-unverified,,
2026-08-22,,,Football,Serie A,Genoa CFC,SSC Napoli,SSC Napoli,away,0.434,43.4,No read,,Board,0,0,won,✓,1,1,0.7242,SSC Napoli,0-2,1-1,0,legacy-unverified,,
2026-08-22,,,Football,La Liga,Athletic Club,Sevilla,Athletic Club,home,0.4309,43.1,No read,,Board,0,0,lost,✗,0,0,0.706,Sevilla,1-3,1-1,0,legacy-unverified,,
2026-08-22,,,Football,Championship,Blackburn Rovers,Middlesbrough,Middlesbrough,away,0.4103,41.0,No read,,Board,0,0,lost,✗,0,0,0.4103,Blackburn Rovers,2-1,0-1,0,legacy-unverified,,
2026-08-22,,,Football,Championship,Queens Park Rangers,Bolton Wanderers,Queens Park Rangers,home,0.4051,40.5,No read,,Board,0,0,won,✓,1,0,0.675,Draw,0-0,1-1,1,legacy-unverified,,
2026-08-22,,,Football,Eredivisie,Fortuna Sittard,AZ,AZ,away,0.3852,38.5,No read,,Board,0,0,won,✓,1,1,0.6389,AZ,0-2,1-1,0,legacy-unverified,,
2026-08-22,,,Football,Ligue 1,OGC Nice,FC Lorient,FC Lorient,away,0.3847,38.5,No read,,Board,0,0,won,✓,1,0,0.6563,Draw,0-0,1-1,1,legacy-unverified,,
2026-08-22,,,Football,Ligue 1,Toulouse,Olympique Lyonnais,Toulouse,home,0.3779,37.8,No read,,Board,0,0,lost,✗,0,0,0.6565,Olympique Lyonnais,0-2,1-1,0,legacy-unverified,,
2026-08-22,,,Football,La Liga,Valencia,RC Celta de Vigo,Valencia,home,0.3696,37.0,No read,,Board,0,0,won,✓,1,0,0.6537,Draw,0-0,1-1,1,legacy-unverified,,
2026-08-22,,,Football,Serie A,Parma Calcio 1913,Cagliari Calcio,Parma Calcio 1913,home,0.3622,36.2,No read,,Board,0,0,lost,✗,0,0,0.6892,Cagliari Calcio,0-1,0-0,0,legacy-unverified,,
2026-08-23,,,Football,Primeira Liga,FC Porto,FC Arouca,FC Porto,home,0.7555,75.5,Strong,,Board,0,0,won,✓,1,1,0.7555,FC Porto,2-0,2-0,0,legacy-unverified,,
2026-08-23,,,Football,Serie A,SE Palmeiras,CR Vasco da Gama,SE Palmeiras,home,0.7021,70.2,Strong,,Board,0,0,won,✓,1,1,0.7021,SE Palmeiras,4-1,2-0,0,legacy-unverified,,
2026-08-23,,,Football,Premier League,Manchester City,AFC Bournemouth,Manchester City,home,0.6335,63.3,Firm,,Board,0,0,won,✓,1,1,0.6335,Manchester City,2-1,2-0,0,legacy-unverified,,
2026-08-23,,,Football,Eredivisie,PSV,FC Groningen,PSV,home,0.6002,60.0,Lean,,Board,0,0,won,✓,1,1,0.6002,PSV,5-1,2-1,0,legacy-unverified,,
2026-08-23,,,Football,Eredivisie,Go Ahead Eagles,ADO Den Haag,Go Ahead Eagles,home,0.5849,58.5,Lean,,Board,0,0,won,✓,1,1,0.5849,Go Ahead Eagles,3-1,2-1,0,legacy-unverified,,
2026-08-23,,,Football,Serie A,Venezia,US Lecce,Venezia,home,0.5834,58.3,No read,,Board,0,0,lost,✗,0,0,0.5834,US Lecce,0-2,1-0,0,legacy-unverified,celtic,
2026-08-23,,,Football,La Liga,Elche,FC Barcelona,FC Barcelona,away,0.5798,58.0,Lean,,Board,0,0,won,✓,1,1,0.5798,FC Barcelona,0-5,1-2,0,legacy-unverified,,
2026-08-23,,,Football,Serie A,Atalanta BC,US Sassuolo Calcio,Atalanta BC,home,0.5241,52.4,No read,,Board,0,0,won,✓,1,1,0.5241,Atalanta BC,2-1,1-0,0,legacy-unverified,,
2026-08-23,,,Football,Eredivisie,SC Cambuur-Leeuwarden,Feyenoord Rotterdam,Feyenoord Rotterdam,away,0.4963,49.6,No read,,Board,0,0,won,✓,1,1,0.7429,Feyenoord Rotterdam,2-5,1-1,0,legacy-unverified,,
2026-08-23,,,Football,La Liga,Club Atlético de Madrid,Villarreal,Club Atlético de Madrid,home,0.4705,47.0,No read,,Board,0,0,won,✓,1,0,0.7234,Draw,2-2,1-1,1,legacy-unverified,,
2026-08-23,,,Football,Serie A,RB Bragantino,Grêmio FBPA,RB Bragantino,home,0.468,46.8,No read,,Board,0,0,won,✓,1,1,0.7594,RB Bragantino,1-0,1-1,0,legacy-unverified,,
2026-08-23,,,Football,Serie A,Torino,AC Milan,AC Milan,away,0.4624,46.2,No read,,Board,0,0,won,✓,1,1,0.7383,AC Milan,1-2,1-1,0,legacy-unverified,,
2026-08-23,,,Football,Ligue 1,Angers SCO,Lille OSC,Lille OSC,away,0.4443,44.4,No read,,Board,0,0,won,✓,1,1,0.4443,Lille OSC,0-2,0-1,0,legacy-unverified,,
2026-08-23,,,Football,Serie A,Santos,Mirassol,Santos,home,0.4423,44.2,No read,,Board,0,0,won,✓,1,0,0.7051,Draw,1-1,1-1,1,legacy-unverified,,
2026-08-23,,,Football,Premier League,Brighton & Hove Albion,Aston Villa,Brighton & Hove Albion,home,0.4316,43.2,No read,,Board,0,0,won,✓,1,1,0.7114,Brighton & Hove Albion,4-0,1-1,0,legacy-unverified,,
2026-08-23,,,Football,Championship,West Bromwich Albion,Burnley,West Bromwich Albion,home,0.4285,42.9,No read,,Board,0,0,won,✓,1,1,0.7146,West Bromwich Albion,3-1,1-1,0,legacy-unverified,celtic,
2026-08-23,,,Football,Serie A,Frosinone Calcio,Juventus,Juventus,away,0.4085,40.8,No read,,Board,0,0,won,✓,1,1,0.693,Juventus,0-1,1-1,0,legacy-unverified,celtic,
2026-08-23,,,Football,Serie A,Chapecoense AF,São Paulo,São Paulo,away,0.4033,40.3,No read,,Board,0,0,lost,✗,0,0,0.6904,Chapecoense AF,1-0,1-1,0,legacy-unverified,,
2026-08-23,,,Football,Premier League,Newcastle United,Liverpool,Newcastle United,home,0.3984,39.8,No read,,Board,0,0,won,✓,1,0,0.6591,Draw,2-2,1-1,1,legacy-unverified,,
2026-08-23,,,Football,Serie A,EC Vitória,EC Bahia,EC Bahia,away,0.395,39.5,No read,,Board,0,0,won,✓,1,1,0.697,EC Bahia,0-2,1-1,0,legacy-unverified,,
2026-08-23,,,Football,Serie A,Coritiba FBC,SC Corinthians Paulista,Coritiba FBC,home,0.3825,38.2,No read,,Board,0,0,won,✓,1,1,0.7002,Coritiba FBC,2-1,1-1,0,legacy-unverified,,
2026-08-23,,,Football,Ligue 1,Le Havre,AS Monaco,AS Monaco,away,0.3773,37.7,No read,,Board,0,0,won,✓,1,1,0.6589,AS Monaco,0-1,1-1,0,legacy-unverified,,
2026-08-23,,,Football,La Liga,Getafe,Real Racing Club de Santander,Getafe,home,0.3768,37.7,No read,,Board,0,0,won,✓,1,1,0.6631,Getafe,1-0,1-1,0,legacy-unverified,celtic unrated,
2026-08-23,,,Football,Primeira Liga,Vitória Guimarães,CD Nacional,CD Nacional,away,0.3594,35.9,No read,,Board,0,0,lost,✗,0,0,0.6568,Vitória Guimarães,1-0,1-1,0,legacy-unverified,,
2026-08-23,,,Football,Primeira Liga,CD Santa Clara,FC Famalicão,Draw,draw,0.3442,34.4,No read,,Board,0,0,lost,✗,0,0,0.3442,CD Santa Clara,1-0,0-0,0,legacy-unverified,,
2026-08-24,,,Football,Primeira Liga,Gil Vicente,Casa Pia,Gil Vicente,home,0.698,69.8,Firm,,Board,0,0,won,✓,1,1,0.698,Gil Vicente,2-0,2-0,0,legacy-unverified,,
2026-08-24,,,Football,Serie A,AS Roma,ACF Fiorentina,AS Roma,home,0.6113,61.1,Lean,,Board,0,0,won,✓,1,1,0.6113,AS Roma,4-0,1-0,0,legacy-unverified,,
2026-08-24,,,Football,La Liga,CA Osasuna,Levante,CA Osasuna,home,0.5136,51.4,No read,,Board,0,0,won,✓,1,0,0.7768,Draw,0-0,1-1,1,legacy-unverified,,
2026-08-24,,,Football,Serie A,Bologna FC 1909,SS Lazio,Bologna FC 1909,home,0.4254,42.5,No read,,Board,0,0,lost,✗,0,0,0.7272,SS Lazio,0-1,1-1,0,legacy-unverified,,
2026-08-24,,,Football,La Liga,Málaga,RC Deportivo La Coruña,RC Deportivo La Coruña,away,0.402,40.2,No read,,Board,0,0,won,✓,1,0,0.6801,Draw,1-1,1-1,1,legacy-unverified,celtic unrated,
2026-08-24,,,Football,Premier League,Fulham,Chelsea,Fulham,home,0.3928,39.3,No read,,Board,0,0,lost,✗,0,0,0.671,Chelsea,2-3,1-1,0,legacy-unverified,,
2026-08-24,,,Football,Serie A,Botafogo FR,CA Paranaense,Botafogo FR,home,0.3917,39.2,No read,,Board,0,0,lost,✗,0,0,0.6758,CA Paranaense,2-3,1-1,0,legacy-unverified,,
2026-08-25,,,Football,La Liga,Valencia,Real Betis Balompié,Real Betis Balompié,away,0.3793,37.9,No read,,Board,0,0,won,✓,1,1,0.675,Real Betis Balompié,0-1,1-1,0,legacy-unverified,,
2026-08-26,,,Football,La Liga,Real Madrid,Real Sociedad de Fútbol,Real Madrid,home,0.6846,68.5,Firm,,Board,0,0,won,✓,1,1,0.6846,Real Madrid,4-1,2-0,0,legacy-unverified,,
2026-08-27,,,Football,La Liga,FC Barcelona,Athletic Club,FC Barcelona,home,0.7647,76.5,Strong,,Board,0,0,won,✓,1,1,0.7647,FC Barcelona,2-0,2-0,0,legacy-unverified,,
2026-08-27,,,Football,National League,Boreham Wood,Boston United,Boreham Wood,home,0.6789,67.9,Firm,,Board,0,0,won,✓,1,1,0.6789,Boreham Wood,2-1,2-0,0,legacy-unverified,,
2026-08-27,,,Football,La Liga,RC Celta de Vigo,CA Osasuna,RC Celta de Vigo,home,0.4709,47.1,No read,,Board,0,0,lost,✗,0,0,0.7544,CA Osasuna,1-2,1-1,0,legacy-unverified,,
2026-08-28,,,Football,Bundesliga,FC Bayern München,VfB Stuttgart,FC Bayern München,home,0.7311,73.1,Strong,,Board,0,0,won,✓,1,1,0.7311,FC Bayern München,5-1,3-1,0,legacy-unverified,,
2026-08-28,,,Football,Primeira Liga,Rio Ave,Sporting Clube de Portugal,Sporting Clube de Portugal,away,0.6179,61.8,Lean,,Board,0,0,won,✓,1,1,0.6179,Sporting Clube de Portugal,0-4,0-2,0,legacy-unverified,,
2026-08-28,,,Football,National League,Barrow,Yeovil Town,Barrow,home,0.5499,55.0,No read,,Board,0,0,lost,✗,0,0,0.5499,Yeovil Town,1-2,1-0,0,legacy-unverified,celtic,
2026-08-28,,,Football,Eredivisie,FC Groningen,Fortuna Sittard,FC Groningen,home,0.5177,51.8,No read,,Board,0,0,lost,✗,0,0,0.7614,Fortuna Sittard,2-3,1-1,0,legacy-unverified,,
2026-08-28,,,Football,National League,Aldershot Town,Harrogate Town,Aldershot Town,home,0.4919,49.2,No read,,Board,0,0,won,✓,1,1,0.7292,Aldershot Town,3-1,1-1,0,legacy-unverified,celtic,
2026-08-28,,,Football,Premier League,Crystal Palace,Manchester City,Manchester City,away,0.4896,49.0,No read,,Board,0,0,won,✓,1,1,0.7637,Manchester City,1-4,1-1,0,legacy-unverified,,
2026-08-28,,,Football,La Liga,Real Racing Club de Santander,Elche,Real Racing Club de Santander,home,0.4844,48.4,No read,,Board,0,0,won,✓,1,1,0.721,Real Racing Club de Santander,3-2,1-1,0,legacy-unverified,celtic unrated,
2026-08-28,,,Football,Serie A,AC Milan,Venezia,AC Milan,home,0.4771,47.7,No read,,Board,0,0,won,✓,1,1,0.7597,AC Milan,2-0,1-1,0,legacy-unverified,celtic,
2026-08-28,,,Football,Championship,Wrexham,Birmingham City,Wrexham,home,0.4483,44.8,No read,,Board,0,0,lost,✗,0,0,0.7265,Birmingham City,1-2,1-1,0,legacy-unverified,,
2026-08-28,,,Football,National League,AFC Hornchurch,Woking,AFC Hornchurch,home,0.4185,41.9,No read,,Board,0,0,won,✓,1,1,0.7197,AFC Hornchurch,1-0,1-1,0,legacy-unverified,celtic unrated,
2026-08-28,,,Football,National League,Tamworth,Worthing,Worthing,away,0.4051,40.5,No read,,Board,0,0,lost,✗,0,0,0.6925,Tamworth,3-2,1-1,0,legacy-unverified,celtic unrated,
2026-08-28,,,Football,National League,Altrincham,FC Halifax Town,Altrincham,home,0.3932,39.3,No read,,Board,0,0,won,✓,1,1,0.6743,Altrincham,2-1,1-1,0,legacy-unverified,celtic unrated,
2026-08-28,,,Football,Ligue 1,Lille OSC,Paris Saint-Germain,Paris Saint-Germain,away,0.3873,38.7,No read,,Board,0,0,won,✓,1,0,0.6692,Draw,2-2,1-1,1,legacy-unverified,,
2026-08-28,,,Football,La Liga,Deportivo Alavés,Villarreal,Villarreal,away,0.3827,38.3,No read,,Board,0,0,lost,✗,0,0,0.6477,Deportivo Alavés,1-0,1-1,0,legacy-unverified,,
2026-08-29,,,Football,Bundesliga,Borussia Dortmund,Hamburger,Borussia Dortmund,home,0.6731,67.3,Firm,,Board,0,0,won,✓,1,1,0.6731,Borussia Dortmund,2-0,2-0,0,legacy-unverified,,
2026-08-29,,,Football,Premiership,Celtic,Falkirk,Celtic,home,0.614,61.4,Lean,,Board,0,0,won,✓,1,1,0.614,Celtic,2-1,2-0,0,legacy-unverified,,
2026-08-29,,,Football,Serie A,Juventus,Parma Calcio 1913,Juventus,home,0.6107,61.1,Lean,,Board,0,0,won,✓,1,1,0.6107,Juventus,2-0,1-0,0,legacy-unverified,,
2026-08-29,,,Football,Bundesliga,RB Leipzig,Borussia Mönchengladbach,RB Leipzig,home,0.5904,59.0,Lean,,Board,0,0,won,✓,1,1,0.5904,RB Leipzig,3-0,2-0,0,legacy-unverified,,
2026-08-29,,,Football,Premier League,Coventry City,Hull City,Coventry City,home,0.5644,56.4,No read,,Board,0,0,lost,✗,0,0,0.5644,Hull City,0-1,2-1,0,legacy-unverified,celtic,
2026-08-29,,,Football,Ligue 1,Olympique Lyonnais,Le Havre,Olympique Lyonnais,home,0.5447,54.5,No read,,Board,0,0,lost,✗,0,0,0.5447,Draw,1-1,1-0,0,legacy-unverified,,
2026-08-29,,,Football,Championship,Cardiff City,Sheffield United,Cardiff City,home,0.5345,53.4,No read,,Board,0,0,won,✓,1,0,0.796,Draw,2-2,1-1,1,legacy-unverified,celtic,
2026-08-29,,,Football,Serie A,CA Mineiro,EC Vitória,CA Mineiro,home,0.5297,53.0,No read,,Board,0,0,won,✓,1,1,0.5297,CA Mineiro,2-1,1-0,0,legacy-unverified,,
2026-08-29,,,Football,Primeira Liga,Académico de Viseu,FC Porto,FC Porto,away,0.5248,52.5,No read,,Board,0,0,won,✓,1,1,0.5248,FC Porto,0-3,0-1,0,legacy-unverified,,
2026-08-29,,,Football,Bundesliga,Grazer AK,Wolfsberger,Wolfsberger,away,0.5079,50.8,No read,,Board,0,0,won,✓,1,0,0.781,Draw,0-0,1-1,1,legacy-unverified,,
2026-08-29,,,Football,Championship,Middlesbrough,West Bromwich Albion,Middlesbrough,home,0.5046,50.5,No read,,Board,0,0,won,✓,1,1,0.7796,Middlesbrough,3-1,1-1,0,legacy-unverified,,
2026-08-29,,,Football,Serie A,US Sassuolo Calcio,Torino,US Sassuolo Calcio,home,0.504,50.4,No read,,Board,0,0,won,✓,1,1,0.7616,US Sassuolo Calcio,2-1,1-1,0,legacy-unverified,,
2026-08-29,,,Football,Eredivisie,AZ,Go Ahead Eagles,AZ,home,0.4998,50.0,No read,,Board,0,0,won,✓,1,1,0.7409,AZ,5-2,1-1,0,legacy-unverified,,
2026-08-29,,,Football,Premier League,Liverpool,Nottingham Forest,Liverpool,home,0.4997,50.0,No read,,Board,0,0,won,✓,1,0,0.7569,Draw,2-2,1-1,1,legacy-unverified,,
2026-08-29,,,Football,Eredivisie,PEC Zwolle,NEC,NEC,away,0.4856,48.6,No read,,Board,0,0,won,✓,1,1,0.7207,NEC,1-3,1-1,0,legacy-unverified,,
2026-08-29,,,Football,Eredivisie,SBV Excelsior,Sparta Rotterdam,SBV Excelsior,home,0.4796,48.0,No read,,Board,0,0,won,✓,1,1,0.7391,SBV Excelsior,2-1,1-1,0,legacy-unverified,,
2026-08-29,,,Football,Championship,Bolton Wanderers,Lincoln City,Bolton Wanderers,home,0.4744,47.4,No read,,Board,0,0,lost,✗,0,0,0.7592,Lincoln City,0-1,1-1,0,legacy-unverified,celtic,
2026-08-29,,,Football,La Liga,Real Sociedad de Fútbol,RCD Espanyol de Barcelona,Real Sociedad de Fútbol,home,0.466,46.6,No read,,Board,0,0,won,✓,1,1,0.7242,Real Sociedad de Fútbol,2-1,1-1,0,legacy-unverified,,
2026-08-29,,,Football,Championship,Bristol City,Portsmouth,Bristol City,home,0.4634,46.3,No read,,Board,0,0,won,✓,1,1,0.7419,Bristol City,2-1,1-1,0,legacy-unverified,,
2026-08-29,,,Football,Championship,Norwich City,Burnley,Norwich City,home,0.4609,46.1,No read,,Board,0,0,won,✓,1,1,0.7357,Norwich City,4-1,1-1,0,legacy-unverified,celtic,
2026-08-29,,,Football,Championship,Charlton Athletic,Preston North End,Charlton Athletic,home,0.4584,45.8,No read,,Board,0,0,won,✓,1,1,0.7466,Charlton Athletic,1-0,1-1,0,legacy-unverified,,
2026-08-29,,,Football,Premier League,AFC Bournemouth,Everton,AFC Bournemouth,home,0.4559,45.6,No read,,Board,0,0,won,✓,1,0,0.7264,Draw,1-1,1-1,1,legacy-unverified,,
2026-08-29,,,Football,Ligue 1,AJ Auxerre,Angers SCO,AJ Auxerre,home,0.4499,45.0,No read,,Board,0,0,lost,✗,0,0,0.4499,Angers SCO,1-3,1-0,0,legacy-unverified,,
2026-08-29,,,Football,Championship,Wolverhampton Wanderers,Stoke City,Wolverhampton Wanderers,home,0.4482,44.8,No read,,Board,0,0,won,✓,1,1,0.7426,Wolverhampton Wanderers,4-1,1-1,0,legacy-unverified,celtic,
2026-08-29,,,Football,Championship,Derby County,Swansea City,Derby County,home,0.4454,44.5,No read,,Board,0,0,lost,✗,0,0,0.7238,Swansea City,0-3,1-1,0,legacy-unverified,,
2026-08-29,,,Football,Championship,Southampton,Millwall,Southampton,home,0.4352,43.5,No read,,Board,0,0,won,✓,1,1,0.7108,Southampton,5-1,1-1,0,legacy-unverified,,
2026-08-29,,,Football,Ligue 1,FC Lorient,ES Troyes,FC Lorient,home,0.4285,42.9,No read,,Board,0,0,lost,✗,0,0,0.7006,ES Troyes,1-2,1-1,0,legacy-unverified,,
2026-08-29,,,Football,Serie A,AC Monza,Udinese Calcio,AC Monza,home,0.4277,42.8,No read,,Board,0,0,lost,✗,0,0,0.722,Udinese Calcio,2-3,1-1,0,legacy-unverified,celtic,
2026-08-29,,,Football,Championship,Blackburn Rovers,Queens Park Rangers,Blackburn Rovers,home,0.4186,41.9,No read,,Board,0,0,lost,✗,0,0,0.7049,Queens Park Rangers,1-2,1-1,0,legacy-unverified,,
2026-08-29,,,Football,Bundesliga,1. FSV Mainz 05,SC Paderborn 07,1. FSV Mainz 05,home,0.4167,41.7,No read,,Board,0,0,won,✓,1,0,0.6919,Draw,0-0,1-1,1,legacy-unverified,celtic,
2026-08-29,,,Football,Bundesliga,1. FC Köln,TSG 1899 Hoffenheim,TSG 1899 Hoffenheim,away,0.4136,41.4,No read,,Board,0,0,lost,✗,0,0,0.6604,1. FC Köln,3-2,1-1,0,legacy-unverified,,
2026-08-30,,,Football,La Liga,Real Madrid,Málaga,Real Madrid,home,0.7284,72.8,Firm,,Board,0,0,won,✓,1,1,0.7284,Real Madrid,4-0,2-0,0,legacy-unverified,celtic,
2026-08-30,,,Football,Serie A,CR Flamengo,Botafogo FR,CR Flamengo,home,0.6368,63.7,Firm,,Board,0,0,won,✓,1,1,0.6368,CR Flamengo,3-0,2-0,0,legacy-unverified,,
2026-08-30,,,Football,Eredivisie,Feyenoord Rotterdam,ADO Den Haag,Feyenoord Rotterdam,home,0.6317,63.2,Firm,,Board,0,0,lost,✗,0,0,0.6317,Draw,2-2,2-1,0,legacy-unverified,,
2026-08-30,,,Football,Ligue 1,Stade Rennais FC 1901,Le Mans,Stade Rennais FC 1901,home,0.5751,57.5,No read,,Board,0,0,won,✓,1,1,0.5751,Stade Rennais FC 1901,3-2,2-1,0,legacy-unverified,celtic,
2026-08-30,,,Football,Serie A,Cagliari Calcio,FC Internazionale Milano,FC Internazionale Milano,away,0.5583,55.8,Lean,,Board,0,0,won,✓,1,1,0.7986,FC Internazionale Milano,0-1,1-1,0,legacy-unverified,,
2026-08-30,,,Football,Bundesliga,SC Freiburg,SV Werder Bremen,SC Freiburg,home,0.5333,53.3,No read,,Board,0,0,won,✓,1,1,0.7829,SC Freiburg,4-1,1-1,0,legacy-unverified,,
2026-08-30,,,Football,Ligue 1,Paris,OGC Nice,Paris,home,0.529,52.9,No read,,Board,0,0,won,✓,1,1,0.7838,Paris,3-0,1-1,0,legacy-unverified,,
2026-08-30,,,Football,La Liga,RC Celta de Vigo,Athletic Club,RC Celta de Vigo,home,0.5269,52.7,No read,,Board,0,0,lost,✗,0,0,0.7867,Athletic Club,0-2,1-1,0,legacy-unverified,,
2026-08-30,,,Football,Premier League,Manchester United,Ipswich Town,Manchester United,home,0.5217,52.2,No read,,Board,0,0,won,✓,1,1,0.765,Manchester United,5-2,1-1,0,legacy-unverified,celtic,
2026-08-30,,,Football,Serie A,Grêmio FBPA,Chapecoense AF,Grêmio FBPA,home,0.5031,50.3,No read,,Board,0,0,won,✓,1,1,0.7711,Grêmio FBPA,3-1,1-1,0,legacy-unverified,,
2026-08-30,,,Football,Serie A,EC Bahia,SC Internacional,EC Bahia,home,0.4965,49.6,No read,,Board,0,0,won,✓,1,1,0.4965,EC Bahia,3-2,1-0,0,legacy-unverified,,
2026-08-30,,,Football,Serie A,Mirassol,SE Palmeiras,SE Palmeiras,away,0.4813,48.1,No read,,Board,0,0,won,✓,1,0,0.7558,Draw,1-1,1-1,1,legacy-unverified,,
2026-08-30,,,Football,Primeira Liga,CD Nacional,CF Estrela da Amadora,CD Nacional,home,0.481,48.1,No read,,Board,0,0,lost,✗,0,0,0.7541,CF Estrela da Amadora,2-3,1-1,0,legacy-unverified,,
2026-08-30,,,Football,Eredivisie,FC Utrecht,PSV,PSV,away,0.4748,47.5,No read,,Board,0,0,won,✓,1,1,0.7096,PSV,1-6,1-1,0,legacy-unverified,,
2026-08-30,,,Football,Serie A,SS Lazio,Genoa CFC,SS Lazio,home,0.4731,47.3,No read,,Board,0,0,won,✓,1,1,0.4731,SS Lazio,1-0,1-0,0,legacy-unverified,,
2026-08-30,,,Football,Super League,Atromitos,PAOK,PAOK,away,0.4642,46.4,No read,,Board,0,0,won,✓,1,1,0.7509,PAOK,1-2,1-1,0,legacy-unverified,celtic unrated,
2026-08-30,,,Football,Premiership,Dundee,Hibernian,Hibernian,away,0.4524,45.2,No read,,Board,0,0,won,✓,1,1,0.7272,Hibernian,1-2,1-1,0,legacy-unverified,,
2026-08-30,,,Football,Serie A,CA Paranaense,Fluminense,CA Paranaense,home,0.4515,45.1,No read,,Board,0,0,won,✓,1,0,0.7383,Draw,3-3,1-1,1,legacy-unverified,,
2026-08-30,,,Football,Serie A,SC Corinthians Paulista,Santos,SC Corinthians Paulista,home,0.45,45.0,No read,,Board,0,0,lost,✗,0,0,0.7402,Santos,0-1,1-1,0,legacy-unverified,,
2026-08-30,,,Football,La Liga,RC Deportivo La Coruña,Valencia,RC Deportivo La Coruña,home,0.4398,44.0,No read,,Board,0,0,won,✓,1,1,0.7139,RC Deportivo La Coruña,3-1,1-1,0,legacy-unverified,celtic unrated,
2026-08-30,,,Football,Premier League,Chelsea,Brighton & Hove Albion,Chelsea,home,0.4266,42.7,No read,,Board,0,0,won,✓,1,1,0.699,Chelsea,4-3,1-1,0,legacy-unverified,,
2026-08-30,,,Football,Eredivisie,SC Cambuur-Leeuwarden,FC Twente '65,FC Twente '65,away,0.423,42.3,No read,,Board,0,0,won,✓,1,1,0.6874,FC Twente '65,1-4,1-1,0,legacy-unverified,,
2026-08-30,,,Football,Premier League,Sunderland,Fulham,Sunderland,home,0.4144,41.4,No read,,Board,0,0,won,✓,1,1,0.7085,Sunderland,1-0,1-1,0,legacy-unverified,,
2026-08-30,,,Football,Eredivisie,Telstar 1963,AFC Ajax,AFC Ajax,away,0.3998,40.0,No read,,Board,0,0,won,✓,1,1,0.6661,AFC Ajax,0-4,1-1,0,legacy-unverified,,
2026-08-30,,,Football,Ligue 1,AS Monaco,Olympique de Marseille,AS Monaco,home,0.3986,39.9,No read,,Board,0,0,won,✓,1,1,0.6454,AS Monaco,2-0,1-1,0,legacy-unverified,,
2026-08-30,,,Football,Eredivisie,Willem II Tilburg,SC Heerenveen,Willem II Tilburg,home,0.398,39.8,No read,,Board,0,0,won,✓,1,0,0.6586,Draw,2-2,1-1,1,legacy-unverified,,
2026-08-30,,,Football,Premier League,Leeds United,Brentford,Leeds United,home,0.3934,39.3,No read,,Board,0,0,won,✓,1,0,0.6691,Draw,1-1,1-1,1,legacy-unverified,,
2026-08-30,,,Football,Bundesliga,FC Augsburg,FC Schalke 04,FC Augsburg,home,0.3787,37.9,No read,,Board,0,0,won,✓,1,1,0.6646,FC Augsburg,3-0,1-1,0,legacy-unverified,celtic,
2026-08-30,,,Football,Primeira Liga,FC Famalicão,Gil Vicente,FC Famalicão,home,0.3704,37.0,No read,,Board,0,0,won,✓,1,0,0.6871,Draw,0-0,1-1,1,legacy-unverified,,
2026-08-30,,,Football,Serie A,SSC Napoli,Como 1907,SSC Napoli,home,0.3701,37.0,No read,,Board,0,0,lost,✗,0,0,0.671,Como 1907,1-2,1-1,0,legacy-unverified,,
2026-08-30,,,Football,Primeira Liga,Casa Pia,Moreirense,Moreirense,away,0.3657,36.6,No read,,Board,0,0,won,✓,1,1,0.6582,Moreirense,0-1,1-1,0,legacy-unverified,,
2026-08-30,,,Football,Premiership,Aberdeen,Rangers,Rangers,away,0.3439,34.4,No read,,Board,0,0,won,✓,1,1,0.68,Rangers,0-1,0-0,0,legacy-unverified,,
2026-08-31,,,Football,Primeira Liga,Sport Lisboa e Benfica,GD Estoril Praia,Sport Lisboa e Benfica,home,0.7407,74.1,Strong,,Board,0,0,won,✓,1,1,0.7407,Sport Lisboa e Benfica,2-1,2-0,0,legacy-unverified,,
2026-08-31,,,Football,La Liga,FC Barcelona,Rayo Vallecano de Madrid,FC Barcelona,home,0.6972,69.7,Firm,,Board,0,0,won,✓,1,1,0.6972,FC Barcelona,5-2,2-0,0,legacy-unverified,,
2026-08-31,,,Football,Primeira Liga,Sporting Clube de Braga,Vitória Guimarães,Sporting Clube de Braga,home,0.6187,61.9,Lean,,Board,0,0,won,✓,1,1,0.6187,Sporting Clube de Braga,1-0,2-0,0,legacy-unverified,,
2026-08-31,,,Football,Super League,Levadiakos,Panathinaikos,Levadiakos,home,0.5446,54.5,No read,,Board,0,0,lost,✗,0,0,0.7931,Panathinaikos,0-2,1-1,0,legacy-unverified,,
2026-08-31,,,Football,National League,Eastleigh,Aldershot Town,Eastleigh,home,0.5432,54.3,No read,,Board,0,0,won,✓,1,0,0.7768,Draw,1-1,1-1,1,legacy-unverified,,
2026-08-31,,,Football,National League,Harrogate Town,Gateshead,Harrogate Town,home,0.5297,53.0,No read,,Board,0,0,won,✓,1,1,0.7636,Harrogate Town,2-1,1-1,0,legacy-unverified,celtic,
2026-08-31,,,Football,National League,Yeovil Town,Tamworth,Yeovil Town,home,0.4911,49.1,No read,,Board,0,0,won,✓,1,1,0.4911,Yeovil Town,3-2,1-0,0,legacy-unverified,,
2026-08-31,,,Football,Serie A,US Lecce,AS Roma,AS Roma,away,0.4889,48.9,No read,,Board,0,0,won,✓,1,1,0.4889,AS Roma,0-4,0-1,0,legacy-unverified,,
2026-08-31,,,Football,Serie A,Atalanta BC,Bologna FC 1909,Atalanta BC,home,0.4865,48.6,No read,,Board,0,0,won,✓,1,1,0.7692,Atalanta BC,1-0,1-1,0,legacy-unverified,,
2026-08-31,,,Football,Premier League,Aston Villa,Arsenal,Arsenal,away,0.461,46.1,No read,,Board,0,0,won,✓,1,1,0.742,Arsenal,0-1,1-1,0,legacy-unverified,,
2026-08-31,,,Football,National League,Solihull Moors,AFC Fylde,Solihull Moors,home,0.4212,42.1,No read,,Board,0,0,lost,✗,0,0,0.6915,AFC Fylde,1-3,1-1,0,legacy-unverified,celtic unrated,
2026-08-31,,,Football,La Liga,CA Osasuna,Getafe,CA Osasuna,home,0.4156,41.6,No read,,Board,0,0,won,✓,1,1,0.4156,CA Osasuna,1-0,1-0,0,legacy-unverified,,
2026-08-31,,,Football,National League,Boston United,AFC Hornchurch,AFC Hornchurch,away,0.3844,38.4,No read,,Board,0,0,won,✓,1,1,0.6703,AFC Hornchurch,2-3,1-1,0,legacy-unverified,celtic unrated,
2026-08-31,,,Football,Serie A,Clube do Remo,Coritiba FBC,Clube do Remo,home,0.3753,37.5,No read,,Board,0,0,lost,✗,0,0,0.6612,Coritiba FBC,2-3,1-1,0,legacy-unverified,,
2026-08-31,,,Football,National League,Kidderminster Harriers,Barrow,Kidderminster Harriers,home,0.3667,36.7,No read,,Board,0,0,won,✓,1,0,0.6784,Draw,1-1,1-1,1,legacy-unverified,celtic unrated,
2026-08-31,,,Football,National League,Worthing,Boreham Wood,Boreham Wood,away,0.3644,36.4,No read,,Board,0,0,won,✓,1,1,0.6481,Boreham Wood,2-3,1-1,0,legacy-unverified,celtic unrated,
2026-09-01,,,Football,Bundesliga,Wolfsberger,LASK Linz,Wolfsberger,home,0.5721,57.2,No read,,Board,0,0,lost,✗,0,0,0.5721,LASK Linz,1-3,1-0,0,legacy-unverified,celtic unrated,
2026-09-01,,,Football,Championship,West Ham United,Wolverhampton Wanderers,West Ham United,home,0.4803,48.0,No read,,Board,0,0,won,✓,1,1,0.7548,West Ham United,4-2,1-1,0,legacy-unverified,celtic,
2026-09-01,,,Football,Championship,Swansea City,Watford,Swansea City,home,0.4663,46.6,No read,,Board,0,0,won,✓,1,1,0.7464,Swansea City,2-0,1-1,0,legacy-unverified,,
2026-09-01,,,Football,Championship,Lincoln City,Blackburn Rovers,Lincoln City,home,0.4369,43.7,No read,,Board,0,0,won,✓,1,0,0.7339,Draw,0-0,1-1,1,legacy-unverified,celtic,
2026-09-01,,,Football,Championship,Sheffield United,Bolton Wanderers,Sheffield United,home,0.4076,40.8,No read,,Board,0,0,won,✓,1,1,0.6995,Sheffield United,3-2,1-1,0,legacy-unverified,celtic,
2026-09-01,,,Football,Championship,Preston North End,Bristol City,Preston North End,home,0.4045,40.5,No read,,Board,0,0,lost,✗,0,0,0.6932,Bristol City,1-3,1-1,0,legacy-unverified,,
2026-09-01,,,Football,Championship,Stoke City,Norwich City,Stoke City,home,0.3975,39.8,No read,,Board,0,0,won,✓,1,1,0.6951,Stoke City,1-0,1-1,0,legacy-unverified,,
2026-09-01,,,Football,Championship,Portsmouth,Derby County,Portsmouth,home,0.3868,38.7,No read,,Board,0,0,lost,✗,0,0,0.668,Derby County,0-2,1-1,0,legacy-unverified,,
2026-09-01,,,Football,Championship,Birmingham City,Southampton,Birmingham City,home,0.3646,36.5,No read,,Board,0,0,won,✓,1,0,0.6479,Draw,1-1,1-1,1,legacy-unverified,,
2026-09-02,,,Football,Serie A,CR Flamengo,Mirassol,CR Flamengo,home,0.6763,67.6,Firm,,Board,0,0,won,✓,1,1,0.6763,CR Flamengo,2-0,2-0,0,legacy-unverified,,
2026-09-02,,,Football,Premiership,Celtic,Aberdeen,Celtic,home,0.5586,55.9,Lean,,Board,0,0,won,✓,1,1,0.5586,Celtic,3-0,1-0,0,legacy-unverified,,
2026-09-02,,,Football,Championship,Millwall,Wrexham,Millwall,home,0.4938,49.4,No read,,Board,0,0,lost,✗,0,0,0.7597,Wrexham,0-3,1-1,0,legacy-unverified,,
2026-09-02,,,Football,Premiership,Motherwell,Dundee United,Motherwell,home,0.4861,48.6,No read,,Board,0,0,won,✓,1,1,0.732,Motherwell,3-0,1-1,0,legacy-unverified,,
2026-09-02,,,Football,Championship,West Bromwich Albion,Charlton Athletic,West Bromwich Albion,home,0.4166,41.7,No read,,Board,0,0,won,✓,1,0,0.7161,Draw,1-1,1-1,1,legacy-unverified,,
2026-09-02,,,Football,Championship,Burnley,Middlesbrough,Middlesbrough,away,0.4097,41.0,No read,,Board,0,0,won,✓,1,0,0.6901,Draw,1-1,1-1,1,legacy-unverified,celtic,
2026-09-02,,,Football,Premiership,Falkirk,Rangers,Rangers,away,0.3627,36.3,No read,,Board,0,0,won,✓,1,1,0.6459,Rangers,1-2,1-1,0,legacy-unverified,,
2026-09-02,,,Football,Championship,Queens Park Rangers,Cardiff City,Cardiff City,away,0.3612,36.1,No read,,Board,0,0,lost,✗,0,0,0.6416,Queens Park Rangers,2-1,1-1,0,legacy-unverified,celtic,
2026-09-03,,,Football,Premiership,Hibernian,Heart of Midlothian,Heart of Midlothian,away,0.4557,45.6,No read,,Board,0,0,won,✓,1,1,0.7123,Heart of Midlothian,1-3,1-1,0,legacy-unverified,,
2026-09-03,,,Football,La Liga,Real Sociedad de Fútbol,RC Celta de Vigo,Real Sociedad de Fútbol,home,0.4265,42.6,No read,,Board,0,0,won,✓,1,0,0.7003,Draw,0-0,1-1,1,legacy-unverified,,
2026-09-03,,,Football,Ligue 1,Toulouse,Lille OSC,Lille OSC,away,0.3707,37.1,No read,,Board,0,0,won,✓,1,1,0.6529,Lille OSC,0-1,1-1,0,legacy-unverified,,
2026-09-04,,,Football,Primeira Liga,FC Porto,Moreirense,FC Porto,home,0.7385,73.9,Strong,,Board,0,0,won,✓,1,1,0.7385,FC Porto,2-1,2-0,0,legacy-unverified,,
2026-09-04,,,Football,Bundesliga,VfB Stuttgart,1. FC Köln,VfB Stuttgart,home,0.6007,60.1,Lean,,Board,0,0,won,✓,1,1,0.6007,VfB Stuttgart,4-1,2-1,0,legacy-unverified,,
2026-09-04,,,Football,Ligue 1,Olympique Lyonnais,AJ Auxerre,Olympique Lyonnais,home,0.579,57.9,Lean,,Board,0,0,won,✓,1,1,0.579,Olympique Lyonnais,3-1,1-0,0,legacy-unverified,,
2026-09-04,,,Football,Ligue 1,Paris Saint-Germain,AS Monaco,Paris Saint-Germain,home,0.5785,57.9,Lean,,Board,0,0,lost,✗,0,0,0.5785,AS Monaco,1-2,2-1,0,legacy-unverified,,
2026-09-04,,,Football,Serie A,Genoa CFC,Como 1907,Como 1907,away,0.4867,48.7,No read,,Board,0,0,won,✓,1,1,0.4867,Como 1907,1-4,0-1,0,legacy-unverified,,
2026-09-04,,,Football,Eredivisie,Sparta Rotterdam,PEC Zwolle,Sparta Rotterdam,home,0.4845,48.4,No read,,Board,0,0,won,✓,1,0,0.7423,Draw,2-2,1-1,1,legacy-unverified,,
2026-09-04,,,Football,La Liga,Real Betis Balompié,Real Madrid,Real Madrid,away,0.4507,45.1,No read,,Board,0,0,lost,✗,0,0,0.7107,Real Betis Balompié,1-0,1-1,0,legacy-unverified,,
2026-09-04,,,Football,Premier League,Ipswich Town,Liverpool,Ipswich Town,home,0.4095,40.9,No read,,Board,0,0,lost,✗,0,0,0.6671,Liverpool,0-2,1-1,0,legacy-unverified,celtic,
2026-09-04,,,Football,National League,Altrincham,Eastleigh,Altrincham,home,0.3962,39.6,No read,,Board,0,0,won,✓,1,1,0.6823,Altrincham,2-1,1-1,0,legacy-unverified,,
2026-09-05,,,Football,Primeira Liga,Sporting Clube de Portugal,CD Nacional,Sporting Clube de Portugal,home,0.7288,72.9,Strong,,Board,0,0,won,✓,1,1,0.7288,Sporting Clube de Portugal,2-0,2-0,0,legacy-unverified,,
2026-09-05,,,Football,Premier League,Manchester City,Coventry City,Manchester City,home,0.638,63.8,Lean,,Board,0,0,won,✓,1,1,0.638,Manchester City,1-0,2-0,0,legacy-unverified,celtic,
2026-09-05,,,Football,Bundesliga,FC Schalke 04,FC Bayern München,FC Bayern München,away,0.6036,60.4,No read,,Board,0,0,lost,✗,0,0,0.6036,Draw,0-0,1-2,0,legacy-unverified,celtic,
2026-09-05,,,Football,Ligue 1,Racing Club de Lens,FC Lorient,Racing Club de Lens,home,0.6028,60.3,Lean,,Board,0,0,lost,✗,0,0,0.6028,FC Lorient,0-1,2-0,0,legacy-unverified,,
2026-09-05,,,Football,Bundesliga,Bayer 04 Leverkusen,1. FC Union Berlin,Bayer 04 Leverkusen,home,0.5989,59.9,Lean,,Board,0,0,won,✓,1,1,0.5989,Bayer 04 Leverkusen,4-0,2-1,0,legacy-unverified,,
2026-09-05,,,Football,Serie A,FC Internazionale Milano,SSC Napoli,FC Internazionale Milano,home,0.5774,57.7,Lean,,Board,0,0,won,✓,1,1,0.8108,FC Internazionale Milano,3-2,1-1,0,legacy-unverified,,
2026-09-05,,,Football,Serie A,Fluminense,CR Vasco da Gama,Fluminense,home,0.57,57.0,Lean,,Board,0,0,won,✓,1,1,0.8107,Fluminense,1-0,1-1,0,legacy-unverified,,
2026-09-05,,,Football,Premiership,Dundee United,Falkirk,Dundee United,home,0.5404,54.0,No read,,Board,0,0,lost,✗,0,0,0.5404,Draw,1-1,2-1,0,legacy-unverified,,
2026-09-05,,,Football,Serie A,AS Roma,Atalanta BC,AS Roma,home,0.5109,51.1,No read,,Board,0,0,won,✓,1,1,0.5109,AS Roma,2-1,1-0,0,legacy-unverified,,
2026-09-05,,,Football,Primeira Liga,CS Marítimo,Sport Lisboa e Benfica,Sport Lisboa e Benfica,away,0.5028,50.3,No read,,Board,0,0,won,✓,1,1,0.7568,Sport Lisboa e Benfica,0-3,1-1,0,legacy-unverified,,
2026-09-05,,,Football,Primeira Liga,FC Alverca,Sporting Clube de Braga,Sporting Clube de Braga,away,0.4941,49.4,No read,,Board,0,0,won,✓,1,1,0.757,Sporting Clube de Braga,1-2,1-1,0,legacy-unverified,,
2026-09-05,,,Football,Premier League,Brighton & Hove Albion,Leeds United,Brighton & Hove Albion,home,0.4935,49.4,No read,,Board,0,0,won,✓,1,0,0.7568,Draw,1-1,1-1,1,legacy-unverified,,
2026-09-05,,,Football,Premier League,Brentford,Sunderland,Brentford,home,0.4829,48.3,No read,,Board,0,0,won,✓,1,0,0.7597,Draw,1-1,1-1,1,legacy-unverified,,
2026-09-05,,,Football,Premier League,Nottingham Forest,Tottenham Hotspur,Nottingham Forest,home,0.477,47.7,No read,,Board,0,0,won,✓,1,0,0.754,Draw,0-0,1-1,1,legacy-unverified,,
2026-09-05,,,Football,Championship,West Ham United,Derby County,West Ham United,home,0.4766,47.7,No read,,Board,0,0,won,✓,1,1,0.7441,West Ham United,3-0,1-1,0,legacy-unverified,celtic,
2026-09-05,,,Football,Bundesliga,SV Werder Bremen,RB Leipzig,RB Leipzig,away,0.4731,47.3,No read,,Board,0,0,lost,✗,0,0,0.7311,SV Werder Bremen,3-1,1-1,0,legacy-unverified,,
2026-09-05,,,Football,Championship,Swansea City,Wrexham,Swansea City,home,0.4731,47.3,No read,,Board,0,0,won,✓,1,0,0.7468,Draw,0-0,1-1,1,legacy-unverified,,
2026-09-05,,,Football,Eredivisie,NEC,Feyenoord Rotterdam,NEC,home,0.4628,46.3,No read,,Board,0,0,lost,✗,0,0,0.6983,Feyenoord Rotterdam,1-3,1-1,0,legacy-unverified,,
2026-09-05,,,Football,Championship,Millwall,Bolton Wanderers,Millwall,home,0.4619,46.2,No read,,Board,0,0,won,✓,1,1,0.7527,Millwall,4-0,1-1,0,legacy-unverified,celtic,
2026-09-05,,,Football,Premier League,Fulham,Crystal Palace,Fulham,home,0.4616,46.2,No read,,Board,0,0,lost,✗,0,0,0.7506,Crystal Palace,2-3,1-1,0,legacy-unverified,,
2026-09-05,,,Football,Premier League,Newcastle United,AFC Bournemouth,Newcastle United,home,0.4557,45.6,No read,,Board,0,0,won,✓,1,0,0.7188,Draw,2-2,1-1,1,legacy-unverified,,
2026-09-05,,,Football,Bundesliga,SC Paderborn 07,SC Freiburg,SC Paderborn 07,home,0.4453,44.5,No read,,Board,0,0,lost,✗,0,0,0.7058,SC Freiburg,0-1,1-1,0,legacy-unverified,celtic,
2026-09-05,,,Football,Championship,West Bromwich Albion,Watford,West Bromwich Albion,home,0.4412,44.1,No read,,Board,0,0,won,✓,1,1,0.7281,West Bromwich Albion,1-0,1-1,0,legacy-unverified,,
2026-09-05,,,Football,Eredivisie,Willem II Tilburg,SBV Excelsior,Willem II Tilburg,home,0.4397,44.0,No read,,Board,0,0,lost,✗,0,0,0.7007,SBV Excelsior,0-3,1-1,0,legacy-unverified,,
2026-09-05,,,Football,La Liga,Athletic Club,Club Atlético de Madrid,Club Atlético de Madrid,away,0.4372,43.7,No read,,Board,0,0,lost,✗,0,0,0.7107,Athletic Club,3-0,1-1,0,legacy-unverified,,
2026-09-05,,,Football,Serie A,ACF Fiorentina,Torino,ACF Fiorentina,home,0.4297,43.0,No read,,Board,0,0,lost,✗,0,0,0.7104,Torino,1-2,1-1,0,legacy-unverified,,
2026-09-05,,,Football,Championship,Sheffield United,Norwich City,Sheffield United,home,0.4295,43.0,No read,,Board,0,0,lost,✗,0,0,0.7084,Norwich City,1-3,1-1,0,legacy-unverified,,
2026-09-06,,,Football,Premiership,Heart of Midlothian,Dundee,Heart of Midlothian,home,0.7788,77.9,Strong,,Board,0,0,won,✓,1,1,0.7788,Heart of Midlothian,2-1,2-0,0,legacy-unverified,,
2026-09-06,,,Football,Super League,Levadiakos,Panetolikos,Levadiakos,home,0.698,69.8,Firm,,Board,0,0,lost,✗,0,0,0.698,Panetolikos,0-2,2-0,0,legacy-unverified,,
2026-09-06,,,Football,Premier League,Arsenal,Chelsea,Arsenal,home,0.6159,61.6,Lean,,Board,0,0,won,✓,1,1,0.6159,Arsenal,2-1,2-0,0,legacy-unverified,,
2026-09-06,,,Football,La Liga,Valencia,FC Barcelona,FC Barcelona,away,0.5932,59.3,Lean,,Board,0,0,won,✓,1,1,0.5932,FC Barcelona,0-5,0-2,0,legacy-unverified,,
2026-09-06,,,Football,Serie A,Clube do Remo,CR Flamengo,CR Flamengo,away,0.5567,55.7,Lean,,Board,0,0,won,✓,1,1,0.8047,CR Flamengo,0-1,1-1,0,legacy-unverified,,
2026-09-06,,,Football,Primeira Liga,Vitória Guimarães,Casa Pia,Vitória Guimarães,home,0.5439,54.4,No read,,Board,0,0,lost,✗,0,0,0.5439,Draw,0-0,1-0,0,legacy-unverified,,
2026-09-06,,,Football,Serie A,SC Corinthians Paulista,Chapecoense AF,SC Corinthians Paulista,home,0.5362,53.6,No read,,Board,0,0,lost,✗,0,0,0.5362,Chapecoense AF,1-2,1-0,0,legacy-unverified,,
2026-09-06,,,Football,Primeira Liga,Gil Vicente,Académico de Viseu,Gil Vicente,home,0.5341,53.4,No read,,Board,0,0,lost,✗,0,0,0.5341,Académico de Viseu,0-1,1-0,0,legacy-unverified,,
2026-09-06,,,Football,Primeira Liga,CD Santa Clara,Rio Ave,CD Santa Clara,home,0.5236,52.4,No read,,Board,0,0,won,✓,1,1,0.5236,CD Santa Clara,4-0,1-0,0,legacy-unverified,,
2026-09-06,,,Football,Ligue 1,Olympique de Marseille,Paris,Olympique de Marseille,home,0.5173,51.7,No read,,Board,0,0,lost,✗,0,0,0.7645,Paris,2-3,1-1,0,legacy-unverified,,
2026-09-06,,,Football,Bundesliga,Eintracht Frankfurt,FC Augsburg,Eintracht Frankfurt,home,0.5123,51.2,No read,,Board,0,0,lost,✗,0,0,0.5123,FC Augsburg,1-4,2-1,0,legacy-unverified,,
2026-09-06,,,Football,Eredivisie,Telstar 1963,SC Cambuur-Leeuwarden,Telstar 1963,home,0.4845,48.4,No read,,Board,0,0,won,✓,1,0,0.7349,Draw,2-2,1-1,1,legacy-unverified,,
2026-09-06,,,Football,Serie A,Coritiba FBC,Mirassol,Coritiba FBC,home,0.4735,47.3,No read,,Board,0,0,lost,✗,0,0,0.7475,Mirassol,1-2,1-1,0,legacy-unverified,,
2026-09-06,,,Football,Serie A,Juventus,AC Milan,Juventus,home,0.4568,45.7,No read,,Board,0,0,won,✓,1,0,0.7449,Draw,1-1,1-1,1,legacy-unverified,,
2026-09-06,,,Football,Serie A,Botafogo FR,SE Palmeiras,SE Palmeiras,away,0.4549,45.5,No read,,Board,0,0,won,✓,1,0,0.7244,Draw,0-0,1-1,1,legacy-unverified,,
2026-09-06,,,Football,Serie A,Frosinone Calcio,Venezia,Frosinone Calcio,home,0.4511,45.1,No read,,Board,0,0,won,✓,1,1,0.733,Frosinone Calcio,3-2,1-1,0,legacy-unverified,celtic,
2026-09-06,,,Football,Championship,Birmingham City,Wolverhampton Wanderers,Birmingham City,home,0.4381,43.8,No read,,Board,0,0,won,✓,1,0,0.7256,Draw,2-2,1-1,1,legacy-unverified,celtic,
2026-09-06,,,Football,La Liga,RCD Espanyol de Barcelona,Sevilla,RCD Espanyol de Barcelona,home,0.4365,43.6,No read,,Board,0,0,won,✓,1,0,0.708,Draw,1-1,1-1,1,legacy-unverified,,
2026-09-06,,,Football,Ligue 1,ES Troyes,RC Strasbourg Alsace,ES Troyes,home,0.4365,43.6,No read,,Board,0,0,lost,✗,0,0,0.6992,RC Strasbourg Alsace,2-6,1-1,0,legacy-unverified,,
2026-09-06,,,Football,Eredivisie,ADO Den Haag,Fortuna Sittard,ADO Den Haag,home,0.4317,43.2,No read,,Board,0,0,lost,✗,0,0,0.6885,Fortuna Sittard,2-3,1-1,0,legacy-unverified,,
2026-09-06,,,Football,Serie A,Bologna FC 1909,US Sassuolo Calcio,Bologna FC 1909,home,0.4265,42.6,No read,,Board,0,0,won,✓,1,0,0.716,Draw,2-2,1-1,1,legacy-unverified,,
2026-09-06,,,Football,La Liga,Deportivo Alavés,CA Osasuna,Deportivo Alavés,home,0.4186,41.9,No read,,Board,0,0,won,✓,1,1,0.7138,Deportivo Alavés,5-2,1-1,0,legacy-unverified,,
2026-09-06,,,Football,Super Lig,Kocaelispor,Samsunspor,Samsunspor,away,0.4127,41.3,No read,,Board,0,0,lost,✗,0,0,0.7098,Kocaelispor,1-0,1-1,0,legacy-unverified,,
2026-09-06,,,Football,Bundesliga,Hamburger,1. FSV Mainz 05,Hamburger,home,0.4037,40.4,No read,,Board,0,0,lost,✗,0,0,0.6906,1. FSV Mainz 05,0-5,1-1,0,legacy-unverified,,
2026-09-06,,,Football,Ligue 1,Angers SCO,Stade Rennais FC 1901,Stade Rennais FC 1901,away,0.4022,40.2,No read,,Board,0,0,won,✓,1,1,0.6778,Stade Rennais FC 1901,1-2,1-1,0,legacy-unverified,,
2026-09-06,,,Football,Serie A,SC Internacional,Santos,SC Internacional,home,0.3939,39.4,No read,,Board,0,0,lost,✗,0,0,0.686,Santos,2-3,1-1,0,legacy-unverified,,
2026-09-06,,,Football,Serie A,Cruzeiro EC,CA Paranaense,Cruzeiro EC,home,0.386,38.6,No read,,Board,0,0,won,✓,1,1,0.674,Cruzeiro EC,3-1,1-1,0,legacy-unverified,,
2026-09-06,,,Football,Premier League,Everton,Manchester United,Everton,home,0.3846,38.5,No read,,Board,0,0,won,✓,1,0,0.6553,Draw,2-2,1-1,1,legacy-unverified,,
2026-09-06,,,Football,La Liga,Málaga,Levante,Levante,away,0.3754,37.5,No read,,Board,0,0,won,✓,1,0,0.6552,Draw,0-0,1-1,1,legacy-unverified,celtic,
2026-09-06,,,Football,Eredivisie,SC Heerenveen,AZ,SC Heerenveen,home,0.3715,37.1,No read,,Board,0,0,lost,✗,0,0,0.6318,AZ,2-3,1-1,0,legacy-unverified,,
2026-09-06,,,Football,Eredivisie,FC Groningen,FC Twente '65,FC Twente '65,away,0.366,36.6,No read,,Board,0,0,won,✓,1,0,0.6381,Draw,2-2,1-1,1,legacy-unverified,,
2026-09-06,,,Football,Serie A,Parma Calcio 1913,AC Monza,AC Monza,away,0.3424,34.2,No read,,Board,0,0,won,✓,1,0,0.6709,Draw,1-1,0-0,1,legacy-unverified,celtic,
2026-09-07,,,Football,Serie A,Cagliari Calcio,US Lecce,Cagliari Calcio,home,0.4637,46.4,No read,,Board,0,0,won,✓,1,1,0.4637,Cagliari Calcio,1-0,1-0,0,legacy-unverified,,
2026-09-07,,,Football,Primeira Liga,GD Estoril Praia,FC Arouca,GD Estoril Praia,home,0.4062,40.6,No read,,Board,0,0,won,✓,1,0,0.6631,Draw,0-0,1-1,1,legacy-unverified,,
2026-09-07,,,Football,La Liga,Elche,Real Sociedad de Fútbol,Elche,home,0.4045,40.5,No read,,Board,0,0,lost,✗,0,0,0.6661,Real Sociedad de Fútbol,2-3,1-1,0,legacy-unverified,,
2026-09-07,,,Football,Serie A,Udinese Calcio,SS Lazio,Udinese Calcio,home,0.3891,38.9,No read,,Board,0,0,lost,✗,0,0,0.6914,SS Lazio,1-2,1-1,0,legacy-unverified,,
2026-09-07,,,Football,La Liga,Getafe,RC Celta de Vigo,Getafe,home,0.3647,36.5,No read,,Board,0,0,won,✓,1,0,0.6966,Draw,1-1,0-0,1,legacy-unverified,,
2026-09-07,,,Football,Serie A,EC Vitória,Grêmio FBPA,EC Vitória,home,0.3533,35.3,No read,,Board,0,0,won,✓,1,1,0.6636,EC Vitória,1-0,1-1,0,legacy-unverified,,
2026-09-08,,,Football,Championship,Cardiff City,Stoke City,Cardiff City,home,0.5809,58.1,No read,,Board,0,0,lost,✗,0,0,0.5809,Draw,1-1,1-0,0,legacy-unverified,celtic,
2026-09-08,,,Football,Eredivisie,NEC,SBV Excelsior,NEC,home,0.5777,57.8,Lean,,Board,0,0,lost,✗,0,0,0.5777,Draw,2-2,2-1,0,legacy-unverified,,
2026-09-08,,,Football,Championship,Southampton,Swansea City,Southampton,home,0.5188,51.9,No read,,Board,0,0,won,✓,1,1,0.774,Southampton,3-1,1-1,0,legacy-unverified,,
2026-09-08,,,Football,Championship,Wrexham,Burnley,Wrexham,home,0.5042,50.4,No read,,Board,0,0,won,✓,1,0,0.7614,Draw,1-1,1-1,1,legacy-unverified,celtic,
2026-09-08,,,Football,Championship,Watford,Preston North End,Watford,home,0.4654,46.5,No read,,Board,0,0,won,✓,1,1,0.7497,Watford,2-1,1-1,0,legacy-unverified,,
2026-09-08,,,Football,Championship,Bolton Wanderers,West Ham United,Bolton Wanderers,home,0.4225,42.2,No read,,Board,0,0,lost,✗,0,0,0.7169,West Ham United,2-3,1-1,0,legacy-unverified,celtic,
2026-09-08,,,Football,Championship,Blackburn Rovers,Sheffield United,Blackburn Rovers,home,0.3905,39.1,No read,,Board,0,0,lost,✗,0,0,0.6899,Sheffield United,1-2,1-1,0,legacy-unverified,,
2026-09-09,,,Football,Primeira Liga,Moreirense,Sport Lisboa e Benfica,Sport Lisboa e Benfica,away,0.6572,65.7,Firm,,Board,0,0,won,✓,1,1,0.6572,Sport Lisboa e Benfica,0-4,0-2,0,legacy-unverified,,
2026-09-09,,,Football,Eredivisie,FC Twente '65,Telstar 1963,FC Twente '65,home,0.6188,61.9,Lean,,Board,0,0,won,✓,1,1,0.8349,FC Twente '65,1-0,1-1,0,legacy-unverified,,
2026-09-09,,,Football,Championship,Norwich City,Birmingham City,Norwich City,home,0.4486,44.9,No read,,Board,0,0,won,✓,1,1,0.7268,Norwich City,2-1,1-1,0,legacy-unverified,,
2026-09-09,,,Football,Championship,Derby County,West Bromwich Albion,Derby County,home,0.4184,41.8,No read,,Board,0,0,lost,✗,0,0,0.7012,West Bromwich Albion,0-1,1-1,0,legacy-unverified,,
2026-09-09,,,Football,Championship,Charlton Athletic,Queens Park Rangers,Charlton Athletic,home,0.3969,39.7,No read,,Board,0,0,won,✓,1,0,0.6883,Draw,0-0,1-1,1,legacy-unverified,,
2026-09-10,,,Football,Super League,Panathinaikos,Kifisia,Panathinaikos,home,0.546,54.6,No read,,Board,0,0,won,✓,1,1,0.7869,Panathinaikos,3-1,1-1,0,legacy-unverified,,
2026-09-10,,,Football,Primeira Liga,CF Estrela da Amadora,Sporting Clube de Braga,Sporting Clube de Braga,away,0.4656,46.6,No read,,Board,0,0,lost,✗,0,0,0.7118,CF Estrela da Amadora,2-1,1-1,0,legacy-unverified,,
2026-09-11,,,Football,Eredivisie,AZ,Willem II Tilburg,AZ,home,0.6781,67.8,Firm,,Board,0,0,lost,✗,0,0,0.6781,Draw,1-1,2-1,0,legacy-unverified,,
2026-09-11,,,Football,Serie A,Venezia,ACF Fiorentina,Venezia,home,0.536,53.6,No read,,Board,0,0,lost,✗,0,0,0.7977,ACF Fiorentina,2-4,1-1,0,legacy-unverified,celtic,
2026-09-11,,,Football,La Liga,Sevilla,Valencia,Sevilla,home,0.5265,52.6,No read,,Board,0,0,won,✓,1,1,0.7821,Sevilla,1-0,1-1,0,legacy-unverified,,
2026-09-11,,,Football,Bundesliga,1. FC Union Berlin,FC Schalke 04,1. FC Union Berlin,home,0.5048,50.5,No read,,Board,0,0,lost,✗,0,0,0.7515,FC Schalke 04,1-3,1-1,0,legacy-unverified,celtic,
2026-09-11,,,Football,Ligue 1,Stade Rennais FC 1901,Olympique de Marseille,Stade Rennais FC 1901,home,0.4621,46.2,No read,,Board,0,0,won,✓,1,1,0.699,Stade Rennais FC 1901,1-0,1-1,0,legacy-unverified,,
2026-09-11,,,Football,Championship,West Ham United,Wrexham,West Ham United,home,0.4486,44.9,No read,,Board,0,0,won,✓,1,1,0.7335,West Ham United,6-0,1-1,0,legacy-unverified,celtic,
2026-09-11,,,Football,Serie A,Coritiba FBC,CA Paranaense,Coritiba FBC,home,0.4142,41.4,No read,,Board,0,0,won,✓,1,0,0.6923,Draw,3-3,1-1,1,legacy-unverified,celtic,
2026-09-12,,,Football,Primeira Liga,Casa Pia,FC Porto,FC Porto,away,0.7477,74.8,Strong,,Board,0,0,won,✓,1,1,0.7477,FC Porto,1-4,0-2,0,legacy-unverified,,
2026-09-12,,,Football,Bundesliga,Borussia Dortmund,SC Paderborn 07,Borussia Dortmund,home,0.7155,71.5,Firm,,Board,0,0,won,✓,1,1,0.7155,Borussia Dortmund,3-0,2-0,0,legacy-unverified,celtic,
2026-09-12,,,Football,La Liga,Real Madrid,Rayo Vallecano de Madrid,Real Madrid,home,0.7086,70.9,Strong,,Board,0,0,won,✓,1,1,0.7086,Real Madrid,4-1,2-0,0,legacy-unverified,,
2026-09-12,,,Football,Eredivisie,FC Twente '65,ADO Den Haag,FC Twente '65,home,0.6331,63.3,Firm,,Board,0,0,won,✓,1,1,0.6331,FC Twente '65,2-0,2-0,0,legacy-unverified,,
2026-09-12,,,Football,National League,Harrogate Town,Tamworth,Harrogate Town,home,0.6301,63.0,Lean,,Board,0,0,won,✓,1,1,0.6301,Harrogate Town,3-1,2-1,0,legacy-unverified,celtic,
2026-09-12,,,Football,Serie A,SE Palmeiras,São Paulo,SE Palmeiras,home,0.5887,58.9,Lean,,Board,0,0,won,✓,1,1,0.5887,SE Palmeiras,2-0,1-0,0,legacy-unverified,,
2026-09-12,,,Football,Championship,Swansea City,Burnley,Swansea City,home,0.5827,58.3,No read,,Board,0,0,won,✓,1,1,0.5827,Swansea City,3-1,1-0,0,legacy-unverified,celtic,
2026-09-12,,,Football,Premier League,Liverpool,Fulham,Liverpool,home,0.5722,57.2,Lean,,Board,0,0,won,✓,1,0,0.802,Draw,0-0,1-1,1,legacy-unverified,,
2026-09-12,,,Football,Bundesliga,SC Freiburg,Borussia Mönchengladbach,SC Freiburg,home,0.5604,56.0,Lean,,Board,0,0,won,✓,1,1,0.7932,SC Freiburg,5-0,1-1,0,legacy-unverified,,
2026-09-12,,,Football,Championship,Southampton,Bristol City,Southampton,home,0.5522,55.2,Lean,,Board,0,0,won,✓,1,1,0.7888,Southampton,4-1,1-1,0,legacy-unverified,,
2026-09-12,,,Football,Premier League,Chelsea,Hull City,Chelsea,home,0.548,54.8,No read,,Board,0,0,won,✓,1,0,0.7784,Draw,2-2,1-1,1,legacy-unverified,celtic,
2026-09-12,,,Football,Serie A,Atalanta BC,Cagliari Calcio,Atalanta BC,home,0.5313,53.1,No read,,Board,0,0,lost,✗,0,0,0.5313,Cagliari Calcio,1-2,1-0,0,legacy-unverified,,
2026-09-12,,,Football,Championship,Middlesbrough,Norwich City,Middlesbrough,home,0.5281,52.8,No read,,Board,0,0,won,✓,1,1,0.7877,Middlesbrough,4-3,1-1,0,legacy-unverified,,
2026-09-12,,,Football,National League,Yeovil Town,AFC Fylde,Yeovil Town,home,0.526,52.6,No read,,Board,0,0,lost,✗,0,0,0.7697,AFC Fylde,1-4,1-1,0,legacy-unverified,,
2026-09-12,,,Football,Bundesliga,1. FC Köln,SV Werder Bremen,1. FC Köln,home,0.5079,50.8,No read,,Board,0,0,won,✓,1,0,0.7569,Draw,1-1,1-1,1,legacy-unverified,celtic,
2026-09-12,,,Football,Bundesliga,1. FSV Mainz 05,Eintracht Frankfurt,1. FSV Mainz 05,home,0.5075,50.7,No read,,Board,0,0,lost,✗,0,0,0.7419,Eintracht Frankfurt,1-3,1-1,0,legacy-unverified,,
2026-09-12,,,Football,Ligue 1,FC Lorient,Toulouse,FC Lorient,home,0.5073,50.7,No read,,Board,0,0,won,✓,1,0,0.7688,Draw,2-2,1-1,1,legacy-unverified,celtic,
2026-09-12,,,Football,Primeira Liga,CD Nacional,FC Alverca,CD Nacional,home,0.5006,50.1,No read,,Board,0,0,lost,✗,0,0,0.7676,FC Alverca,1-3,1-1,0,legacy-unverified,,
2026-09-12,,,Football,Championship,Charlton Athletic,Portsmouth,Charlton Athletic,home,0.4941,49.4,No read,,Board,0,0,won,✓,1,0,0.7673,Draw,0-0,1-1,1,legacy-unverified,celtic,
2026-09-12,,,Football,Premier League,Sunderland,Arsenal,Arsenal,away,0.4921,49.2,No read,,Board,0,0,won,✓,1,1,0.4921,Arsenal,0-2,0-1,0,legacy-unverified,,
2026-09-12,,,Football,National League,Boston United,Wealdstone,Boston United,home,0.4912,49.1,No read,,Board,0,0,lost,✗,0,0,0.7598,Wealdstone,1-3,1-1,0,legacy-unverified,,
2026-09-12,,,Football,La Liga,Athletic Club,Elche,Athletic Club,home,0.4884,48.8,No read,,Board,0,0,won,✓,1,0,0.7556,Draw,1-1,1-1,1,legacy-unverified,celtic,
2026-09-12,,,Football,Eredivisie,Go Ahead Eagles,FC Groningen,Go Ahead Eagles,home,0.4837,48.4,No read,,Board,0,0,won,✓,1,0,0.7249,Draw,1-1,1-1,1,legacy-unverified,,
2026-09-12,,,Football,Serie A,Grêmio FBPA,CR Vasco da Gama,Grêmio FBPA,home,0.4769,47.7,No read,,Board,0,0,lost,✗,0,0,0.7545,CR Vasco da Gama,1-2,1-1,0,legacy-unverified,,
2026-09-12,,,Football,Primeira Liga,Académico de Viseu,Vitória Guimarães,Académico de Viseu,home,0.4671,46.7,No read,,Board,0,0,won,✓,1,1,0.7485,Académico de Viseu,2-1,1-1,0,legacy-unverified,,
2026-09-12,,,Football,Eredivisie,SC Cambuur-Leeuwarden,NEC,NEC,away,0.4627,46.3,No read,,Board,0,0,lost,✗,0,0,0.6954,SC Cambuur-Leeuwarden,3-0,1-1,0,legacy-unverified,,
2026-09-12,,,Football,Ligue 1,RC Strasbourg Alsace,AS Monaco,RC Strasbourg Alsace,home,0.4604,46.0,No read,,Board,0,0,won,✓,1,0,0.6955,Draw,1-1,1-1,1,legacy-unverified,,
2026-09-12,,,Football,Ligue 1,AJ Auxerre,OGC Nice,AJ Auxerre,home,0.4471,44.7,No read,,Board,0,0,won,✓,1,1,0.7307,AJ Auxerre,1-0,1-1,0,legacy-unverified,,
2026-09-12,,,Football,La Liga,CA Osasuna,RCD Espanyol de Barcelona,CA Osasuna,home,0.4428,44.3,No read,,Board,0,0,lost,✗,0,0,0.7267,RCD Espanyol de Barcelona,0-2,1-1,0,legacy-unverified,,
2026-09-12,,,Football,Championship,West Bromwich Albion,Queens Park Rangers,West Bromwich Albion,home,0.4403,44.0,No read,,Board,0,0,won,✓,1,0,0.7205,Draw,1-1,1-1,1,legacy-unverified,,
2026-09-12,,,Football,Serie A,Botafogo FR,RB Bragantino,Botafogo FR,home,0.4341,43.4,No read,,Board,0,0,won,✓,1,0,0.712,Draw,1-1,1-1,1,legacy-unverified,,
2026-09-12,,,Football,National League,FC Halifax Town,AFC Hornchurch,FC Halifax Town,home,0.4335,43.4,No read,,Board,0,0,won,✓,1,1,0.7154,FC Halifax Town,3-0,1-1,0,legacy-unverified,,
2026-09-12,,,Football,Premier League,Aston Villa,Nottingham Forest,Aston Villa,home,0.429,42.9,No read,,Board,0,0,lost,✗,0,0,0.7201,Nottingham Forest,1-2,1-1,0,legacy-unverified,,
2026-09-12,,,Football,Bundesliga,TSG 1899 Hoffenheim,VfB Stuttgart,TSG 1899 Hoffenheim,home,0.4252,42.5,No read,,Board,0,0,won,✓,1,1,0.6602,TSG 1899 Hoffenheim,2-1,1-1,0,legacy-unverified,,
2026-09-12,,,Football,National League,Worthing,Barrow,Worthing,home,0.4216,42.2,No read,,Board,0,0,won,✓,1,0,0.7003,Draw,2-2,1-1,1,legacy-unverified,celtic,
2026-09-12,,,Football,Ligue 1,Le Havre,Angers SCO,Le Havre,home,0.4194,41.9,No read,,Board,0,0,lost,✗,0,0,0.4194,Draw,0-0,1-0,0,legacy-unverified,,
2026-09-12,,,Football,Premier League,Crystal Palace,Ipswich Town,Crystal Palace,home,0.4159,41.6,No read,,Board,0,0,lost,✗,0,0,0.6851,Ipswich Town,2-3,1-1,0,legacy-unverified,celtic,
2026-09-12,,,Football,Premier League,AFC Bournemouth,Brentford,AFC Bournemouth,home,0.4123,41.2,No read,,Board,0,0,won,✓,1,0,0.6798,Draw,2-2,1-1,1,legacy-unverified,,
2026-09-12,,,Football,Serie A,Santos,Cruzeiro EC,Santos,home,0.4106,41.1,No read,,Board,0,0,won,✓,1,1,0.6735,Santos,2-1,1-1,0,legacy-unverified,,
2026-09-12,,,Football,La Liga,Real Racing Club de Santander,Deportivo Alavés,Real Racing Club de Santander,home,0.4089,40.9,No read,,Board,0,0,won,✓,1,1,0.6771,Real Racing Club de Santander,2-1,1-1,0,legacy-unverified,,
2026-09-12,,,Football,Championship,Watford,Stoke City,Watford,home,0.4063,40.6,No read,,Board,0,0,lost,✗,0,0,0.7006,Stoke City,1-2,1-1,0,legacy-unverified,,
2026-09-12,,,Football,Championship,Preston North End,Lincoln City,Preston North End,home,0.4055,40.6,No read,,Board,0,0,lost,✗,0,0,0.6998,Lincoln City,0-1,1-1,0,legacy-unverified,celtic,
2026-09-12,,,Football,Eredivisie,Fortuna Sittard,AFC Ajax,AFC Ajax,away,0.3954,39.5,No read,,Board,0,0,won,✓,1,1,0.6531,AFC Ajax,1-5,1-1,0,legacy-unverified,,
2026-09-12,,,Football,Bundesliga,FC Augsburg,Bayer 04 Leverkusen,Bayer 04 Leverkusen,away,0.3909,39.1,No read,,Board,0,0,won,✓,1,0,0.6388,Draw,2-2,1-1,1,legacy-unverified,,
2026-09-12,,,Football,Ligue 1,Paris,Olympique Lyonnais,Paris,home,0.3886,38.9,No read,,Board,0,0,won,✓,1,0,0.6648,Draw,0-0,1-1,1,legacy-unverified,celtic,
2026-09-12,,,Football,Serie A,CA Mineiro,Fluminense,CA Mineiro,home,0.386,38.6,No read,,Board,0,0,won,✓,1,1,0.676,CA Mineiro,3-1,1-1,0,legacy-unverified,,
2026-09-12,,,Football,National League,Woking,Altrincham,Woking,home,0.3823,38.2,No read,,Board,0,0,won,✓,1,1,0.6842,Woking,5-1,1-1,0,legacy-unverified,,
2026-09-12,,,Football,National League,Eastleigh,Boreham Wood,Boreham Wood,away,0.3785,37.9,No read,,Board,0,0,won,✓,1,0,0.6555,Draw,1-1,1-1,1,legacy-unverified,,
2026-09-12,,,Football,Championship,Bolton Wanderers,Cardiff City,Cardiff City,away,0.3775,37.8,No read,,Board,0,0,lost,✗,0,0,0.6666,Bolton Wanderers,1-0,1-1,0,legacy-unverified,celtic,
2026-09-12,,,Football,Championship,Derby County,Birmingham City,Birmingham City,away,0.3667,36.7,No read,,Board,0,0,won,✓,1,1,0.655,Birmingham City,1-2,1-1,0,legacy-unverified,celtic,
2026-09-12,,,Football,National League,Solihull Moors,Aldershot Town,Aldershot Town,away,0.3665,36.6,No read,,Board,0,0,won,✓,1,1,0.6339,Aldershot Town,1-2,1-1,0,legacy-unverified,,
2026-09-12,,,Football,Serie A,Genoa CFC,Frosinone Calcio,Genoa CFC,home,0.3641,36.4,No read,,Board,0,0,won,✓,1,0,0.6575,Draw,1-1,1-1,1,legacy-unverified,celtic,
2026-09-12,,,Football,Serie A,SS Lazio,AC Milan,SS Lazio,home,0.3631,36.3,No read,,Board,0,0,won,✓,1,0,0.6788,Draw,2-2,1-1,1,legacy-unverified,,
2026-09-12,,,Football,Championship,Blackburn Rovers,Millwall,Millwall,away,0.3593,35.9,No read,,Board,0,0,lost,✗,0,0,0.6585,Blackburn Rovers,3-1,1-1,0,legacy-unverified,,
2026-09-12,,,Football,Premier League,Tottenham Hotspur,Everton,Everton,away,0.3589,35.9,No read,,Board,0,0,won,✓,1,0,0.6511,Draw,0-0,1-1,1,legacy-unverified,,
2026-09-12,,,Football,Serie A,Chapecoense AF,SC Internacional,Chapecoense AF,home,0.3573,35.7,No read,,Board,0,0,lost,✗,0,0,0.6452,SC Internacional,1-2,1-1,0,legacy-unverified,celtic,
2026-09-13,,,Football,Eredivisie,PSV,Sparta Rotterdam,PSV,home,0.8162,81.6,Strong,,Board,0,0,won,✓,1,1,0.8162,PSV,4-1,3-0,0,legacy-unverified,,
2026-09-13,,,Football,Primeira Liga,Sport Lisboa e Benfica,Gil Vicente,Sport Lisboa e Benfica,home,0.6571,65.7,Firm,,Board,0,0,won,✓,1,1,0.6571,Sport Lisboa e Benfica,3-1,2-0,0,legacy-unverified,,
2026-09-13,,,Football,Bundesliga,RB Leipzig,Hamburger,RB Leipzig,home,0.6263,62.6,Lean,,Board,0,0,won,✓,1,1,0.6263,RB Leipzig,5-0,2-1,0,legacy-unverified,celtic,
2026-09-13,,,Football,La Liga,Levante,FC Barcelona,FC Barcelona,away,0.6106,61.1,No read,,Board,0,0,won,✓,1,1,0.6106,FC Barcelona,2-4,1-2,0,legacy-unverified,celtic,
2026-09-13,,,Football,Bundesliga,SV 07 Elversberg,FC Bayern München,FC Bayern München,away,0.5823,58.2,No read,,Board,0,0,won,✓,1,1,0.5823,FC Bayern München,1-2,1-2,0,legacy-unverified,celtic,
2026-09-13,,,Football,Ligue 1,Lille OSC,ES Troyes,Lille OSC,home,0.5732,57.3,Lean,,Board,0,0,won,✓,1,1,0.8111,Lille OSC,2-0,1-1,0,legacy-unverified,,
2026-09-13,,,Football,La Liga,RC Celta de Vigo,Málaga,RC Celta de Vigo,home,0.5353,53.5,No read,,Board,0,0,lost,✗,0,0,0.5353,Draw,1-1,1-0,0,legacy-unverified,celtic,
2026-09-13,,,Football,Serie A,SSC Napoli,Bologna FC 1909,SSC Napoli,home,0.5289,52.9,No read,,Board,0,0,won,✓,1,1,0.7942,SSC Napoli,1-0,1-1,0,legacy-unverified,,
2026-09-13,,,Football,Eredivisie,SC Heerenveen,Telstar 1963,SC Heerenveen,home,0.5187,51.9,No read,,Board,0,0,won,✓,1,0,0.7621,Draw,0-0,1-1,1,legacy-unverified,,
2026-09-13,,,Football,Primeira Liga,FC Famalicão,Sporting Clube de Portugal,Sporting Clube de Portugal,away,0.5181,51.8,No read,,Board,0,0,won,✓,1,0,0.7795,Draw,1-1,1-1,1,legacy-unverified,,
2026-09-13,,,Football,Eredivisie,PEC Zwolle,Feyenoord Rotterdam,Feyenoord Rotterdam,away,0.5153,51.5,No read,,Board,0,0,won,✓,1,1,0.7521,Feyenoord Rotterdam,0-7,1-1,0,legacy-unverified,,
2026-09-13,,,Football,Eredivisie,SBV Excelsior,FC Utrecht,SBV Excelsior,home,0.5027,50.3,No read,,Board,0,0,lost,✗,0,0,0.7512,FC Utrecht,1-2,1-1,0,legacy-unverified,,
2026-09-13,,,Football,Super League,Panathinaikos,Panetolikos,Panathinaikos,home,0.4864,48.6,No read,,Board,0,0,won,✓,1,1,0.4864,Panathinaikos,3-0,1-0,0,legacy-unverified,,
2026-09-13,,,Football,Ligue 1,Le Mans,Racing Club de Lens,Racing Club de Lens,away,0.4709,47.1,No read,,Board,0,0,won,✓,1,0,0.7274,Draw,2-2,1-1,1,legacy-unverified,celtic,
2026-09-13,,,Football,Ligue 1,Stade Brestois 29,Paris Saint-Germain,Paris Saint-Germain,away,0.4603,46.0,No read,,Board,0,0,won,✓,1,1,0.7148,Paris Saint-Germain,0-1,1-1,0,legacy-unverified,,
2026-09-13,,,Football,Championship,Sheffield United,Wolverhampton Wanderers,Sheffield United,home,0.4527,45.3,No read,,Board,0,0,lost,✗,0,0,0.7138,Wolverhampton Wanderers,0-1,1-1,0,legacy-unverified,celtic,
2026-09-13,,,Football,Super League,Kifisia,Levadiakos,Kifisia,home,0.45,45.0,No read,,Board,0,0,won,✓,1,0,0.7079,Draw,0-0,1-1,1,legacy-unverified,,
2026-09-13,,,Football,Premier League,Manchester United,Manchester City,Manchester City,away,0.4186,41.9,No read,,Board,0,0,won,✓,1,1,0.6693,Manchester City,0-1,1-1,0,legacy-unverified,,
2026-09-13,,,Football,Serie A,US Sassuolo Calcio,Juventus,Juventus,away,0.4184,41.8,No read,,Board,0,0,lost,✗,0,0,0.7059,US Sassuolo Calcio,3-2,1-1,0,legacy-unverified,,
2026-09-13,,,Football,Primeira Liga,FC Arouca,CD Santa Clara,FC Arouca,home,0.3917,39.2,No read,,Board,0,0,lost,✗,0,0,0.6754,CD Santa Clara,1-2,1-1,0,legacy-unverified,,
2026-09-13,,,Football,Premier League,Coventry City,Brighton & Hove Albion,Coventry City,home,0.3865,38.6,No read,,Board,0,0,lost,✗,0,0,0.6594,Brighton & Hove Albion,0-5,1-1,0,legacy-unverified,celtic,
2026-09-13,,,Football,La Liga,Getafe,RC Deportivo La Coruña,Getafe,home,0.3815,38.1,No read,,Board,0,0,won,✓,1,0,0.6932,Draw,1-1,1-1,1,legacy-unverified,celtic,
2026-09-13,,,Football,La Liga,Real Sociedad de Fútbol,Club Atlético de Madrid,Real Sociedad de Fútbol,home,0.3679,36.8,No read,,Board,0,0,lost,✗,0,0,0.6325,Club Atlético de Madrid,0-3,1-1,0,legacy-unverified,,
2026-09-13,,,Football,Serie A,US Lecce,AC Monza,AC Monza,away,0.3445,34.4,No read,,Board,0,0,lost,✗,0,0,0.6608,US Lecce,3-2,1-1,0,legacy-unverified,celtic,
2026-09-14,,,Football,Serie A,FC Internazionale Milano,Udinese Calcio,FC Internazionale Milano,home,0.7368,73.7,Strong,,Board,0,0,won,✓,1,1,0.7368,FC Internazionale Milano,5-3,2-0,0,legacy-unverified,,
2026-09-14,,,Football,Serie A,Como 1907,Parma Calcio 1913,Como 1907,home,0.7023,70.2,Strong,,Board,0,0,won,✓,1,1,0.7023,Como 1907,2-1,1-0,0,legacy-unverified,,
2026-09-14,,,Football,Primeira Liga,Sporting Clube de Braga,GD Estoril Praia,Sporting Clube de Braga,home,0.6809,68.1,Firm,,Board,0,0,won,✓,1,1,0.6809,Sporting Clube de Braga,1-0,2-0,0,legacy-unverified,,
2026-09-14,,,Football,Serie A,Torino,AS Roma,AS Roma,away,0.5583,55.8,Lean,,Board,0,0,won,✓,1,1,0.8025,AS Roma,0-2,1-1,0,legacy-unverified,,
2026-09-14,,,Football,La Liga,Villarreal,Real Betis Balompié,Villarreal,home,0.4694,46.9,No read,,Board,0,0,lost,✗,0,0,0.7223,Real Betis Balompié,1-2,1-1,0,legacy-unverified,,
2026-09-14,,,Football,Premier League,Leeds United,Newcastle United,Leeds United,home,0.4251,42.5,No read,,Board,0,0,won,✓,1,1,0.6939,Leeds United,4-1,1-1,0,legacy-unverified,,
2026-09-14,,,Football,Primeira Liga,Rio Ave,CF Estrela da Amadora,CF Estrela da Amadora,away,0.4038,40.4,No read,,Board,0,0,won,✓,1,0,0.6683,Draw,3-3,1-1,1,legacy-unverified,,
2026-09-14,,,Football,Primeira Liga,Moreirense,CS Marítimo,Moreirense,home,0.3804,38.0,No read,,Board,0,0,won,✓,1,1,0.6566,Moreirense,3-1,1-1,0,legacy-unverified,,
2026-09-15,,,Football,Premiership,Hibernian,Kilmarnock,Hibernian,home,0.6648,66.5,Firm,,Board,0,0,lost,✗,0,0,0.6648,Kilmarnock,0-1,2-1,0,legacy-unverified,,
2026-09-15,,,Football,Eredivisie,AFC Ajax,Willem II Tilburg,AFC Ajax,home,0.6483,64.8,Firm,,Board,0,0,won,✓,1,1,0.6483,AFC Ajax,5-1,2-1,0,legacy-unverified,,
2026-09-15,,,Football,La Liga,Deportivo Alavés,Valencia,Deportivo Alavés,home,0.5937,59.4,Lean,,Board,0,0,lost,✗,0,0,0.8295,Valencia,0-1,1-1,0,legacy-unverified,,
2026-09-15,,,Football,National League,Harrogate Town,AFC Fylde,Harrogate Town,home,0.5649,56.5,No read,,Board,0,0,lost,✗,0,0,0.7863,AFC Fylde,1-2,1-1,0,legacy-unverified,celtic,
2026-09-15,,,Football,La Liga,Elche,Real Madrid,Real Madrid,away,0.5603,56.0,No read,,Board,0,0,won,✓,1,1,0.8012,Real Madrid,2-3,1-1,0,legacy-unverified,celtic,
2026-09-15,,,Football,Premiership,Motherwell,Aberdeen,Motherwell,home,0.5511,55.1,Lean,,Board,0,0,lost,✗,0,0,0.8029,Aberdeen,0-4,1-1,0,legacy-unverified,,
2026-09-15,,,Football,Championship,Bristol City,Lincoln City,Bristol City,home,0.5074,50.7,No read,,Board,0,0,lost,✗,0,0,0.7749,Lincoln City,0-1,1-1,0,legacy-unverified,celtic,
2026-09-15,,,Football,Premiership,Falkirk,Heart of Midlothian,Heart of Midlothian,away,0.4972,49.7,No read,,Board,0,0,lost,✗,0,0,0.7464,Falkirk,2-1,1-1,0,legacy-unverified,,
2026-09-15,,,Football,National League,Aldershot Town,Yeovil Town,Aldershot Town,home,0.4955,49.5,No read,,Board,0,0,won,✓,1,0,0.753,Draw,1-1,1-1,1,legacy-unverified,,
2026-09-15,,,Football,Championship,Middlesbrough,Millwall,Middlesbrough,home,0.4908,49.1,No read,,Board,0,0,won,✓,1,0,0.7599,Draw,2-2,1-1,1,legacy-unverified,,
2026-09-15,,,Football,National League,Worthing,AFC Hornchurch,Worthing,home,0.4724,47.2,No read,,Board,0,0,won,✓,1,1,0.7316,Worthing,1-0,1-1,0,legacy-unverified,,
2026-09-15,,,Football,La Liga,Rayo Vallecano de Madrid,RCD Espanyol de Barcelona,Rayo Vallecano de Madrid,home,0.4353,43.5,No read,,Board,0,0,won,✓,1,1,0.7162,Rayo Vallecano de Madrid,2-1,1-1,0,legacy-unverified,,
2026-09-15,,,Football,National League,Boston United,Woking,Boston United,home,0.4088,40.9,No read,,Board,0,0,won,✓,1,0,0.7031,Draw,1-1,1-1,1,legacy-unverified,,
2026-09-15,,,Football,National League,Solihull Moors,Barrow,Barrow,away,0.3937,39.4,No read,,Board,0,0,lost,✗,0,0,0.6743,Solihull Moors,1-0,1-1,0,legacy-unverified,celtic,
2026-09-15,,,Football,National League,Wealdstone,FC Halifax Town,Wealdstone,home,0.3768,37.7,No read,,Board,0,0,lost,✗,0,0,0.6626,FC Halifax Town,0-1,1-1,0,legacy-unverified,,
2026-09-16,,,Football,La Liga,FC Barcelona,Real Racing Club de Santander,FC Barcelona,home,0.8107,81.1,Strong,,Board,0,0,won,✓,1,1,0.8107,FC Barcelona,7-2,2-0,0,legacy-unverified,,
2026-09-16,,,Football,National League,Kidderminster Harriers,Gateshead,Kidderminster Harriers,home,0.6256,62.6,Firm,,Board,0,0,won,✓,1,1,0.6256,Kidderminster Harriers,1-0,2-0,0,legacy-unverified,,
2026-09-16,,,Football,La Liga,Club Atlético de Madrid,CA Osasuna,Club Atlético de Madrid,home,0.5453,54.5,No read,,Board,0,0,won,✓,1,1,0.7942,Club Atlético de Madrid,4-0,1-1,0,legacy-unverified,,
2026-09-16,,,Football,Serie A,Botafogo FR,Grêmio FBPA,Botafogo FR,home,0.4836,48.4,No read,,Board,0,0,won,✓,1,1,0.7506,Botafogo FR,3-2,1-1,0,legacy-unverified,,
2026-09-16,,,Football,La Liga,RC Deportivo La Coruña,Sevilla,RC Deportivo La Coruña,home,0.472,47.2,No read,,Board,0,0,lost,✗,0,0,0.7259,Sevilla,0-1,1-1,0,legacy-unverified,celtic,
2026-09-17,,,Football,La Liga,Real Betis Balompié,Getafe,Real Betis Balompié,home,0.5118,51.2,No read,,Board,0,0,won,✓,1,1,0.5118,Real Betis Balompié,1-0,1-0,0,legacy-unverified,,
2026-09-17,,,Football,La Liga,Málaga,Villarreal,Villarreal,away,0.4697,47.0,No read,,Board,0,0,won,✓,1,1,0.743,Villarreal,1-3,1-1,0,legacy-unverified,celtic,
2026-09-18,,,Football,Bundesliga,FC Bayern München,1. FC Union Berlin,FC Bayern München,home,0.8869,88.7,Strong,,Board,0,0,won,✓,1,1,0.8869,FC Bayern München,7-0,3-0,0,legacy-unverified,,
2026-09-18,,,Football,Eredivisie,FC Groningen,PEC Zwolle,FC Groningen,home,0.5883,58.8,Lean,,Board,0,0,won,✓,1,1,0.8104,FC Groningen,3-0,1-1,0,legacy-unverified,,
2026-09-18,,,Football,National League,Yeovil Town,Solihull Moors,Yeovil Town,home,0.5736,57.4,Lean,,Board,0,0,won,✓,1,1,0.8085,Yeovil Town,4-1,1-1,0,legacy-unverified,,
2026-09-18,,,Football,Championship,Bristol City,Watford,Bristol City,home,0.5261,52.6,No read,,Board,0,0,won,✓,1,1,0.7888,Bristol City,1-0,1-1,0,legacy-unverified,,
2026-09-18,,,Football,La Liga,RCD Espanyol de Barcelona,Elche,RCD Espanyol de Barcelona,home,0.4924,49.2,No read,,Board,0,0,lost,✗,0,0,0.761,Elche,1-3,1-1,0,legacy-unverified,celtic,
2026-09-18,,,Football,Premier League,Brentford,Chelsea,Brentford,home,0.4731,47.3,No read,,Board,0,0,won,✓,1,1,0.7196,Brentford,3-0,1-1,0,legacy-unverified,,
2026-09-18,,,Football,Serie A,AC Monza,US Sassuolo Calcio,AC Monza,home,0.419,41.9,No read,,Board,0,0,won,✓,1,1,0.7007,AC Monza,2-1,1-1,0,legacy-unverified,celtic,
2026-09-18,,,Football,Ligue 1,AS Monaco,Racing Club de Lens,AS Monaco,home,0.4135,41.3,No read,,Board,0,0,won,✓,1,1,0.6651,AS Monaco,2-1,1-1,0,legacy-unverified,,
2026-09-19,,,Football,Primeira Liga,Sporting Clube de Portugal,FC Arouca,Sporting Clube de Portugal,home,0.7827,78.3,Strong,,Board,0,0,lost,✗,0,0,0.7827,Draw,2-2,2-0,0,legacy-unverified,,
2026-09-19,,,Football,Serie A,CA Mineiro,Chapecoense AF,CA Mineiro,home,0.6365,63.6,Lean,,Board,0,0,lost,✗,0,0,0.6365,Draw,1-1,2-0,0,legacy-unverified,celtic,
2026-09-19,,,Football,La Liga,Sevilla,FC Barcelona,FC Barcelona,away,0.6126,61.3,Lean,,Board,0,0,won,✓,1,1,0.6126,FC Barcelona,1-3,1-2,0,legacy-unverified,,
2026-09-19,,,Football,Eredivisie,AFC Ajax,SBV Excelsior,AFC Ajax,home,0.6072,60.7,Lean,,Board,0,0,won,✓,1,0,0.8248,Draw,2-2,1-1,1,legacy-unverified,,
2026-09-19,,,Football,National League,Boreham Wood,Harrogate Town,Boreham Wood,home,0.5847,58.5,No read,,Board,0,0,won,✓,1,1,0.8045,Boreham Wood,4-1,1-1,0,legacy-unverified,celtic,
2026-09-19,,,Football,Premiership,Kilmarnock,Heart of Midlothian,Heart of Midlothian,away,0.5522,55.2,Lean,,Board,0,0,won,✓,1,0,0.7804,Draw,1-1,1-1,1,legacy-unverified,,
2026-09-19,,,Football,Championship,Queens Park Rangers,Preston North End,Queens Park Rangers,home,0.532,53.2,No read,,Board,0,0,lost,✗,0,0,0.532,Draw,2-2,1-0,0,legacy-unverified,,
2026-09-19,,,Football,National League,AFC Fylde,Altrincham,AFC Fylde,home,0.5318,53.2,No read,,Board,0,0,lost,✗,0,0,0.7641,Altrincham,1-2,1-1,0,legacy-unverified,,
2026-09-19,,,Football,Primeira Liga,FC Alverca,Rio Ave,FC Alverca,home,0.5275,52.8,No read,,Board,0,0,won,✓,1,1,0.7787,FC Alverca,1-0,1-1,0,legacy-unverified,,
2026-09-19,,,Football,Primeira Liga,Gil Vicente,CS Marítimo,Gil Vicente,home,0.5081,50.8,No read,,Board,0,0,won,✓,1,0,0.7804,Draw,1-1,1-1,1,legacy-unverified,,
2026-09-19,,,Football,Premiership,Hibernian,Aberdeen,Hibernian,home,0.5058,50.6,No read,,Board,0,0,won,✓,1,0,0.7626,Draw,1-1,1-1,1,legacy-unverified,,
2026-09-19,,,Football,Premier League,Nottingham Forest,Coventry City,Nottingham Forest,home,0.5015,50.1,No read,,Board,0,0,lost,✗,0,0,0.7663,Coventry City,0-1,1-1,0,legacy-unverified,celtic,
2026-09-19,,,Football,Serie A,Bologna FC 1909,Torino,Bologna FC 1909,home,0.4986,49.9,No read,,Board,0,0,won,✓,1,0,0.774,Draw,1-1,1-1,1,legacy-unverified,,
2026-09-19,,,Football,Ligue 1,Olympique Lyonnais,Stade Rennais FC 1901,Olympique Lyonnais,home,0.4924,49.2,No read,,Board,0,0,won,✓,1,1,0.7407,Olympique Lyonnais,4-0,1-1,0,legacy-unverified,,
2026-09-19,,,Football,Premier League,Everton,Ipswich Town,Everton,home,0.4914,49.1,No read,,Board,0,0,won,✓,1,1,0.7487,Everton,1-0,1-1,0,legacy-unverified,celtic,
2026-09-19,,,Football,Premier League,Newcastle United,Hull City,Newcastle United,home,0.4802,48.0,No read,,Board,0,0,won,✓,1,1,0.7324,Newcastle United,2-1,1-1,0,legacy-unverified,celtic,
2026-09-19,,,Football,Ligue 1,Toulouse,Le Havre,Toulouse,home,0.4699,47.0,No read,,Board,0,0,won,✓,1,1,0.7602,Toulouse,3-2,1-1,0,legacy-unverified,,
2026-09-19,,,Football,Serie A,São Paulo,SC Internacional,São Paulo,home,0.4671,46.7,No read,,Board,0,0,won,✓,1,1,0.4671,São Paulo,1-0,1-0,0,legacy-unverified,,
2026-09-19,,,Football,La Liga,RC Celta de Vigo,Real Racing Club de Santander,RC Celta de Vigo,home,0.4615,46.2,No read,,Board,0,0,won,✓,1,1,0.7343,RC Celta de Vigo,5-0,1-1,0,legacy-unverified,,
2026-09-19,,,Football,Ligue 1,Paris,RC Strasbourg Alsace,Paris,home,0.4575,45.8,No read,,Board,0,0,won,✓,1,1,0.7069,Paris,2-1,1-1,0,legacy-unverified,celtic,
2026-09-19,,,Football,National League,Barrow,Aldershot Town,Barrow,home,0.4571,45.7,No read,,Board,0,0,won,✓,1,1,0.7361,Barrow,1-0,1-1,0,legacy-unverified,celtic,
2026-09-19,,,Football,Championship,Stoke City,Sheffield United,Stoke City,home,0.4549,45.5,No read,,Board,0,0,won,✓,1,1,0.728,Stoke City,2-1,1-1,0,legacy-unverified,,
2026-09-19,,,Football,Premiership,Dundee,Motherwell,Dundee,home,0.4544,45.4,No read,,Board,0,0,won,✓,1,1,0.7085,Dundee,2-1,1-1,0,legacy-unverified,,
2026-09-19,,,Football,Super League,Atromitos,Kifisia,Atromitos,home,0.4529,45.3,No read,,Board,0,0,lost,✗,0,0,0.7302,Kifisia,1-2,1-1,0,legacy-unverified,,
2026-09-19,,,Football,Serie A,AS Roma,FC Internazionale Milano,AS Roma,home,0.4528,45.3,No read,,Board,0,0,won,✓,1,0,0.7096,Draw,2-2,1-1,1,legacy-unverified,,
2026-09-19,,,Football,National League,Tamworth,Wealdstone,Tamworth,home,0.4499,45.0,No read,,Board,0,0,won,✓,1,1,0.7008,Tamworth,2-1,1-1,0,legacy-unverified,,
2026-09-19,,,Football,Eredivisie,ADO Den Haag,SC Cambuur-Leeuwarden,ADO Den Haag,home,0.4499,45.0,No read,,Board,0,0,won,✓,1,0,0.6987,Draw,1-1,1-1,1,legacy-unverified,,
2026-09-19,,,Football,Championship,Cardiff City,Charlton Athletic,Cardiff City,home,0.4462,44.6,No read,,Board,0,0,won,✓,1,1,0.4462,Cardiff City,3-1,1-0,0,legacy-unverified,celtic,
2026-09-19,,,Football,Bundesliga,Hamburger,1. FC Köln,Hamburger,home,0.4342,43.4,No read,,Board,0,0,won,✓,1,1,0.6805,Hamburger,2-1,1-1,0,legacy-unverified,celtic,
2026-09-19,,,Football,Serie A,Udinese Calcio,Cagliari Calcio,Udinese Calcio,home,0.4312,43.1,No read,,Board,0,0,lost,✗,0,0,0.7167,Cagliari Calcio,0-1,1-1,0,legacy-unverified,,
2026-09-19,,,Football,Championship,Birmingham City,Middlesbrough,Birmingham City,home,0.4297,43.0,No read,,Board,0,0,won,✓,1,0,0.707,Draw,2-2,1-1,1,legacy-unverified,celtic,
2026-09-19,,,Football,Championship,Portsmouth,Blackburn Rovers,Portsmouth,home,0.4243,42.4,No read,,Board,0,0,won,✓,1,0,0.7229,Draw,2-2,1-1,1,legacy-unverified,,
2026-09-19,,,Football,Championship,Burnley,Derby County,Burnley,home,0.4209,42.1,No read,,Board,0,0,won,✓,1,0,0.6936,Draw,1-1,1-1,1,legacy-unverified,celtic,
2026-09-19,,,Football,Championship,Wrexham,Southampton,Southampton,away,0.4163,41.6,No read,,Board,0,0,lost,✗,0,0,0.6916,Wrexham,2-1,1-1,0,legacy-unverified,celtic,
2026-09-19,,,Football,Bundesliga,VfB Stuttgart,Borussia Dortmund,Borussia Dortmund,away,0.416,41.6,No read,,Board,0,0,won,✓,1,1,0.663,Borussia Dortmund,0-1,1-1,0,legacy-unverified,,
2026-09-19,,,Football,Premier League,Brighton & Hove Albion,Arsenal,Arsenal,away,0.4156,41.6,No read,,Board,0,0,lost,✗,0,0,0.693,Brighton & Hove Albion,3-0,1-1,0,legacy-unverified,,
2026-09-19,,,Football,Eredivisie,Willem II Tilburg,Fortuna Sittard,Willem II Tilburg,home,0.4144,41.4,No read,,Board,0,0,lost,✗,0,0,0.6603,Fortuna Sittard,0-1,1-1,0,legacy-unverified,,
2026-09-19,,,Football,La Liga,CA Osasuna,Rayo Vallecano de Madrid,CA Osasuna,home,0.4105,41.0,No read,,Board,0,0,won,✓,1,0,0.6916,Draw,1-1,1-1,1,legacy-unverified,,
2026-09-19,,,Football,Serie A,Mirassol,Botafogo FR,Mirassol,home,0.4086,40.9,No read,,Board,0,0,won,✓,1,1,0.6755,Mirassol,2-0,1-1,0,legacy-unverified,,
2026-09-19,,,Football,Bundesliga,Eintracht Frankfurt,SC Freiburg,Eintracht Frankfurt,home,0.4062,40.6,No read,,Board,0,0,won,✓,1,0,0.6396,Draw,2-2,1-1,1,legacy-unverified,,
2026-09-19,,,Football,Ligue 1,Angers SCO,ES Troyes,Angers SCO,home,0.4002,40.0,No read,,Board,0,0,won,✓,1,1,0.6876,Angers SCO,2-0,1-1,0,legacy-unverified,,
2026-09-19,,,Football,La Liga,Athletic Club,Deportivo Alavés,Athletic Club,home,0.3943,39.4,No read,,Board,0,0,won,✓,1,0,0.6794,Draw,0-0,1-1,1,legacy-unverified,,
2026-09-19,,,Football,Premier League,Tottenham Hotspur,Aston Villa,Tottenham Hotspur,home,0.388,38.8,No read,,Board,0,0,lost,✗,0,0,0.6875,Aston Villa,2-3,1-1,0,legacy-unverified,,
2026-09-19,,,Football,Eredivisie,Sparta Rotterdam,SC Heerenveen,Sparta Rotterdam,home,0.3777,37.8,No read,,Board,0,0,lost,✗,0,0,0.6484,SC Heerenveen,0-4,1-1,0,legacy-unverified,,
2026-09-19,,,Football,Championship,Millwall,West Ham United,West Ham United,away,0.3769,37.7,No read,,Board,0,0,won,✓,1,0,0.6318,Draw,2-2,1-1,1,legacy-unverified,celtic,
2026-09-19,,,Football,Bundesliga,SV Werder Bremen,FC Augsburg,SV Werder Bremen,home,0.3767,37.7,No read,,Board,0,0,won,✓,1,1,0.6391,SV Werder Bremen,3-2,1-1,0,legacy-unverified,,
2026-09-19,,,Football,Serie A,CR Vasco da Gama,Coritiba FBC,CR Vasco da Gama,home,0.3763,37.6,No read,,Board,0,0,won,✓,1,1,0.6536,CR Vasco da Gama,5-0,1-1,0,legacy-unverified,,
2026-09-19,,,Football,Ligue 1,Le Mans,FC Lorient,FC Lorient,away,0.3759,37.6,No read,,Board,0,0,lost,✗,0,0,0.6427,Le Mans,2-1,1-1,0,legacy-unverified,celtic,
2026-09-19,,,Football,Serie A,Clube do Remo,Santos,Santos,away,0.3725,37.2,No read,,Board,0,0,won,✓,1,1,0.6429,Santos,1-2,1-1,0,legacy-unverified,,
2026-09-19,,,Football,Championship,Lincoln City,Swansea City,Lincoln City,home,0.3696,37.0,No read,,Board,0,0,lost,✗,0,0,0.6801,Swansea City,1-2,1-1,0,legacy-unverified,celtic,
2026-09-19,,,Football,Bundesliga,Borussia Mönchengladbach,1. FSV Mainz 05,1. FSV Mainz 05,away,0.3685,36.9,No read,,Board,0,0,won,✓,1,1,0.6438,1. FSV Mainz 05,3-4,1-1,0,legacy-unverified,,
2026-09-19,,,Football,National League,Woking,Kidderminster Harriers,Woking,home,0.3616,36.2,No read,,Board,0,0,won,✓,1,0,0.6604,Draw,0-0,1-1,1,legacy-unverified,,
2026-09-19,,,Football,Serie A,Venezia,SS Lazio,Venezia,home,0.3603,36.0,No read,,Board,0,0,lost,✗,0,0,0.6612,SS Lazio,0-2,1-1,0,legacy-unverified,celtic,
2026-09-19,,,Football,Primeira Liga,CD Nacional,FC Famalicão,CD Nacional,home,0.3453,34.5,No read,,Board,0,0,lost,✗,0,0,0.66,FC Famalicão,0-4,1-1,0,legacy-unverified,,
2026-09-20,,,Football,Eredivisie,Feyenoord Rotterdam,FC Utrecht,Feyenoord Rotterdam,home,0.6933,69.3,Firm,,Board,0,0,won,✓,1,1,0.6933,Feyenoord Rotterdam,5-0,2-1,0,legacy-unverified,,
2026-09-20,,,Football,Premier League,Manchester City,Sunderland,Manchester City,home,0.6884,68.8,Firm,,Board,0,0,won,✓,1,1,0.6884,Manchester City,5-3,2-0,0,legacy-unverified,,
2026-09-20,,,Football,Serie A,CR Flamengo,RB Bragantino,CR Flamengo,home,0.6751,67.5,Firm,,Board,0,0,won,✓,1,1,0.6751,CR Flamengo,2-1,2-0,0,legacy-unverified,,
2026-09-20,,,Football,Eredivisie,AZ,Telstar 1963,AZ,home,0.6491,64.9,Firm,,Board,0,0,won,✓,1,1,0.6491,AZ,1-0,2-0,0,legacy-unverified,,
2026-09-20,,,Football,Serie A,AC Milan,US Lecce,AC Milan,home,0.6121,61.2,Lean,,Board,0,0,won,✓,1,1,0.6121,AC Milan,3-0,1-0,0,legacy-unverified,,
2026-09-20,,,Football,Premiership,Celtic,Rangers,Celtic,home,0.6086,60.9,Lean,,Board,0,0,lost,✗,0,0,0.6086,Rangers,0-1,2-0,0,legacy-unverified,,
2026-09-20,,,Football,Primeira Liga,GD Estoril Praia,Casa Pia,GD Estoril Praia,home,0.5853,58.5,Lean,,Board,0,0,lost,✗,0,0,0.5853,Casa Pia,1-2,1-0,0,legacy-unverified,,
2026-09-20,,,Football,Premier League,Leeds United,Crystal Palace,Leeds United,home,0.5593,55.9,Lean,,Board,0,0,won,✓,1,0,0.8,Draw,0-0,1-1,1,legacy-unverified,,
2026-09-20,,,Football,La Liga,Villarreal,Levante,Villarreal,home,0.5581,55.8,No read,,Board,0,0,won,✓,1,1,0.7887,Villarreal,3-1,1-1,0,legacy-unverified,celtic,
2026-09-20,,,Football,Championship,Norwich City,Bolton Wanderers,Norwich City,home,0.5376,53.8,No read,,Board,0,0,lost,✗,0,0,0.7852,Bolton Wanderers,3-4,1-1,0,legacy-unverified,celtic,
2026-09-20,,,Football,Eredivisie,NEC,Go Ahead Eagles,NEC,home,0.5282,52.8,No read,,Board,0,0,lost,✗,0,0,0.5282,Draw,1-1,2-1,0,legacy-unverified,,
2026-09-20,,,Football,Serie A,Grêmio FBPA,SE Palmeiras,SE Palmeiras,away,0.5021,50.2,No read,,Board,0,0,lost,✗,0,0,0.5021,Draw,0-0,0-1,0,legacy-unverified,,
2026-09-20,,,Football,Ligue 1,OGC Nice,Lille OSC,Lille OSC,away,0.5006,50.1,No read,,Board,0,0,lost,✗,0,0,0.7745,OGC Nice,2-1,1-1,0,legacy-unverified,,
2026-09-20,,,Football,Serie A,Juventus,Atalanta BC,Juventus,home,0.4824,48.2,No read,,Board,0,0,won,✓,1,1,0.4824,Juventus,2-0,1-0,0,legacy-unverified,,
2026-09-20,,,Football,La Liga,Getafe,Málaga,Getafe,home,0.4685,46.9,No read,,Board,0,0,won,✓,1,1,0.4685,Getafe,1-0,1-0,0,legacy-unverified,celtic,
2026-09-20,,,Football,Primeira Liga,CF Estrela da Amadora,Académico de Viseu,CF Estrela da Amadora,home,0.4584,45.8,No read,,Board,0,0,lost,✗,0,0,0.7078,Académico de Viseu,0-2,1-1,0,legacy-unverified,,
2026-09-20,,,Football,Bundesliga,Bayer 04 Leverkusen,RB Leipzig,Bayer 04 Leverkusen,home,0.4552,45.5,No read,,Board,0,0,won,✓,1,1,0.6924,Bayer 04 Leverkusen,2-0,1-1,0,legacy-unverified,,
2026-09-20,,,Football,Primeira Liga,Vitória Guimarães,Moreirense,Vitória Guimarães,home,0.4545,45.5,No read,,Board,0,0,won,✓,1,0,0.736,Draw,1-1,1-1,1,legacy-unverified,,
2026-09-20,,,Football,Primeira Liga,FC Porto,Sport Lisboa e Benfica,FC Porto,home,0.4524,45.2,No read,,Board,0,0,won,✓,1,1,0.7244,FC Porto,3-1,1-1,0,legacy-unverified,,
2026-09-20,,,Football,Championship,Wolverhampton Wanderers,West Bromwich Albion,Wolverhampton Wanderers,home,0.451,45.1,No read,,Board,0,0,won,✓,1,1,0.7293,Wolverhampton Wanderers,1-0,1-1,0,legacy-unverified,celtic,
2026-09-20,,,Football,Serie A,ACF Fiorentina,SSC Napoli,SSC Napoli,away,0.4321,43.2,No read,,Board,0,0,won,✓,1,0,0.7161,Draw,1-1,1-1,1,legacy-unverified,,
2026-09-20,,,Football,Super League,Panetolikos,PAOK,PAOK,away,0.4309,43.1,No read,,Board,0,0,won,✓,1,1,0.7103,PAOK,1-3,1-1,0,legacy-unverified,,
2026-09-20,,,Football,Serie A,Frosinone Calcio,Como 1907,Como 1907,away,0.426,42.6,No read,,Board,0,0,lost,✗,0,0,0.7093,Frosinone Calcio,2-0,1-1,0,legacy-unverified,celtic,
2026-09-20,,,Football,Super League,Kalamata,Panathinaikos,Panathinaikos,away,0.4142,41.4,No read,,Board,0,0,won,✓,1,1,0.694,Panathinaikos,0-1,1-1,0,legacy-unverified,,
2026-09-20,,,Football,Bundesliga,TSV Hartberg,LASK Linz,LASK Linz,away,0.414,41.4,No read,,Board,0,0,won,✓,1,0,0.6837,Draw,3-3,1-1,1,legacy-unverified,,
2026-09-20,,,Football,Premier League,AFC Bournemouth,Liverpool,AFC Bournemouth,home,0.4079,40.8,No read,,Board,0,0,lost,✗,0,0,0.6671,Liverpool,0-1,1-1,0,legacy-unverified,,
2026-09-20,,,Football,Serie A,CA Paranaense,EC Bahia,CA Paranaense,home,0.4074,40.7,No read,,Board,0,0,won,✓,1,1,0.6788,CA Paranaense,2-1,1-1,0,legacy-unverified,celtic,
2026-09-20,,,Football,Ligue 1,AJ Auxerre,Stade Brestois 29,AJ Auxerre,home,0.3946,39.5,No read,,Board,0,0,won,✓,1,1,0.6662,AJ Auxerre,2-1,1-1,0,legacy-unverified,,
2026-09-20,,,Football,Eredivisie,FC Twente '65,PSV,PSV,away,0.3915,39.1,No read,,Board,0,0,lost,✗,0,0,0.6365,FC Twente '65,3-2,1-1,0,legacy-unverified,,
2026-09-20,,,Football,Serie A,EC Vitória,Cruzeiro EC,Cruzeiro EC,away,0.3832,38.3,No read,,Board,0,0,won,✓,1,1,0.6749,Cruzeiro EC,1-3,1-1,0,legacy-unverified,,
2026-09-20,,,Football,Primeira Liga,CD Santa Clara,Sporting Clube de Braga,CD Santa Clara,home,0.3825,38.2,No read,,Board,0,0,won,✓,1,0,0.6729,Draw,0-0,1-1,1,legacy-unverified,,
2026-09-20,,,Football,Bundesliga,FC Schalke 04,SV 07 Elversberg,FC Schalke 04,home,0.382,38.2,No read,,Board,0,0,won,✓,1,0,0.6405,Draw,0-0,1-1,1,legacy-unverified,celtic,
2026-09-20,,,Football,Bundesliga,SC Paderborn 07,TSG 1899 Hoffenheim,TSG 1899 Hoffenheim,away,0.3789,37.9,No read,,Board,0,0,lost,✗,0,0,0.6402,SC Paderborn 07,3-1,1-1,0,legacy-unverified,celtic,
2026-09-20,,,Football,Serie A,Parma Calcio 1913,Genoa CFC,Parma Calcio 1913,home,0.3788,37.9,No read,,Board,0,0,won,✓,1,1,0.7129,Parma Calcio 1913,2-1,0-0,0,legacy-unverified,,
2026-09-20,,,Football,La Liga,Valencia,Real Sociedad de Fútbol,Valencia,home,0.3782,37.8,No read,,Board,0,0,lost,✗,0,0,0.6648,Real Sociedad de Fútbol,2-3,1-1,0,legacy-unverified,,
2026-09-20,,,Football,Premier League,Fulham,Manchester United,Manchester United,away,0.3777,37.8,No read,,Board,0,0,won,✓,1,0,0.6457,Draw,1-1,1-1,1,legacy-unverified,,
2026-09-20,,,Football,Ligue 1,Olympique de Marseille,Paris Saint-Germain,Paris Saint-Germain,away,0.3764,37.6,No read,,Board,0,0,won,✓,1,1,0.6338,Paris Saint-Germain,1-2,1-1,0,legacy-unverified,,
2026-09-20,,,Football,La Liga,RC Deportivo La Coruña,Real Betis Balompié,RC Deportivo La Coruña,home,0.3762,37.6,No read,,Board,0,0,won,✓,1,0,0.6579,Draw,1-1,1-1,1,legacy-unverified,celtic,
2026-09-20,,,Football,La Liga,Club Atlético de Madrid,Real Madrid,Club Atlético de Madrid,home,0.3755,37.5,No read,,Board,0,0,won,✓,1,1,0.6373,Club Atlético de Madrid,2-1,1-1,0,legacy-unverified,,
2026-09-20,,,Football,Serie A,SC Corinthians Paulista,Fluminense,SC Corinthians Paulista,home,0.3538,35.4,No read,,Board,0,0,lost,✗,0,0,0.665,Fluminense,1-3,1-1,0,legacy-unverified,,
2026-09-26,,,Football,UEFA Nations League,Slovakia,Moldova,Slovakia,home,0.8523,85.2,Strong,,Board,0,0,won,✓,1,1,0.8523,Slovakia,2-0,2-0,0,legacy-unverified,,
2026-09-26,,,Football,UEFA Nations League,San Marino,Finland,Finland,away,0.8166,81.7,Strong,,Board,0,0,won,✓,1,1,0.8166,Finland,0-7,0-2,0,legacy-unverified,,
2026-09-26,,,Football,UEFA Nations League,Iceland,Estonia,Iceland,home,0.7888,78.9,Strong,,Board,0,0,lost,✗,0,0,0.7888,Draw,1-1,2-0,0,legacy-unverified,,
2026-09-26,,,Football,NWSL,Gotham,Chicago Stars,Gotham,home,0.7496,75.0,Strong,,Board,0,0,won,✓,1,1,0.7496,Gotham,3-1,2-0,0,legacy-unverified,,
2026-09-26,,,Football,Primera División,Peñarol,Boston River,Peñarol,home,0.7283,72.8,Strong,,Board,0,0,won,✓,1,1,0.7283,Peñarol,2-1,2-0,0,legacy-unverified,,
2026-09-26,,,Football,Liga F,Dux Logroño,Barcelona,Barcelona,away,0.678,67.8,Lean,,Board,0,0,won,✓,1,1,0.678,Barcelona,0-2,1-2,0,legacy-unverified,celtic,
2026-09-26,,,Football,International friendly,Canada,Chile,Canada,home,0.6692,66.9,Firm,,Board,0,0,won,✓,1,1,0.6692,Canada,1-0,2-0,0,legacy-unverified,,
2026-09-26,,,Football,League One,Stockport County,Peterborough United,Stockport County,home,0.6633,66.3,Firm,,Board,0,0,won,✓,1,1,0.6633,Stockport County,1-0,2-0,0,legacy-unverified,,
2026-09-26,,,Football,Women's Super League,Charlton Athletic,Manchester City,Manchester City,away,0.6153,61.5,No read,,Board,0,0,won,✓,1,1,0.8306,Manchester City,0-1,1-1,0,legacy-unverified,celtic,
2026-09-26,,,Football,Major League Soccer,Philadelphia Union,Orlando City,Philadelphia Union,home,0.6126,61.3,Lean,,Board,0,0,won,✓,1,1,0.6126,Philadelphia Union,4-2,2-1,0,legacy-unverified,,
2026-09-26,,,Football,International friendly,United States,Peru,United States,home,0.6095,61.0,Lean,,Board,0,0,won,✓,1,1,0.6095,United States,4-1,1-0,0,legacy-unverified,,
2026-09-26,,,Football,UEFA Nations League,Albania,Belarus,Albania,home,0.6095,61.0,Lean,,Board,0,0,won,✓,1,1,0.6095,Albania,2-0,1-0,0,legacy-unverified,,
2026-09-26,,,Football,National League,Southend United,Barrow,Southend United,home,0.6059,60.6,No read,,Board,0,0,lost,✗,0,0,0.6059,Barrow,2-4,1-0,0,legacy-unverified,celtic,
2026-09-26,,,Football,Scottish Challenge Cup,Ross County,Heart of Midlothian B,Heart of Midlothian B,away,0.6019,60.2,Lean,,Board,0,0,lost,✗,0,0,0.83,Ross County,14-0,1-1,0,legacy-unverified,,
2026-09-26,,,Football,National League,Aldershot Town,Tamworth,Aldershot Town,home,0.6002,60.0,Lean,,Board,0,0,won,✓,1,1,0.8174,Aldershot Town,5-1,1-1,0,legacy-unverified,,
2026-09-26,,,Football,Scottish Challenge Cup,Cove Rangers,Aberdeen B,Cove Rangers,home,0.5977,59.8,Lean,,Board,0,0,won,✓,1,1,0.5977,Cove Rangers,2-1,1-0,0,legacy-unverified,,
2026-09-26,,,Football,USL Championship,El Paso Locomotive,FC Tulsa,El Paso Locomotive,home,0.58,58.0,No read,,Board,0,0,won,✓,1,0,0.8193,Draw,1-1,1-1,1,legacy-unverified,celtic,
2026-09-26,,,Football,National League,Wealdstone,Gateshead,Wealdstone,home,0.5784,57.8,Lean,,Board,0,0,won,✓,1,1,0.8152,Wealdstone,4-0,1-1,0,legacy-unverified,,
2026-09-26,,,Football,National League,Carlisle United,Woking,Carlisle United,home,0.562,56.2,Lean,,Board,0,0,lost,✗,0,0,0.562,Woking,2-5,1-0,0,legacy-unverified,,
2026-09-26,,,Football,National League,Solihull Moors,Boreham Wood,Boreham Wood,away,0.5609,56.1,Lean,,Board,0,0,won,✓,1,1,0.7859,Boreham Wood,0-3,1-1,0,legacy-unverified,,
2026-09-26,,,Football,League One,Plymouth Argyle,Burton Albion,Plymouth Argyle,home,0.5605,56.0,Lean,,Board,0,0,lost,✗,0,0,0.7943,Burton Albion,0-1,1-1,0,legacy-unverified,,
2026-09-26,,,Football,USL Championship,Indy Eleven,Miami,Indy Eleven,home,0.5544,55.4,Lean,,Board,0,0,lost,✗,0,0,0.8003,Miami,0-2,1-1,0,legacy-unverified,,
2026-09-26,,,Football,Liga MX,Tijuana,Atlas,Tijuana,home,0.5346,53.5,No read,,Board,0,0,lost,✗,0,0,0.7689,Atlas,2-3,1-1,0,legacy-unverified,,
2026-09-26,,,Football,LaLiga 2,Granada,FC Andorra,Granada,home,0.5286,52.9,No read,,Board,0,0,lost,✗,0,0,0.772,FC Andorra,2-3,1-1,0,legacy-unverified,,
2026-09-26,,,Football,USL Championship,Charleston Battery,Rhode Island,Charleston Battery,home,0.5244,52.4,No read,,Board,0,0,won,✓,1,1,0.7657,Charleston Battery,2-0,1-1,0,legacy-unverified,,
2026-09-26,,,Football,Eerste Divisie,Heracles Almelo,Vitesse,Heracles Almelo,home,0.5235,52.3,No read,,Board,0,0,won,✓,1,1,0.7695,Heracles Almelo,2-0,1-1,0,legacy-unverified,celtic,
2026-09-26,,,Football,National League,Kidderminster Harriers,Yeovil Town,Kidderminster Harriers,home,0.5212,52.1,No read,,Board,0,0,lost,✗,0,0,0.7827,Yeovil Town,0-1,1-1,0,legacy-unverified,,
2026-09-26,,,Football,Scottish Challenge Cup,Annan Athletic,Hibernian B,Annan Athletic,home,0.5172,51.7,No read,,Board,0,0,won,✓,1,1,0.7711,Annan Athletic,2-1,1-1,0,legacy-unverified,celtic,
2026-09-26,,,Football,League Two,Swindon Town,Accrington Stanley,Swindon Town,home,0.5155,51.5,No read,,Board,0,0,won,✓,1,0,0.7699,Draw,1-1,1-1,1,legacy-unverified,,
2026-09-26,,,Football,Liga F,FC Badalona,Granada,FC Badalona,home,0.5147,51.5,No read,,Board,0,0,lost,✗,0,0,0.7672,Granada,0-1,1-1,0,legacy-unverified,celtic,
2026-09-26,,,Football,LaLiga 2,Ceuta,Real Sociedad II,Real Sociedad II,away,0.5143,51.4,No read,,Board,0,0,lost,✗,0,0,0.7734,Ceuta,3-1,1-1,0,legacy-unverified,celtic,
2026-09-26,,,Football,NWSL,Seattle Reign,Boston Legacy,Seattle Reign,home,0.5096,51.0,No read,,Board,0,0,won,✓,1,1,0.77,Seattle Reign,2-0,1-1,0,legacy-unverified,,
2026-09-26,,,Football,Primera División,Progreso,Racing (Montevideo),Racing (Montevideo),away,0.5088,50.9,No read,,Board,0,0,lost,✗,0,0,0.7833,Progreso,2-1,1-1,0,legacy-unverified,celtic,
2026-09-26,,,Football,UEFA Nations League,Bulgaria,Luxembourg,Bulgaria,home,0.5076,50.8,No read,,Board,0,0,lost,✗,0,0,0.5076,Luxembourg,1-2,1-0,0,legacy-unverified,,
2026-09-26,,,Football,National League,Scunthorpe United,Hartlepool United,Scunthorpe United,home,0.5066,50.7,No read,,Board,0,0,won,✓,1,1,0.5066,Scunthorpe United,4-1,1-0,0,legacy-unverified,,
2026-09-26,,,Football,Liga MX,Guadalajara,Querétaro,Guadalajara,home,0.5018,50.2,No read,,Board,0,0,lost,✗,0,0,0.766,Querétaro,0-2,1-1,0,legacy-unverified,,
2026-09-26,,,Football,USL Championship,Detroit City,Colorado Springs Switchbacks,Detroit City,home,0.4971,49.7,No read,,Board,0,0,won,✓,1,0,0.7694,Draw,0-0,1-1,1,legacy-unverified,,
2026-09-26,,,Football,Serie B,Operário PR,Ceará,Operário PR,home,0.4904,49.0,No read,,Board,0,0,lost,✗,0,0,0.4904,Draw,2-2,1-0,0,legacy-unverified,celtic,
2026-09-26,,,Football,Eerste Divisie,FC Emmen,TOP Oss,FC Emmen,home,0.488,48.8,No read,,Board,0,0,won,✓,1,1,0.7488,FC Emmen,1-0,1-1,0,legacy-unverified,,
2026-09-26,,,Football,Major League Soccer,Charlotte,Chicago Fire,Charlotte,home,0.4835,48.4,No read,,Board,0,0,lost,✗,0,0,0.7428,Chicago Fire,0-1,1-1,0,legacy-unverified,,
2026-09-26,,,Football,National League,Harrogate Town,Eastleigh,Harrogate Town,home,0.4762,47.6,No read,,Board,0,0,won,✓,1,1,0.7397,Harrogate Town,4-1,1-1,0,legacy-unverified,celtic,
2026-09-26,,,Football,Liga F,Real Sociedad,Real Madrid,Real Madrid,away,0.4748,47.5,No read,,Board,0,0,won,✓,1,1,0.7249,Real Madrid,3-5,1-1,0,legacy-unverified,celtic,
2026-09-26,,,Football,UEFA Nations League,North Macedonia,Switzerland,Switzerland,away,0.4713,47.1,No read,,Board,0,0,won,✓,1,1,0.742,Switzerland,0-3,1-1,0,legacy-unverified,,
2026-09-26,,,Football,Eerste Divisie,NAC Breda,FC Eindhoven,NAC Breda,home,0.4689,46.9,No read,,Board,0,0,won,✓,1,1,0.7415,NAC Breda,4-2,1-1,0,legacy-unverified,celtic,
2026-09-26,,,Football,League Two,Bristol Rovers,Exeter City,Bristol Rovers,home,0.4646,46.5,No read,,Board,0,0,won,✓,1,1,0.7567,Bristol Rovers,1-0,1-1,0,legacy-unverified,celtic,
2026-09-26,,,Football,UEFA Nations League,England,Spain,England,home,0.4543,45.4,No read,,Board,0,0,lost,✗,0,0,0.728,Spain,2-3,1-1,0,legacy-unverified,,
2026-09-26,,,Football,UEFA Nations League,Slovenia,Scotland,Slovenia,home,0.4515,45.1,No read,,Board,0,0,lost,✗,0,0,0.4515,Draw,0-0,1-0,0,legacy-unverified,,
2026-09-26,,,Football,UEFA Nations League,Faroe Islands,Kazakhstan,Faroe Islands,home,0.4508,45.1,No read,,Board,0,0,won,✓,1,0,0.747,Draw,1-1,1-1,1,legacy-unverified,,
2026-09-26,,,Football,National League,Worthing,FC Halifax Town,Worthing,home,0.449,44.9,No read,,Board,0,0,won,✓,1,1,0.7146,Worthing,2-1,1-1,0,legacy-unverified,,
2026-09-26,,,Football,Eerste Divisie,FC Volendam,VVV-Venlo,FC Volendam,home,0.445,44.5,No read,,Board,0,0,won,✓,1,1,0.7084,FC Volendam,3-2,1-1,0,legacy-unverified,celtic,
2026-09-26,,,Football,National League,Altrincham,AFC Hornchurch,Altrincham,home,0.4438,44.4,No read,,Board,0,0,won,✓,1,1,0.7176,Altrincham,3-0,1-1,0,legacy-unverified,,
2026-09-26,,,Football,División Profesional,Sportivo Trinidense,Cerro Porteño,Sportivo Trinidense,home,0.4424,44.2,No read,,Board,0,0,won,✓,1,1,0.717,Sportivo Trinidense,2-1,1-1,0,legacy-unverified,,
2026-09-26,,,Football,Liga F,Madrid CFF,Alavés,Madrid CFF,home,0.4347,43.5,No read,,Board,0,0,won,✓,1,1,0.6979,Madrid CFF,1-0,1-1,0,legacy-unverified,celtic,
2026-09-26,,,Football,NWSL,Washington Spirit,Angel City,Washington Spirit,home,0.4286,42.9,No read,,Board,0,0,lost,✗,0,0,0.7124,Angel City,0-1,1-1,0,legacy-unverified,,
2026-09-26,,,Football,League One,Wycombe Wanderers,Reading,Wycombe Wanderers,home,0.428,42.8,No read,,Board,0,0,won,✓,1,0,0.6906,Draw,2-2,1-1,1,legacy-unverified,,
2026-09-26,,,Football,League Two,Fleetwood Town,Rochdale,Fleetwood Town,home,0.4269,42.7,No read,,Board,0,0,lost,✗,0,0,0.7242,Rochdale,1-2,1-1,0,legacy-unverified,celtic,
2026-09-26,,,Football,NWSL,Kansas City Current,Denver Summit,Kansas City Current,home,0.4253,42.5,No read,,Board,0,0,won,✓,1,1,0.6831,Kansas City Current,4-1,1-1,0,legacy-unverified,,
2026-09-26,,,Football,League One,Cambridge United,AFC Wimbledon,Cambridge United,home,0.4244,42.4,No read,,Board,0,0,lost,✗,0,0,0.4244,Draw,1-1,1-0,0,legacy-unverified,celtic,
2026-09-26,,,Football,League Two,York City,Gillingham,York City,home,0.4244,42.4,No read,,Board,0,0,won,✓,1,1,0.7075,York City,3-0,1-1,0,legacy-unverified,celtic,
2026-09-26,,,Football,National League,Boston United,AFC Fylde,Boston United,home,0.4207,42.1,No read,,Board,0,0,lost,✗,0,0,0.6809,AFC Fylde,0-1,1-1,0,legacy-unverified,,
2026-09-26,,,Football,League Two,Rotherham United,Crewe Alexandra,Rotherham United,home,0.4143,41.4,No read,,Board,0,0,won,✓,1,0,0.7182,Draw,1-1,1-1,1,legacy-unverified,celtic,
2026-09-26,,,Football,Eerste Divisie,MVV Maastricht,Helmond Sport,MVV Maastricht,home,0.4102,41.0,No read,,Board,0,0,won,✓,1,1,0.6884,MVV Maastricht,2-0,1-1,0,legacy-unverified,,
2026-09-26,,,Football,Liga MX,Atlante,Monterrey,Monterrey,away,0.4005,40.1,No read,,Board,0,0,lost,✗,0,0,0.6755,Atlante,4-2,1-1,0,legacy-unverified,,
2026-09-26,,,Football,LaLiga 2,Tenerife,Cádiz,Tenerife,home,0.3988,39.9,No read,,Board,0,0,won,✓,1,0,0.7073,Draw,1-1,1-1,1,legacy-unverified,,
2026-09-26,,,Football,Primera A,Once Caldas,Atlético Bucaramanga,Once Caldas,home,0.3926,39.3,No read,,Board,0,0,lost,✗,0,0,0.7088,Atlético Bucaramanga,1-3,1-1,0,legacy-unverified,celtic,
2026-09-26,,,Football,Eerste Divisie,Roda JC Kerkrade,RKC Waalwijk,Roda JC Kerkrade,home,0.3908,39.1,No read,,Board,0,0,won,✓,1,1,0.6889,Roda JC Kerkrade,2-0,1-1,0,legacy-unverified,,
2026-09-26,,,Football,División Profesional,Rubio Ñú,2 de Mayo,Rubio Ñú,home,0.3908,39.1,No read,,Board,0,0,won,✓,1,0,0.6899,Draw,2-2,1-1,1,legacy-unverified,,
2026-09-26,,,Football,League Two,Cheltenham Town,Chesterfield,Cheltenham Town,home,0.3901,39.0,No read,,Board,0,0,won,✓,1,1,0.6498,Cheltenham Town,2-1,1-1,0,legacy-unverified,,
2026-09-26,,,Football,LaLiga 2,RC Celta Fortuna,CD Sabadell,RC Celta Fortuna,home,0.3873,38.7,No read,,Board,0,0,won,✓,1,0,0.6745,Draw,1-1,1-1,1,legacy-unverified,,
2026-09-26,,,Football,Primera División,Cerro Largo,Nacional,Cerro Largo,home,0.3872,38.7,No read,,Board,0,0,lost,✗,0,0,0.6649,Nacional,0-2,1-1,0,legacy-unverified,celtic,
2026-09-26,,,Football,League Two,Oldham Athletic,Salford City,Oldham Athletic,home,0.3808,38.1,No read,,Board,0,0,lost,✗,0,0,0.6699,Salford City,1-4,1-1,0,legacy-unverified,celtic,
2026-09-26,,,Football,Liga MX,Cruz Azul,Toluca,Toluca,away,0.378,37.8,No read,,Board,0,0,won,✓,1,0,0.6293,Draw,3-3,1-1,1,legacy-unverified,,
2026-09-26,,,Football,Major League Soccer,CF Montréal,FC Cincinnati,CF Montréal,home,0.3773,37.7,No read,,Board,0,0,won,✓,1,1,0.6248,CF Montréal,3-1,1-1,0,legacy-unverified,,
2026-09-26,,,Football,League Two,Shrewsbury Town,Colchester United,Shrewsbury Town,home,0.3712,37.1,No read,,Board,0,0,won,✓,1,0,0.6744,Draw,2-2,1-1,1,legacy-unverified,,
2026-09-26,,,Football,National League,Sutton United,Forest Green Rovers,Forest Green Rovers,away,0.3712,37.1,No read,,Board,0,0,won,✓,1,0,0.6629,Draw,3-3,1-1,1,legacy-unverified,,
2026-09-26,,,Football,Scottish Challenge Cup,Hamilton Academical,Kilmarnock B,Kilmarnock B,away,0.3662,36.6,No read,,Board,0,0,lost,✗,0,0,0.6363,Hamilton Academical,3-0,1-1,0,legacy-unverified,,
2026-09-26,,,Football,League Two,Newport County,Grimsby Town,Grimsby Town,away,0.3646,36.5,No read,,Board,0,0,lost,✗,0,0,0.6423,Newport County,2-1,1-1,0,legacy-unverified,,
2026-09-26,,,Football,Serie B,Náutico,Sport,Náutico,home,0.3644,36.4,No read,,Board,0,0,won,✓,1,1,0.6802,Náutico,3-1,1-1,0,legacy-unverified,celtic,
2026-09-26,,,Football,Women's Super League,London City Lionesses,Brighton & Hove Albion,Brighton & Hove Albion,away,0.3639,36.4,No read,,Board,0,0,lost,✗,0,0,0.6423,London City Lionesses,2-0,1-1,0,legacy-unverified,celtic,
2026-09-26,,,Football,League Two,Tranmere Rovers,Walsall,Walsall,away,0.3596,36.0,No read,,Board,0,0,won,✓,1,0,0.6769,Draw,1-1,1-1,1,legacy-unverified,,
2026-09-26,,,Football,Major League Soccer,Atlanta United,New York City,New York City,away,0.356,35.6,No read,,Board,0,0,won,✓,1,0,0.6613,Draw,2-2,1-1,1,legacy-unverified,celtic,
2026-09-26,,,Football,Primera A,Deportivo Pereira,Internacional de Bogotá,Deportivo Pereira,home,0.3416,34.2,No read,,Board,0,0,won,✓,1,0,0.6589,Draw,0-0,1-1,1,legacy-unverified,celtic,
2026-09-26,,,Football,Serie B,Goiás,Atlético Goianiense,Goiás,home,0.3409,34.1,No read,,Board,0,0,lost,✗,0,0,0.6704,Atlético Goianiense,0-1,0-0,0,legacy-unverified,celtic,
2026-09-26,,,Football,Primera A,Cúcuta Deportivo,Llaneros,Cúcuta Deportivo,home,0.3351,33.5,No read,,Board,0,0,won,✓,1,1,0.6657,Cúcuta Deportivo,2-1,0-0,0,legacy-unverified,celtic,
2026-09-27,,,Football,UEFA Nations League,Germany,Greece,Germany,home,0.724,72.4,Strong,,Board,0,0,lost,✗,0,0,0.724,Greece,0-1,2-0,0,legacy-unverified,,
2026-09-27,,,Football,International friendly,Malta,Liechtenstein,Malta,home,0.7126,71.3,Strong,,Board,0,0,won,✓,1,1,0.7126,Malta,2-0,1-0,0,legacy-unverified,,
2026-09-27,,,Football,Major League Soccer,Nashville,Toronto,Nashville,home,0.6791,67.9,Firm,,Board,0,0,won,✓,1,1,0.6791,Nashville,2-0,2-0,0,legacy-unverified,,
2026-09-27,,,Football,UEFA Nations League,Austria,Kosovo,Austria,home,0.668,66.8,Firm,,Board,0,0,won,✓,1,1,0.668,Austria,3-1,2-0,0,legacy-unverified,,
2026-09-27,,,Football,Major League Soccer,Vancouver Whitecaps,D.C. United,Vancouver Whitecaps,home,0.6627,66.3,Firm,,Board,0,0,lost,✗,0,0,0.6627,Draw,3-3,2-0,0,legacy-unverified,,
2026-09-27,,,Football,UEFA Nations League,Denmark,Wales,Denmark,home,0.6474,64.7,Firm,,Board,0,0,won,✓,1,1,0.6474,Denmark,2-0,1-0,0,legacy-unverified,,
2026-09-27,,,Football,Major League Soccer,Houston Dynamo,Sporting Kansas City,Houston Dynamo,home,0.6289,62.9,Firm,,Board,0,0,lost,✗,0,0,0.6289,Sporting Kansas City,0-2,1-0,0,legacy-unverified,,
2026-09-27,,,Football,LaLiga 2,Burgos,Eldense,Burgos,home,0.604,60.4,Lean,,Board,0,0,won,✓,1,1,0.604,Burgos,1-0,1-0,0,legacy-unverified,,
2026-09-27,,,Football,International friendly,Fiji,Papua New Guinea,Fiji,home,0.6033,60.3,Lean,,Board,0,0,won,✓,1,1,0.6033,Fiji,2-0,2-1,0,legacy-unverified,,
2026-09-27,,,Football,International friendly,Jordan,Syria,Jordan,home,0.5852,58.5,Lean,,Board,0,0,lost,✗,0,0,0.5852,Draw,1-1,1-0,0,legacy-unverified,,
2026-09-27,,,Football,Liga F,Valencia,CD Tenerife,Valencia,home,0.5487,54.9,No read,,Board,0,0,lost,✗,0,0,0.8033,CD Tenerife,1-2,1-1,0,legacy-unverified,celtic,
2026-09-27,,,Football,Primera División,Juventud,Cerro,Juventud,home,0.5398,54.0,No read,,Board,0,0,won,✓,1,0,0.7888,Draw,0-0,1-1,1,legacy-unverified,celtic,
2026-09-27,,,Football,Women's Super League,Manchester United,West Ham United,Manchester United,home,0.5384,53.8,No read,,Board,0,0,won,✓,1,1,0.7739,Manchester United,2-1,1-1,0,legacy-unverified,celtic,
2026-09-27,,,Football,International friendly,Cook Islands,Tahiti,Tahiti,away,0.5365,53.6,No read,,Board,0,0,won,✓,1,1,0.788,Tahiti,1-3,1-1,0,legacy-unverified,,
2026-09-27,,,Football,NWSL,Portland Thorns,Houston Dash,Portland Thorns,home,0.5351,53.5,No read,,Board,0,0,won,✓,1,0,0.7829,Draw,1-1,1-1,1,legacy-unverified,,
2026-09-27,,,Football,Women's Super League,Tottenham Hotspur,Aston Villa,Tottenham Hotspur,home,0.5213,52.1,No read,,Board,0,0,won,✓,1,1,0.7658,Tottenham Hotspur,4-0,1-1,0,legacy-unverified,celtic,
2026-09-27,,,Football,Major League Soccer,San Jose Earthquakes,Portland Timbers,San Jose Earthquakes,home,0.5199,52.0,No read,,Board,0,0,won,✓,1,1,0.7627,San Jose Earthquakes,3-1,1-1,0,legacy-unverified,,
2026-09-27,,,Football,LaLiga 2,Eibar,Las Palmas,Eibar,home,0.5041,50.4,No read,,Board,0,0,won,✓,1,1,0.5041,Eibar,3-2,1-0,0,legacy-unverified,,
2026-09-27,,,Football,Liga MX,Tigres UANL,Puebla,Tigres UANL,home,0.5022,50.2,No read,,Board,0,0,won,✓,1,1,0.7791,Tigres UANL,1-0,1-1,0,legacy-unverified,celtic,
2026-09-27,,,Football,UEFA Nations League,Israel,Republic of Ireland,Israel,home,0.4947,49.5,No read,,Board,0,0,lost,✗,0,0,0.7597,Republic of Ireland,0-3,1-1,0,legacy-unverified,,
2026-09-27,,,Football,Liga MX,Pumas UNAM,Atlético de San Luis,Pumas UNAM,home,0.4909,49.1,No read,,Board,0,0,lost,✗,0,0,0.751,Atlético de San Luis,2-3,1-1,0,legacy-unverified,,
2026-09-27,,,Football,Primera División,Montevideo City Torque,Deportivo Maldonado,Montevideo City Torque,home,0.4898,49.0,No read,,Board,0,0,lost,✗,0,0,0.7269,Deportivo Maldonado,0-2,1-1,0,legacy-unverified,,
2026-09-27,,,Football,LaLiga 2,Mallorca,Almería,Mallorca,home,0.4856,48.6,No read,,Board,0,0,lost,✗,0,0,0.758,Almería,0-1,1-1,0,legacy-unverified,celtic,
2026-09-27,,,Football,Women's Super League,Liverpool,Everton,Liverpool,home,0.48,48.0,No read,,Board,0,0,won,✓,1,1,0.742,Liverpool,2-0,1-1,0,legacy-unverified,celtic,
2026-09-27,,,Football,Women's Super League,Birmingham City,Crystal Palace,Birmingham City,home,0.4748,47.5,No read,,Board,0,0,won,✓,1,0,0.7517,Draw,3-3,1-1,1,legacy-unverified,celtic,
2026-09-27,,,Football,NWSL,Utah Royals,North Carolina Courage,Utah Royals,home,0.4739,47.4,No read,,Board,0,0,won,✓,1,1,0.7168,Utah Royals,2-1,1-1,0,legacy-unverified,celtic,
2026-09-27,,,Football,Liga F,Sevilla,Eibar,Sevilla,home,0.4719,47.2,No read,,Board,0,0,lost,✗,0,0,0.7515,Eibar,0-1,1-1,0,legacy-unverified,celtic,
2026-09-27,,,Football,Primera A,Jaguares de Córdoba,Alianza,Jaguares de Córdoba,home,0.4693,46.9,No read,,Board,0,0,lost,✗,0,0,0.4693,Alianza,1-2,1-0,0,legacy-unverified,celtic,
2026-09-27,,,Football,Major League Soccer,Seattle Sounders,Minnesota United,Seattle Sounders,home,0.4555,45.6,No read,,Board,0,0,won,✓,1,1,0.7453,Seattle Sounders,3-1,1-1,0,legacy-unverified,,
2026-09-27,,,Football,Primera División,Defensor Sporting,Danubio,Defensor Sporting,home,0.4549,45.5,No read,,Board,0,0,won,✓,1,1,0.4549,Defensor Sporting,1-0,1-0,0,legacy-unverified,,
2026-09-27,,,Football,USL Championship,Monterey Bay,Lexington,Lexington,away,0.4545,45.5,No read,,Board,0,0,won,✓,1,1,0.7214,Lexington,2-3,1-1,0,legacy-unverified,,
2026-09-27,,,Football,LaLiga 2,Real Oviedo,Sporting Gijón,Real Oviedo,home,0.4505,45.1,No read,,Board,0,0,won,✓,1,1,0.4505,Real Oviedo,2-0,1-0,0,legacy-unverified,,
2026-09-27,,,Football,LaLiga 2,Real Valladolid,Córdoba,Real Valladolid,home,0.4504,45.0,No read,,Board,0,0,won,✓,1,1,0.7267,Real Valladolid,3-1,1-1,0,legacy-unverified,,
2026-09-27,,,Football,International friendly,China,New Zealand,New Zealand,away,0.4493,44.9,No read,,Board,0,0,won,✓,1,1,0.7278,New Zealand,0-3,1-1,0,legacy-unverified,,
2026-09-27,,,Football,Serie B,Criciúma,Avaí,Criciúma,home,0.4351,43.5,No read,,Board,0,0,won,✓,1,1,0.4351,Criciúma,3-0,1-0,0,legacy-unverified,celtic,
2026-09-27,,,Football,NWSL,Bay,Orlando Pride,Bay,home,0.4268,42.7,No read,,Board,0,0,lost,✗,0,0,0.711,Orlando Pride,1-3,1-1,0,legacy-unverified,,
2026-09-27,,,Football,UEFA Nations League,Lithuania,Azerbaijan,Lithuania,home,0.4261,42.6,No read,,Board,0,0,won,✓,1,0,0.7329,Draw,1-1,1-1,1,legacy-unverified,,
2026-09-27,,,Football,Primera División,Central Español Fútbol Club,Liverpool,Liverpool,away,0.4251,42.5,No read,,Board,0,0,won,✓,1,1,0.7037,Liverpool,1-2,1-1,0,legacy-unverified,celtic,
2026-09-27,,,Football,USL Championship,Oakland Roots,Phoenix Rising,Oakland Roots,home,0.4235,42.4,No read,,Board,0,0,won,✓,1,1,0.697,Oakland Roots,3-0,1-1,0,legacy-unverified,,
2026-09-27,,,Football,International friendly,Mexico,Colombia,Mexico,home,0.4208,42.1,No read,,Board,0,0,won,✓,1,0,0.7241,Draw,1-1,1-1,1,legacy-unverified,,
2026-09-27,,,Football,USL Championship,New Mexico United,Sacramento Republic,New Mexico United,home,0.4195,41.9,No read,,Board,0,0,lost,✗,0,0,0.7206,Sacramento Republic,2-3,1-1,0,legacy-unverified,,
2026-09-27,,,Football,International friendly,Vanuatu,New Caledonia,New Caledonia,away,0.4112,41.1,No read,,Board,0,0,lost,✗,0,0,0.6561,Vanuatu,4-1,1-1,0,legacy-unverified,,
2026-09-27,,,Football,Serie B,Fortaleza,Athletic,Fortaleza,home,0.4093,40.9,No read,,Board,0,0,won,✓,1,0,0.7485,Draw,2-2,0-0,1,legacy-unverified,celtic,
2026-09-27,,,Football,Major League Soccer,FC Dallas,LAFC,FC Dallas,home,0.407,40.7,No read,,Board,0,0,won,✓,1,1,0.6903,FC Dallas,1-0,1-1,0,legacy-unverified,,
2026-09-27,,,Football,Major League Soccer,Columbus Crew,Inter Miami,Inter Miami,away,0.4045,40.5,No read,,Board,0,0,lost,✗,0,0,0.6378,Columbus Crew,2-1,1-1,0,legacy-unverified,,
2026-09-27,,,Football,Liga F,Athletic Club,Atlético Madrid,Athletic Club,home,0.4035,40.4,No read,,Board,0,0,won,✓,1,1,0.6701,Athletic Club,3-2,1-1,0,legacy-unverified,celtic,
2026-09-27,,,Football,Primera A,Fortaleza CEIF,Deportes Tolima,Deportes Tolima,away,0.4028,40.3,No read,,Board,0,0,won,✓,1,0,0.7313,Draw,2-2,0-0,1,legacy-unverified,celtic,
2026-09-27,,,Football,Primera A,Atlético Junior,Independiente Medellín,Atlético Junior,home,0.4001,40.0,No read,,Board,0,0,won,✓,1,1,0.7061,Atlético Junior,2-0,1-1,0,legacy-unverified,celtic,
2026-09-27,,,Football,Eerste Divisie,De Graafschap,FC Den Bosch,De Graafschap,home,0.3966,39.7,No read,,Board,0,0,won,✓,1,1,0.6698,De Graafschap,1-0,1-1,0,legacy-unverified,,
2026-09-27,,,Football,Major League Soccer,Austin,San Diego,Austin,home,0.3915,39.1,No read,,Board,0,0,won,✓,1,0,0.672,Draw,3-3,1-1,1,legacy-unverified,,
2026-09-27,,,Football,UEFA Nations League,Serbia,Netherlands,Netherlands,away,0.3914,39.1,No read,,Board,0,0,won,✓,1,1,0.6604,Netherlands,1-2,1-1,0,legacy-unverified,,
2026-09-27,,,Football,USL Championship,Orange County,Pittsburgh Riverhounds,Orange County,home,0.3876,38.8,No read,,Board,0,0,won,✓,1,1,0.6845,Orange County,1-0,1-1,0,legacy-unverified,,
2026-09-27,,,Football,Major League Soccer,Real Salt Lake,New England Revolution,New England Revolution,away,0.3829,38.3,No read,,Board,0,0,lost,✗,0,0,0.67,Real Salt Lake,3-0,1-1,0,legacy-unverified,,
2026-09-27,,,Football,USL Championship,San Antonio,Tampa Bay Rowdies,Tampa Bay Rowdies,away,0.3809,38.1,No read,,Board,0,0,won,✓,1,0,0.6787,Draw,0-0,1-1,1,legacy-unverified,,
2026-09-27,,,Football,Copa Argentina,Racing Club,Boca Juniors,Racing Club,home,0.3805,38.0,No read,,Board,0,0,lost,✗,0,0,0.6693,Boca Juniors,2-3,1-1,0,legacy-unverified,celtic,
2026-09-27,,,Football,Major League Soccer,LA Galaxy,Colorado Rapids,LA Galaxy,home,0.38,38.0,No read,,Board,0,0,won,✓,1,1,0.6852,LA Galaxy,3-2,1-1,0,legacy-unverified,,
2026-09-27,,,Football,International friendly,Seychelles,Sri Lanka,Sri Lanka,away,0.3788,37.9,No read,,Board,0,0,won,✓,1,1,0.664,Sri Lanka,0-3,1-1,0,legacy-unverified,,
2026-09-27,,,Football,UEFA Nations League,Norway,Portugal,Portugal,away,0.3775,37.8,No read,,Board,0,0,won,✓,1,1,0.6345,Portugal,1-2,1-1,0,legacy-unverified,,
2026-09-27,,,Football,Women's Super League,Chelsea,Arsenal,Chelsea,home,0.3767,37.7,No read,,Board,0,0,won,✓,1,1,0.66,Chelsea,1-0,1-1,0,legacy-unverified,celtic,
2026-09-27,,,Football,Liga MX,Santos,Pachuca,Santos,home,0.3679,36.8,No read,,Board,0,0,won,✓,1,1,0.6457,Santos,1-0,1-1,0,legacy-unverified,celtic,
2026-09-27,,,Football,International friendly,Bolivia,Paraguay,Paraguay,away,0.3563,35.6,No read,,Board,0,0,won,✓,1,1,0.6559,Paraguay,0-2,1-1,0,legacy-unverified,,
2026-09-27,,,Football,Liga F,Deportivo,Espanyol,Deportivo,home,0.3558,35.6,No read,,Board,0,0,won,✓,1,0,0.6464,Draw,1-1,1-1,1,legacy-unverified,celtic,
2026-09-27,,,Football,Serie B,CRB,Cuiabá,CRB,home,0.3555,35.5,No read,,Board,0,0,won,✓,1,1,0.6788,CRB,3-0,1-1,0,legacy-unverified,celtic,
2026-09-27,,,Football,CONCACAF Nations League,Haiti,Costa Rica,Haiti,home,0.3479,34.8,No read,,Board,0,0,won,✓,1,1,0.6691,Haiti,2-0,1-1,0,legacy-unverified,,
2026-09-27,,,Football,UEFA Nations League,Gibraltar,Andorra,Draw,draw,0.3468,34.7,No read,,Board,0,0,won,✓,1,1,0.3468,Draw,0-0,0-0,0,legacy-unverified,,
2026-09-28,,,Football,Africa Cup of Nations qualifying,Tunisia,Botswana,Tunisia,home,0.859,85.9,Strong,,Daily List,1,0,lost,✗,0,0,0.859,Draw,2-2,2-0,0,legacy-unverified,,
2026-09-28,,,Football,UEFA U21 Championship qualifying,Denmark U21,Belarus U21,Denmark U21,home,0.8564,85.6,Firm,,Board,0,0,won,✓,1,1,0.8564,Denmark U21,2-0,2-0,0,legacy-unverified,celtic,
2026-09-28,,,Football,CONCACAF Nations League,Guadeloupe,Barbados,Guadeloupe,home,0.8145,81.5,Strong,,Daily List,1,0,lost,✗,0,0,0.8145,Draw,2-2,2-0,0,legacy-unverified,,
2026-09-28,,,Football,International friendly,Japan,Venezuela,Japan,home,0.811,81.1,Strong,,Daily List,1,0,won,✓,1,1,0.811,Japan,2-1,2-0,0,legacy-unverified,,
2026-09-28,,,Football,CONCACAF Nations League,Cuba,Bonaire,Cuba,home,0.7011,70.1,Strong,,Daily List,1,0,won,✓,1,1,0.7011,Cuba,2-0,2-0,0,legacy-unverified,,
2026-09-28,,,Football,CONCACAF Nations League,Curaçao,Nicaragua,Curaçao,home,0.697,69.7,Firm,,Daily List,1,0,won,✓,1,1,0.697,Curaçao,6-1,2-0,0,legacy-unverified,,
2026-09-28,,,Football,Africa Cup of Nations qualifying,Central African Republic,Burkina Faso,Burkina Faso,away,0.6452,64.5,Firm,,Daily List,1,0,won,✓,1,1,0.8208,Burkina Faso,0-1,1-1,0,legacy-unverified,,
2026-09-28,,,Football,CONCACAF Nations League,Suriname,Martinique,Suriname,home,0.6096,61.0,Lean,,Daily List,1,0,won,✓,1,1,0.6096,Suriname,2-1,1-0,0,legacy-unverified,,
2026-09-28,,,Football,Liga MX,León,FC Juarez,León,home,0.6011,60.1,Lean,,Board,0,0,won,✓,1,1,0.8245,León,2-1,1-1,0,legacy-unverified,,
2026-09-28,,,Football,CONCACAF Nations League,Trinidad and Tobago,Dominican Republic,Trinidad and Tobago,home,0.5479,54.8,No read,,Board,0,0,lost,✗,0,0,0.7732,Dominican Republic,1-2,1-1,0,legacy-unverified,,
2026-09-28,,,Football,Primera A,Deportivo Cali,Águilas Doradas,Deportivo Cali,home,0.5039,50.4,No read,,Board,0,0,won,✓,1,1,0.5039,Deportivo Cali,2-0,1-0,0,legacy-unverified,celtic,
2026-09-28,,,Football,Liga MX,Necaxa,América,América,away,0.4892,48.9,No read,,Board,0,0,won,✓,1,1,0.7439,América,2-4,1-1,0,legacy-unverified,,
2026-09-28,,,Football,División Profesional,Sportivo San Lorenzo,Deportivo Recoleta,Deportivo Recoleta,away,0.4805,48.0,No read,,Board,0,0,won,✓,1,0,0.7411,Draw,0-0,1-1,1,legacy-unverified,celtic,
2026-09-28,,,Football,UEFA Nations League,Sweden,Poland,Sweden,home,0.4802,48.0,No read,,Board,0,0,won,✓,1,1,0.7593,Sweden,3-1,1-1,0,legacy-unverified,,
2026-09-28,,,Football,Africa Cup of Nations qualifying,Equatorial Guinea,Sierra Leone,Equatorial Guinea,home,0.4793,47.9,No read,,Board,0,0,won,✓,1,1,0.4793,Equatorial Guinea,1-0,1-0,0,legacy-unverified,,
2026-09-28,,,Football,CONCACAF Nations League,Dominica,Puerto Rico,Puerto Rico,away,0.4558,45.6,No read,,Board,0,0,won,✓,1,1,0.6945,Puerto Rico,0-2,1-1,0,legacy-unverified,,
2026-09-28,,,Football,Serie B,América Mineiro,Juventude,Juventude,away,0.4428,44.3,No read,,Board,0,0,won,✓,1,1,0.789,Juventude,0-1,0-0,0,legacy-unverified,celtic,
2026-09-28,,,Football,UEFA Nations League,Latvia,Cyprus,Latvia,home,0.4217,42.2,No read,,Board,0,0,lost,✗,0,0,0.4217,Draw,0-0,1-0,0,legacy-unverified,,
2026-09-28,,,Football,Primera División,Montevideo Wanderers,Albion,Montevideo Wanderers,home,0.4065,40.6,No read,,Board,0,0,won,✓,1,1,0.693,Montevideo Wanderers,2-1,1-1,0,legacy-unverified,,
2026-09-28,,,Football,UEFA Nations League,Georgia,Ukraine,Ukraine,away,0.3976,39.8,No read,,Board,0,0,won,✓,1,0,0.7397,Draw,0-0,1-1,1,legacy-unverified,,
2026-09-28,,,Football,División Profesional,Libertad,Club Olimpia,Club Olimpia,away,0.3782,37.8,No read,,Board,0,0,won,✓,1,1,0.6455,Club Olimpia,0-1,1-1,0,legacy-unverified,celtic,
2026-09-28,,,Football,International friendly,Tajikistan,Palestine,Tajikistan,home,0.369,36.9,No read,,Board,0,0,lost,✗,0,0,0.6946,Palestine,2-4,1-1,0,legacy-unverified,,
2026-09-28,,,Football,UEFA Nations League,Northern Ireland,Hungary,Draw,draw,0.3687,36.9,No read,,Board,0,0,won,✓,1,1,0.3687,Draw,0-0,1-1,0,legacy-unverified,,
2026-09-28,,,Football,LaLiga 2,Leganés,Castellón,Leganés,home,0.3679,36.8,No read,,Board,0,0,lost,✗,0,0,0.6779,Castellón,0-2,1-1,0,legacy-unverified,,
2026-09-28,,,Football,International friendly,South Korea,Uruguay,South Korea,home,0.3581,35.8,No read,,Board,0,0,lost,✗,0,0,0.696,Uruguay,1-4,1-1,0,legacy-unverified,,
2026-09-28,,,Football,UEFA Nations League,Armenia,Montenegro,Montenegro,away,0.3462,34.6,No read,,Board,0,0,won,✓,1,1,0.6617,Montenegro,2-3,1-1,0,legacy-unverified,,
2026-09-28,,,Football,UEFA Nations League,Belgium,France,Draw,draw,0.3404,34.0,No read,,Board,0,0,lost,✗,0,0,0.3404,France,0-1,1-1,0,legacy-unverified,,
2026-09-29,,,Football,UEFA Nations League,San Marino,Albania,Albania,away,0.9382,93.8,Strong,,Daily List,1,0,won,✓,1,1,0.9382,Albania,0-3,0-2,0,legacy-unverified,,
2026-09-29,,,Football,Africa Cup of Nations qualifying,Lesotho,Morocco,Morocco,away,0.9088,90.9,Strong,,Daily List,1,0,won,✓,1,1,0.9088,Morocco,0-2,0-1,0,legacy-unverified,,
2026-09-29,,,Football,Africa Cup of Nations qualifying,Somalia,Ivory Coast,Ivory Coast,away,0.8896,89.0,Strong,,Daily List,1,0,won,✓,1,1,0.8896,Ivory Coast,0-2,0-1,0,legacy-unverified,,
2026-09-29,,,Football,Africa Cup of Nations qualifying,South Sudan,Egypt,Egypt,away,0.8694,86.9,Strong,,Daily List,1,0,won,✓,1,1,0.8694,Egypt,0-5,0-1,0,legacy-unverified,,
2026-09-29,,,Football,Africa Cup of Nations qualifying,Ethiopia,Senegal,Senegal,away,0.8499,85.0,Strong,,Daily List,1,0,won,✓,1,1,0.8499,Senegal,0-1,0-1,0,legacy-unverified,,
2026-09-29,,,Football,CONCACAF Nations League,French Guiana,Sint Maarten,French Guiana,home,0.8385,83.9,Strong,,Daily List,1,0,won,✓,1,1,0.8385,French Guiana,1-0,3-0,0,legacy-unverified,,
2026-09-29,,,Football,UEFA U21 Championship qualifying,Estonia U21,France U21,France U21,away,0.802,80.2,Firm,,Board,0,0,won,✓,1,1,0.802,France U21,0-2,0-2,0,legacy-unverified,celtic,
2026-09-29,,,Football,UEFA Nations League,Slovakia,Kazakhstan,Slovakia,home,0.7997,80.0,Strong,,Daily List,1,0,won,✓,1,1,0.7997,Slovakia,2-1,2-0,0,legacy-unverified,,
2026-09-29,,,Football,Africa Cup of Nations qualifying,Burundi,Algeria,Algeria,away,0.7941,79.4,Strong,,Daily List,1,0,won,✓,1,0,0.9092,Draw,2-2,1-1,1,legacy-unverified,,
2026-09-29,,,Football,UEFA Nations League,Spain,Croatia,Spain,home,0.7798,78.0,Strong,,Daily List,1,0,won,✓,1,1,0.7798,Spain,4-1,2-0,0,legacy-unverified,,
2026-09-29,,,Football,Africa Cup of Nations qualifying,Guinea-Bissau,Nigeria,Nigeria,away,0.7253,72.5,Strong,,Daily List,1,0,lost,✗,0,0,0.7253,Guinea-Bissau,3-0,0-1,0,legacy-unverified,,
2026-09-29,,,Football,Africa Cup of Nations qualifying,Congo,Cameroon,Cameroon,away,0.7071,70.7,Strong,,Daily List,1,0,lost,✗,0,0,0.7071,Draw,1-1,0-1,0,legacy-unverified,,
2026-09-29,,,Football,Africa Cup of Nations qualifying,Liberia,Mali,Mali,away,0.6942,69.4,Firm,,Daily List,1,0,won,✓,1,1,0.6942,Mali,0-1,0-1,0,legacy-unverified,,
2026-09-29,,,Football,Africa Cup of Nations qualifying,Cape Verde,Rwanda,Cape Verde,home,0.684,68.4,Firm,,Daily List,1,0,lost,✗,0,0,0.684,Rwanda,1-2,1-0,0,legacy-unverified,,
2026-09-29,,,Football,Africa Cup of Nations qualifying,Ghana,Gambia,Ghana,home,0.6678,66.8,Firm,,Daily List,1,0,lost,✗,0,0,0.6678,Gambia,2-4,1-0,0,legacy-unverified,,
2026-09-29,,,Football,Serie B,Botafogo-SP,Ponte Preta,Botafogo-SP,home,0.6528,65.3,Lean,,Board,0,0,won,✓,1,1,0.6528,Botafogo-SP,2-0,1-0,0,legacy-unverified,celtic,
2026-09-29,,,Football,National League,Woking,Solihull Moors,Woking,home,0.625,62.5,Firm,,Board,0,0,lost,✗,0,0,0.625,Solihull Moors,2-4,2-0,0,legacy-unverified,,
2026-09-29,,,Football,CONCACAF Nations League,Anguilla,Aruba,Aruba,away,0.6153,61.5,Lean,,Board,0,0,won,✓,1,1,0.6153,Aruba,0-2,1-2,0,legacy-unverified,,
2026-09-29,,,Football,UEFA Nations League,Finland,Belarus,Finland,home,0.5895,59.0,Lean,,Board,0,0,lost,✗,0,0,0.5895,Draw,0-0,1-0,0,legacy-unverified,,
2026-09-29,,,Football,CONCACAF Nations League,British Virgin Islands,Turks and Caicos Islands,British Virgin Islands,home,0.5888,58.9,Lean,,Board,0,0,lost,✗,0,0,0.5888,Turks and Caicos Islands,0-3,2-1,0,legacy-unverified,,
2026-09-29,,,Football,UEFA Nations League,Bulgaria,Estonia,Bulgaria,home,0.5819,58.2,Lean,,Board,0,0,lost,✗,0,0,0.5819,Draw,0-0,1-0,0,legacy-unverified,,
2026-09-29,,,Football,National League,Boreham Wood,Kidderminster Harriers,Boreham Wood,home,0.5692,56.9,Lean,,Board,0,0,won,✓,1,1,0.5692,Boreham Wood,3-1,1-0,0,legacy-unverified,,
2026-09-29,,,Football,Africa Cup of Nations qualifying,Gabon,Niger,Gabon,home,0.5614,56.1,Lean,,Board,0,0,won,✓,1,1,0.7962,Gabon,2-0,1-1,0,legacy-unverified,,
2026-09-29,,,Football,Africa Cup of Nations qualifying,Zambia,Togo,Zambia,home,0.5582,55.8,Lean,,Board,0,0,won,✓,1,1,0.5582,Zambia,2-0,1-0,0,legacy-unverified,,
2026-09-29,,,Football,National League,Forest Green Rovers,Wealdstone,Forest Green Rovers,home,0.5576,55.8,Lean,,Board,0,0,won,✓,1,0,0.8058,Draw,1-1,1-1,1,legacy-unverified,,
2026-09-29,,,Football,CONCACAF Nations League,Guatemala,El Salvador,Guatemala,home,0.5477,54.8,No read,,Board,0,0,won,✓,1,1,0.5477,Guatemala,6-0,1-0,0,legacy-unverified,,
2026-09-29,,,Football,Africa Cup of Nations qualifying,Benin,Mauritania,Benin,home,0.5442,54.4,No read,,Board,0,0,won,✓,1,1,0.5442,Benin,2-1,1-0,0,legacy-unverified,,
2026-09-29,,,Football,UEFA Nations League,Slovenia,North Macedonia,Slovenia,home,0.5392,53.9,No read,,Board,0,0,won,✓,1,1,0.5392,Slovenia,2-0,1-0,0,legacy-unverified,,
2026-09-29,,,Football,National League,FC Halifax Town,Boston United,FC Halifax Town,home,0.5271,52.7,No read,,Board,0,0,lost,✗,0,0,0.5271,Draw,1-1,1-0,0,legacy-unverified,,
2026-09-29,,,Football,Africa Cup of Nations qualifying,Mozambique,Sudan,Mozambique,home,0.4925,49.2,No read,,Board,0,0,won,✓,1,1,0.4925,Mozambique,4-1,1-0,0,legacy-unverified,,
2026-09-29,,,Football,UEFA Nations League,Scotland,Switzerland,Switzerland,away,0.4864,48.6,No read,,Board,0,0,won,✓,1,1,0.714,Switzerland,0-3,1-1,0,legacy-unverified,,
2026-09-29,,,Football,Africa Cup of Nations qualifying,Comoros,Namibia,Comoros,home,0.4788,47.9,No read,,Board,0,0,won,✓,1,1,0.4788,Comoros,1-0,1-0,0,legacy-unverified,,
2026-09-29,,,Football,Africa Cup of Nations qualifying,Uganda,Libya,Uganda,home,0.4772,47.7,No read,,Board,0,0,won,✓,1,1,0.4772,Uganda,1-0,1-0,0,legacy-unverified,,
2026-09-29,,,Football,Primera A,Deportivo Pereira,Independiente Santa Fe,Independiente Santa Fe,away,0.4644,46.4,No read,,Board,0,0,won,✓,1,1,0.4644,Independiente Santa Fe,1-2,0-1,0,legacy-unverified,celtic,
2026-09-29,,,Football,UEFA Nations League,Luxembourg,Iceland,Iceland,away,0.463,46.3,No read,,Board,0,0,won,✓,1,1,0.7242,Iceland,0-3,1-1,0,legacy-unverified,,
2026-09-29,,,Football,CONCACAF Nations League,Jamaica,Honduras,Jamaica,home,0.455,45.5,No read,,Board,0,0,lost,✗,0,0,0.455,Honduras,0-1,1-0,0,legacy-unverified,,
2026-09-29,,,Football,National League,Yeovil Town,Worthing,Yeovil Town,home,0.4484,44.8,No read,,Board,0,0,won,✓,1,0,0.7138,Draw,1-1,1-1,1,legacy-unverified,,
2026-09-29,,,Football,Africa Cup of Nations qualifying,Madagascar,Tanzania,Madagascar,home,0.4462,44.6,No read,,Board,0,0,lost,✗,0,0,0.4462,Draw,1-1,1-0,0,legacy-unverified,,
2026-09-29,,,Football,National League,AFC Fylde,Carlisle United,AFC Fylde,home,0.4375,43.8,No read,,Board,0,0,lost,✗,0,0,0.6922,Carlisle United,0-2,1-1,0,legacy-unverified,,
2026-09-29,,,Football,National League,Gateshead,Altrincham,Altrincham,away,0.4323,43.2,No read,,Board,0,0,won,✓,1,1,0.7019,Altrincham,0-1,1-1,0,legacy-unverified,,
2026-09-29,,,Football,National League,Barrow,Scunthorpe United,Barrow,home,0.4197,42.0,No read,,Board,0,0,won,✓,1,1,0.7052,Barrow,3-0,1-1,0,legacy-unverified,celtic,
2026-09-29,,,Football,International friendly,Australia,Brazil,Brazil,away,0.4025,40.2,No read,,Board,0,0,won,✓,1,1,0.7688,Brazil,2-4,1-1,0,legacy-unverified,,
2026-09-29,,,Football,International friendly,Russia,Iran,Iran,away,0.3914,39.1,No read,,Board,0,0,lost,✗,0,0,0.6987,Russia,2-0,1-1,0,legacy-unverified,,
2026-09-29,,,Football,National League,AFC Hornchurch,Aldershot Town,AFC Hornchurch,home,0.3838,38.4,No read,,Board,0,0,won,✓,1,1,0.6725,AFC Hornchurch,2-1,1-1,0,legacy-unverified,,
2026-09-29,,,Football,National League,Hartlepool United,Harrogate Town,Hartlepool United,home,0.3752,37.5,No read,,Board,0,0,lost,✗,0,0,0.664,Harrogate Town,0-1,1-1,0,legacy-unverified,celtic,
2026-09-29,,,Football,UEFA Nations League,Moldova,Faroe Islands,Faroe Islands,away,0.3613,36.1,No read,,Board,0,0,won,✓,1,0,0.7184,Draw,1-1,1-1,1,legacy-unverified,,
2026-09-30,,,Football,UEFA U21 Championship qualifying,Portugal U21,Gibraltar U21,Portugal U21,home,0.9971,99.7,Firm,,Board,0,0,won,✓,1,1,0.9971,Portugal U21,4-0,6-0,0,legacy-unverified,celtic,
2026-09-30,,,Football,UEFA U21 Championship qualifying,Malta U21,Germany U21,Germany U21,away,0.842,84.2,Firm,,Board,0,0,won,✓,1,1,0.842,Germany U21,1-4,0-3,0,legacy-unverified,celtic,
2026-09-30,,,Football,Segunda División,Deportivo Lara,Real Frontera,Deportivo Lara,home,0.8372,83.7,Strong,,Board,0,0,won,✓,1,1,0.8372,Deportivo Lara,4-0,2-0,0,legacy-unverified,,
2026-09-30,,,Football,Women's Champions League,Roma,Barcelona,Roma,home,0.7781,77.8,Firm,,Board,0,0,lost,✗,0,0,0.7781,Barcelona,0-6,2-0,0,legacy-unverified,celtic,
2026-09-30,,,Football,Division 2 - Norrland,Umeå FC Akademi,IFK Umeå,Umeå FC Akademi,home,0.7442,74.4,Strong,,Reserve,0,1,won,✓,1,1,0.7442,Umeå FC Akademi,6-0,3-1,0,legacy-unverified,,
2026-09-30,,,Football,International friendly,Mexico,Peru,Mexico,home,0.7236,72.4,Strong,,Board,0,0,lost,✗,0,0,0.7236,Draw,1-1,1-0,0,legacy-unverified,,
2026-09-30,,,Football,Africa Cup of Nations qualifying,Eritrea,South Africa,South Africa,away,0.7171,71.7,Strong,,Board,0,0,won,✓,1,1,0.7171,South Africa,0-5,0-2,0,legacy-unverified,,
2026-09-30,,,Football,Women's League Cup,Brighton & Hove Albion,Tottenham Hotspur,Brighton & Hove Albion,home,0.7091,70.9,Strong,,Board,0,0,lost,✗,0,0,0.7091,Tottenham Hotspur,0-1,2-0,0,legacy-unverified,,
2026-09-30,,,Football,International friendly,United States,Chile,United States,home,0.6915,69.2,Firm,,Board,0,0,won,✓,1,1,0.6915,United States,4-2,2-0,0,legacy-unverified,,
2026-09-30,,,Football,USL Championship,Miami,Sporting JAX,Miami,home,0.5967,59.7,Lean,,Board,0,0,won,✓,1,1,0.5967,Miami,4-1,2-1,0,legacy-unverified,,
2026-09-30,,,Football,Southern League Premier South,Gosport Borough,Bracknell Town,Gosport Borough,home,0.5913,59.1,Lean,,Board,0,0,lost,✗,0,0,0.5913,Draw,1-1,2-1,0,legacy-unverified,,
2026-09-30,,,Football,Liga 1,Cienciano del Cusco,Los Chankas,Cienciano del Cusco,home,0.5712,57.1,Lean,,Board,0,0,won,✓,1,0,0.7987,Draw,1-1,1-1,1,legacy-unverified,,
2026-09-30,,,Football,Southern League Premier South,Frome Town,Taunton Town,Frome Town,home,0.5546,55.5,Lean,,Board,0,0,lost,✗,0,0,0.5546,Draw,2-2,2-1,0,legacy-unverified,,
2026-09-30,,,Football,Women's Champions League,BK Häcken,Juventus,Juventus,away,0.5495,54.9,No read,,Board,0,0,won,✓,1,1,0.7877,Juventus,0-3,1-1,0,legacy-unverified,celtic,
2026-09-30,,,Football,International friendly,Lithuania,Andorra,Lithuania,home,0.5467,54.7,No read,,Board,0,0,won,✓,1,1,0.5467,Lithuania,3-0,1-0,0,legacy-unverified,,
2026-09-30,,,Football,Women's League Cup,Birmingham City,Liverpool,Birmingham City,home,0.5396,54.0,No read,,Board,0,0,lost,✗,0,0,0.5396,Liverpool,3-4,1-0,0,legacy-unverified,,
2026-09-30,,,Football,Segunda División,Yaracuyanos,Puerto Cabello II,Yaracuyanos,home,0.5155,51.5,No read,,Board,0,0,won,✓,1,1,0.5155,Yaracuyanos,3-0,1-0,0,legacy-unverified,,
2026-09-30,,,Football,Canadian Premier League,Atlético Ottawa,Cavalry,Cavalry,away,0.505,50.5,No read,,Board,0,0,lost,✗,0,0,0.7684,Atlético Ottawa,3-2,1-1,0,legacy-unverified,,
2026-09-30,,,Football,Segunda División,Club Atletico Barinas,Fundación Lara Deportiva,Fundación Lara Deportiva,away,0.4862,48.6,No read,,Board,0,0,won,✓,1,1,0.7252,Fundación Lara Deportiva,1-2,1-1,0,legacy-unverified,,
2026-09-30,,,Football,USL Championship,Rhode Island,Indy Eleven,Rhode Island,home,0.4802,48.0,No read,,Board,0,0,won,✓,1,1,0.7635,Rhode Island,1-0,1-1,0,legacy-unverified,,
2026-09-30,,,Football,Women's League Cup,Crystal Palace,Charlton Athletic,Crystal Palace,home,0.4603,46.0,No read,,Board,0,0,won,✓,1,1,0.7434,Crystal Palace,3-0,1-1,0,legacy-unverified,celtic,
2026-09-30,,,Football,Women's Champions League,Paris,Arsenal,Arsenal,away,0.4554,45.5,No read,,Board,0,0,won,✓,1,0,0.7358,Draw,2-2,1-1,1,legacy-unverified,celtic,
2026-09-30,,,Football,Regionalliga - West,Wiedenbrück,Sportfreunde Siegen,Sportfreunde Siegen,away,0.4516,45.2,No read,,Board,0,0,won,✓,1,1,0.7091,Sportfreunde Siegen,1-3,1-1,0,legacy-unverified,,
2026-09-30,,,Football,National League,Eastleigh,Southend,Southend,away,0.4504,45.0,No read,,Board,0,0,won,✓,1,0,0.7077,Draw,1-1,1-1,1,legacy-unverified,,
2026-09-30,,,Football,USL Championship,Brooklyn,Detroit City,Detroit City,away,0.4498,45.0,No read,,Board,0,0,won,✓,1,1,0.4498,Detroit City,1-3,0-1,0,legacy-unverified,,
2026-09-30,,,Football,1. Liga Classic - Group 2,FC Wohlen,Schötz,FC Wohlen,home,0.416,41.6,No read,,Board,0,0,lost,✗,0,0,0.6701,Schötz,1-5,1-1,0,legacy-unverified,,
2026-09-30,,,Football,National League,Tamworth,Sutton Utd,Tamworth,home,0.416,41.6,No read,,Board,0,0,won,✓,1,1,0.67,Tamworth,2-0,1-1,0,legacy-unverified,,
2026-09-30,,,Football,National League,Eastleigh,Southend United,Southend United,away,0.4154,41.5,No read,,Board,0,0,won,✓,1,0,0.6945,Draw,1-1,1-1,1,legacy-unverified,,
2026-09-30,,,Football,Women's League Cup,Aston Villa,Newcastle United,Aston Villa,home,0.4147,41.5,No read,,Board,0,0,won,✓,1,1,0.6794,Aston Villa,3-1,1-1,0,legacy-unverified,,
2026-09-30,,,Football,Isthmian League Premier,Whyteleafe,Brentwood Town,Whyteleafe,home,0.4061,40.6,No read,,Board,0,0,lost,✗,0,0,0.6596,Brentwood Town,1-2,1-1,0,legacy-unverified,,
2026-09-30,,,Football,International friendly,Seychelles,Sri Lanka,Sri Lanka,away,0.4025,40.2,No read,,Board,0,0,won,✓,1,1,0.6778,Sri Lanka,0-2,1-1,0,legacy-unverified,,
2026-09-30,,,Football,Women's League Cup,West Ham United,Southampton,West Ham United,home,0.3967,39.7,No read,,Board,0,0,won,✓,1,1,0.6583,West Ham United,3-1,1-1,0,legacy-unverified,celtic,
2026-09-30,,,Football,National League,Tamworth,Sutton United,Tamworth,home,0.3894,38.9,No read,,Board,0,0,won,✓,1,1,0.6503,Tamworth,2-0,1-1,0,legacy-unverified,,
2026-09-30,,,Football,Major League Soccer,Red Bull New York,St. Louis CITY,St. Louis CITY,away,0.3887,38.9,No read,,Board,0,0,won,✓,1,1,0.6599,St. Louis CITY,0-3,1-1,0,legacy-unverified,,
2026-09-30,,,Football,Women's Champions League,Benfica,Bayern Munich,Benfica,home,0.387,38.7,No read,,Board,0,0,lost,✗,0,0,0.6239,Bayern Munich,0-3,1-1,0,legacy-unverified,celtic,
2026-09-30,,,Football,Primera División,Montevideo City Torque,Peñarol,Peñarol,away,0.3824,38.2,No read,,Board,0,0,won,✓,1,0,0.6471,Draw,1-1,1-1,1,legacy-unverified,,
2026-09-30,,,Football,Segunda División,Atletico el Vigia,Zamora FC B,Zamora FC B,away,0.3775,37.8,No read,,Board,0,0,lost,✗,0,0,0.6527,Atletico el Vigia,4-3,1-1,0,legacy-unverified,,
2026-09-30,,,Football,International friendly,Fiji,New Caledonia,Fiji,home,0.3771,37.7,No read,,Board,0,0,won,✓,1,1,0.6482,Fiji,2-1,1-1,0,legacy-unverified,,
2026-09-30,,,Football,Primera A,Independiente Medellín,Millonarios,Independiente Medellín,home,0.3689,36.9,No read,,Board,0,0,won,✓,1,0,0.6866,Draw,2-2,1-1,1,legacy-unverified,celtic,
2026-09-30,,,Football,International friendly,Papua New Guinea,Solomon Islands,Papua New Guinea,home,0.3677,36.8,No read,,Board,0,0,won,✓,1,0,0.6527,Draw,1-1,1-1,1,legacy-unverified,,
2026-09-30,,,Football,International friendly,Botswana,Mozambique,Draw,draw,0.357,35.7,No read,,Board,0,0,lost,✗,0,0,0.357,Mozambique,0-2,1-1,0,legacy-unverified,,
2026-10-01,,,Football,UEFA U21 Championship qualifying,San Marino U21,Spain U21,Spain U21,away,0.9932,99.3,Firm,,Board,0,0,won,✓,1,1,0.9932,Spain U21,0-13,0-5,0,legacy-unverified,celtic,
2026-10-01,,,Football,International friendly,Argentina,Bolivia,Argentina,home,0.9754,97.5,Strong,,Daily List,1,0,won,✓,1,1,0.9754,Argentina,4-0,4-0,0,legacy-unverified,,
2026-10-01,,,Football,UEFA Nations League,Azerbaijan,Liechtenstein,Azerbaijan,home,0.854,85.4,Strong,,Daily List,1,0,lost,✗,0,0,0.854,Draw,0-0,2-0,0,legacy-unverified,,
2026-10-01,,,Football,UEFA U21 Championship qualifying,Greece U21,Latvia U21,Greece U21,home,0.7819,78.2,Firm,,Board,0,0,won,✓,1,1,0.7819,Greece U21,4-2,2-0,0,legacy-unverified,celtic,
2026-10-01,,,Football,UEFA Nations League,Germany,Serbia,Germany,home,0.7767,77.7,Strong,,Reserve,0,1,won,✓,1,1,0.7767,Germany,2-0,2-0,0,legacy-unverified,,
2026-10-01,,,Football,UEFA Nations League,Malta,Gibraltar,Malta,home,0.6982,69.8,Firm,,Reserve,0,1,lost,✗,0,0,0.6982,Draw,1-1,2-0,0,legacy-unverified,,
2026-10-01,,,Football,UEFA U21 Championship qualifying,Armenia U21,Italy U21,Italy U21,away,0.6792,67.9,Lean,,Board,0,0,won,✓,1,1,0.6792,Italy U21,0-1,0-2,0,legacy-unverified,celtic,
2026-10-01,,,Football,Women's Champions League,Austria Vienna,Internazionale,Internazionale,away,0.6502,65.0,Lean,,Board,0,0,lost,✗,0,0,0.6502,Draw,1-1,1-2,0,legacy-unverified,celtic,
2026-10-01,,,Football,International friendly,Maldives,Lebanon,Lebanon,away,0.6237,62.4,Firm,,Board,0,0,won,✓,1,1,0.6237,Lebanon,0-6,0-1,0,legacy-unverified,,
2026-10-01,,,Football,Africa Cup of Nations qualifying,Guinea,Kenya,Guinea,home,0.5975,59.8,Lean,,Board,0,0,won,✓,1,1,0.5975,Guinea,1-0,1-0,0,legacy-unverified,,
2026-10-01,,,Football,CONCACAF Nations League,Curaçao,Trinidad and Tobago,Curaçao,home,0.5948,59.5,Lean,,Board,0,0,won,✓,1,1,0.8264,Curaçao,1-0,1-1,0,legacy-unverified,,
2026-10-01,,,Football,Primera B,Envigado,Orsomarso,Envigado,home,0.5904,59.0,No read,,Board,0,0,lost,✗,0,0,0.5904,Draw,0-0,1-0,0,legacy-unverified,celtic,
2026-10-01,,,Football,UEFA Nations League,Greece,Netherlands,Netherlands,away,0.5806,58.1,Lean,,Board,0,0,won,✓,1,0,0.7818,Draw,2-2,1-1,1,legacy-unverified,,
2026-10-01,,,Football,USL Championship,Sacramento Republic,Las Vegas Lights,Sacramento Republic,home,0.5782,57.8,Lean,,Board,0,0,won,✓,1,1,0.5782,Sacramento Republic,3-2,1-0,0,legacy-unverified,,
2026-10-01,,,Football,CONCACAF Nations League,Anguilla,Antigua and Barbuda,Antigua and Barbuda,away,0.5743,57.4,Lean,,Board,0,0,won,✓,1,1,0.7841,Antigua and Barbuda,0-3,1-1,0,legacy-unverified,,
2026-10-01,,,Football,International friendly,Uzbekistan,Syria,Uzbekistan,home,0.5701,57.0,Lean,,Board,0,0,won,✓,1,1,0.5701,Uzbekistan,4-1,1-0,0,legacy-unverified,,
2026-10-01,,,Football,Primera A,Atlético Nacional,Atlético Junior,Atlético Nacional,home,0.5634,56.3,No read,,Board,0,0,won,✓,1,1,0.5634,Atlético Nacional,3-1,1-0,0,legacy-unverified,celtic,
2026-10-01,,,Football,International friendly,Cook Islands,Tahiti,Tahiti,away,0.5348,53.5,No read,,Board,0,0,won,✓,1,0,0.7751,Draw,0-0,1-1,1,legacy-unverified,,
2026-10-01,,,Football,CONCACAF Nations League,Dominica,Guyana,Guyana,away,0.4932,49.3,No read,,Board,0,0,won,✓,1,1,0.7214,Guyana,1-5,1-1,0,legacy-unverified,,
2026-10-01,,,Football,Second League,Pharco,Tersana,Pharco,home,0.4885,48.9,No read,,Board,0,0,lost,✗,0,0,0.4885,Tersana,0-1,1-0,0,legacy-unverified,celtic,
2026-10-01,,,Football,Women's Champions League,Manchester City,Real Madrid,Manchester City,home,0.486,48.6,No read,,Board,0,0,won,✓,1,0,0.7311,Draw,1-1,1-1,1,legacy-unverified,,
2026-10-01,,,Football,UEFA Nations League,Israel,Kosovo,Israel,home,0.4856,48.6,No read,,Board,0,0,won,✓,1,0,0.7473,Draw,0-0,1-1,1,legacy-unverified,,
2026-10-01,,,Football,CONCACAF Nations League,British Virgin Islands,Montserrat,Montserrat,away,0.4739,47.4,No read,,Board,0,0,won,✓,1,1,0.7164,Montserrat,0-2,1-1,0,legacy-unverified,,
2026-10-01,,,Football,Ligue 3,Bastia,Orleans,Bastia,home,0.4492,44.9,No read,,Board,0,0,lost,✗,0,0,0.4492,Draw,1-1,1-0,0,legacy-unverified,celtic,
2026-10-01,,,Football,Second League,El Mansura,Masar,Masar,away,0.449,44.9,No read,,Board,0,0,lost,✗,0,0,0.449,El Mansura,2-0,0-1,0,legacy-unverified,,
2026-10-01,,,Football,USL Championship,FC Tulsa,New Mexico United,FC Tulsa,home,0.4418,44.2,No read,,Board,0,0,won,✓,1,1,0.7393,FC Tulsa,1-0,1-1,0,legacy-unverified,,
2026-10-01,,,Football,UEFA Nations League,Wales,Norway,Norway,away,0.4116,41.2,No read,,Board,0,0,lost,✗,0,0,0.7292,Wales,2-1,1-1,0,legacy-unverified,,
2026-10-01,,,Football,Serie B,Athletic,Sport,Athletic,home,0.4081,40.8,No read,,Board,0,0,lost,✗,0,0,0.4081,Sport,1-2,1-0,0,legacy-unverified,celtic,
2026-10-01,,,Football,UEFA Nations League,Denmark,Portugal,Portugal,away,0.4025,40.2,No read,,Board,0,0,won,✓,1,1,0.7416,Portugal,2-4,1-1,0,legacy-unverified,,
2026-10-01,,,Football,Second League,El Seka El Hadid,El Entag EL Harby,El Seka El Hadid,home,0.384,38.4,No read,,Board,0,0,won,✓,1,1,0.6884,El Seka El Hadid,5-4,1-1,0,legacy-unverified,,
2026-10-01,,,Football,UEFA Nations League,Republic of Ireland,Austria,Austria,away,0.3807,38.1,No read,,Board,0,0,won,✓,1,0,0.741,Draw,2-2,1-1,1,legacy-unverified,,
2026-10-01,,,Football,Second League,La Viena,AL Nasr,La Viena,home,0.3584,35.8,No read,,Board,0,0,lost,✗,0,0,0.7129,AL Nasr,1-3,0-0,0,legacy-unverified,,
2026-10-02,,,Football,1 Lyga,Minija,Kauno Žalgiris II,Minija,home,0.8546,85.5,Strong,,Daily List,1,0,won,✓,1,1,0.8546,Minija,5-0,3-0,0,legacy-unverified,,
2026-10-02,,,Football,UEFA Nations League,France,Italy,France,home,0.7102,71.0,Strong,,Reserve,0,1,lost,✗,0,0,0.7102,Draw,1-1,2-0,0,legacy-unverified,,
2026-10-02,,,Football,Regionalliga - West,Borussia M'gladbach II,Bochum II,Borussia M'gladbach II,home,0.7011,70.1,Strong,,Reserve,0,1,lost,✗,0,0,0.7011,Bochum II,2-3,2-0,0,legacy-unverified,,
2026-10-02,,,Football,UEFA Nations League,Kazakhstan,Moldova,Kazakhstan,home,0.6741,67.4,Firm,,Reserve,0,1,lost,✗,0,0,0.6741,Moldova,1-2,2-0,0,legacy-unverified,,
2026-10-02,,,Football,UEFA Nations League,Ukraine,Northern Ireland,Ukraine,home,0.6551,65.5,Firm,,Board,0,0,lost,✗,0,0,0.6551,Northern Ireland,0-3,1-0,0,legacy-unverified,,
2026-10-02,,,Football,Major League Soccer,Seattle Sounders,Sporting Kansas City,Seattle Sounders,home,0.643,64.3,Firm,,Reserve,0,1,won,✓,1,1,0.643,Seattle Sounders,2-1,2-0,0,legacy-unverified,,
2026-10-02,,,Football,Division 2 - Södra Svealand,Farsta,Fittja,Farsta,home,0.6381,63.8,Firm,,Reserve,0,1,won,✓,1,1,0.6381,Farsta,2-1,2-1,0,legacy-unverified,,
2026-10-02,,,Football,2. Division,VSK Århus,Brabrand,VSK Århus,home,0.6245,62.5,Firm,,Reserve,0,1,lost,✗,0,0,0.6245,Brabrand,0-2,1-0,0,legacy-unverified,,
2026-10-02,,,Football,Ettan - Södra,Lund,Laholm,Lund,home,0.6186,61.9,No read,,Board,0,0,lost,✗,0,0,0.6186,Laholm,0-1,2-0,0,legacy-unverified,celtic,
2026-10-02,,,Football,Oberliga - Bayern Süd,Sportfreunde Schwaig,Kottern,Sportfreunde Schwaig,home,0.6184,61.8,Lean,,Board,0,0,lost,✗,0,0,0.6184,Draw,0-0,2-0,0,legacy-unverified,,
2026-10-02,,,Football,UEFA Nations League,Faroe Islands,Slovakia,Slovakia,away,0.6156,61.6,Lean,,Board,0,0,lost,✗,0,0,0.6156,Draw,1-1,0-1,0,legacy-unverified,,
2026-10-02,,,Football,K3 League,Daejeon Korail,Gangneung City,Daejeon Korail,home,0.6076,60.8,Lean,,Board,0,0,won,✓,1,1,0.6076,Daejeon Korail,2-1,1-0,0,legacy-unverified,,
2026-10-02,,,Football,Ligue 2,USM Annaba,Paradou,USM Annaba,home,0.604,60.4,No read,,Board,0,0,won,✓,1,1,0.604,USM Annaba,2-1,1-0,0,legacy-unverified,celtic,
2026-10-02,,,Football,Division 2 - Norra Svealand,Kungsängen,Sunnersta,Sunnersta,away,0.6028,60.3,Lean,,Board,0,0,lost,✗,0,0,0.6028,Kungsängen,2-1,1-2,0,legacy-unverified,,
2026-10-02,,,Football,International friendly,South Korea,Venezuela,South Korea,home,0.6022,60.2,Lean,,Board,0,0,lost,✗,0,0,0.6022,Draw,0-0,2-0,0,legacy-unverified,,
2026-10-02,,,Football,CONCACAF Nations League,Cayman Islands,Puerto Rico,Puerto Rico,away,0.5989,59.9,Lean,,Board,0,0,won,✓,1,1,0.5989,Puerto Rico,0-3,0-2,0,legacy-unverified,,
2026-10-02,,,Football,CONCACAF Nations League,Nicaragua,Costa Rica,Costa Rica,away,0.5983,59.8,Lean,,Board,0,0,won,✓,1,1,0.5983,Costa Rica,0-3,0-1,0,legacy-unverified,,
2026-10-02,,,Football,First Division,Bray Wanderers,Cobh Ramblers,Bray Wanderers,home,0.593,59.3,Lean,,Board,0,0,lost,✗,0,0,0.593,Cobh Ramblers,1-4,2-1,0,legacy-unverified,,
2026-10-02,,,Football,Second League,Kahraba Ismailia,Mega Sport,Kahraba Ismailia,home,0.5853,58.5,Lean,,Board,0,0,won,✓,1,1,0.5853,Kahraba Ismailia,2-0,1-0,0,legacy-unverified,,
2026-10-02,,,Football,Division 2 - Västra Götaland,Lindome,Galtabacks,Lindome,home,0.5759,57.6,Lean,,Board,0,0,won,✓,1,1,0.5759,Lindome,4-3,2-1,0,legacy-unverified,,
2026-10-02,,,Football,Oberliga - Bayern Nord,Kornburg,Nordlingen,Kornburg,home,0.5726,57.3,No read,,Board,0,0,won,✓,1,1,0.8117,Kornburg,5-0,1-1,0,legacy-unverified,celtic,
2026-10-02,,,Football,UEFA Nations League,Hungary,Georgia,Hungary,home,0.571,57.1,Lean,,Board,0,0,won,✓,1,1,0.571,Hungary,1-0,1-0,0,legacy-unverified,,
2026-10-02,,,Football,Oberliga - Bayern Süd,1860 München II,1860 Rosenheim,1860 München II,home,0.563,56.3,Lean,,Board,0,0,won,✓,1,1,0.563,1860 München II,4-0,2-1,0,legacy-unverified,,
2026-10-02,,,Football,Division 2 - Västra Götaland,Hestrafor,Onsala,Hestrafor,home,0.5573,55.7,Lean,,Board,0,0,lost,✗,0,0,0.5573,Onsala,0-1,2-1,0,legacy-unverified,,
2026-10-02,,,Football,Persha Liga,SK Poltava,Chernihiv,SK Poltava,home,0.547,54.7,No read,,Board,0,0,won,✓,1,1,0.547,SK Poltava,3-2,1-0,0,legacy-unverified,,
2026-10-02,,,Football,Serie B,Novorizontino,Goiás,Novorizontino,home,0.5434,54.3,No read,,Board,0,0,won,✓,1,1,0.5434,Novorizontino,3-0,1-0,0,legacy-unverified,celtic,
2026-10-02,,,Football,Ligue 2,US Chaouia,Khroub,US Chaouia,home,0.5381,53.8,No read,,Board,0,0,lost,✗,0,0,0.5381,Draw,0-0,1-0,0,legacy-unverified,,
2026-10-02,,,Football,Druha Liga,Penuel,Atlet,Atlet,away,0.5369,53.7,No read,,Board,0,0,won,✓,1,0,0.7725,Draw,1-1,1-1,1,legacy-unverified,,
2026-10-02,,,Football,Ligue 2,CA Batna,MSP Batna,CA Batna,home,0.5354,53.5,No read,,Board,0,0,lost,✗,0,0,0.5354,MSP Batna,0-1,1-0,0,legacy-unverified,,
2026-10-02,,,Football,Regionalliga - Ost,Favoritner,Mannsdorf-Großenzersdorf,Mannsdorf-Großenzersdorf,away,0.5328,53.3,No read,,Board,0,0,won,✓,1,0,0.7878,Draw,1-1,1-1,1,legacy-unverified,,
2026-10-02,,,Football,UEFA Nations League,Poland,Romania,Poland,home,0.5326,53.3,No read,,Board,0,0,won,✓,1,1,0.7977,Poland,6-0,1-1,0,legacy-unverified,,
2026-10-02,,,Football,Regionalliga - Ost,Oberwart,SV Horn,Oberwart,home,0.5238,52.4,No read,,Board,0,0,won,✓,1,1,0.7652,Oberwart,3-1,1-1,0,legacy-unverified,,
2026-10-02,,,Football,International friendly,Mauritius,Sri Lanka,Mauritius,home,0.5227,52.3,No read,,Board,0,0,won,✓,1,1,0.5227,Mauritius,3-0,1-0,0,legacy-unverified,,
2026-10-02,2026-10-02T13:00:00Z,,Football,Premier League,Royal Leopards,Ezulwini United,Royal Leopards,home,0.5167,51.7,No read,,Board,0,0,won,✓,1,1,0.7671,Royal Leopards,3-1,1-1,0,legacy-unverified,,
2026-10-02,,,Football,Oberliga - Bayern Nord,DJK Bamberg,Eintracht Bamberg,Eintracht Bamberg,away,0.5135,51.3,No read,,Board,0,0,won,✓,1,0,0.768,Draw,1-1,1-1,1,legacy-unverified,,
2026-10-02,,,Football,1. Division,Ranheim,Egersund,Ranheim,home,0.4998,50.0,No read,,Board,0,0,won,✓,1,1,0.7313,Ranheim,5-0,1-1,0,legacy-unverified,,
2026-10-02,,,Football,2. Division,Fremad Amager,B 93,Fremad Amager,home,0.4882,48.8,No read,,Board,0,0,lost,✗,0,0,0.7554,B 93,0-3,1-1,0,legacy-unverified,celtic,
2026-10-02,,,Football,Tercera División RFEF - Group 12,Real Unión de Tenerife,Laguna de Duero,Real Unión de Tenerife,home,0.4856,48.6,No read,,Board,0,0,won,✓,1,1,0.4856,Real Unión de Tenerife,1-0,1-0,0,legacy-unverified,,
2026-10-02,,,Football,Ettan - Norra,Karlberg,Sollentuna,Karlberg,home,0.4757,47.6,No read,,Board,0,0,won,✓,1,1,0.7513,Karlberg,3-2,1-1,0,legacy-unverified,,
2026-10-02,,,Football,National 2 - Group C,Istres,Chateauroux,Istres,home,0.4691,46.9,No read,,Board,0,0,lost,✗,0,0,0.4691,Draw,0-0,1-0,0,legacy-unverified,celtic,
2026-10-02,,,Football,Regionalliga - West,Bonner,Westfalia Rhynern,Bonner,home,0.4674,46.7,No read,,Board,0,0,won,✓,1,1,0.7145,Bonner,2-1,1-1,0,legacy-unverified,,
2026-10-02,,,Football,Division 2 - Södra Götaland,Staffanstorp United,Sölvesborg,Staffanstorp United,home,0.4665,46.7,No read,,Board,0,0,won,✓,1,1,0.7088,Staffanstorp United,4-0,1-1,0,legacy-unverified,,
2026-10-02,,,Football,Division 2 - Västra Götaland,Torslanda,Kongahälla,Torslanda,home,0.4589,45.9,No read,,Board,0,0,won,✓,1,1,0.4589,Torslanda,2-0,2-1,0,legacy-unverified,celtic,
2026-10-02,,,Football,2. Division,Naestved,Nykobing,Nykobing,away,0.4588,45.9,No read,,Board,0,0,won,✓,1,0,0.719,Draw,1-1,1-1,1,legacy-unverified,celtic,
2026-10-02,,,Football,First Division,Athlone Town,Cork City,Cork City,away,0.4583,45.8,No read,,Board,0,0,lost,✗,0,0,0.732,Athlone Town,2-1,1-1,0,legacy-unverified,celtic,
2026-10-02,2026-10-02T23:45:00Z,,Football,Serie B,Juventude,Operário PR,Juventude,home,0.4521,45.2,No read,,Board,0,0,won,✓,1,1,0.4521,Juventude,3-0,1-0,0,legacy-unverified,celtic,
2026-10-02,2026-10-02T22:00:00Z,,Football,Primera B,Depor,Real Cundinamarca,Real Cundinamarca,away,0.4505,45.1,No read,,Board,0,0,won,✓,1,1,0.7202,Real Cundinamarca,1-2,1-1,0,legacy-unverified,,
2026-10-02,,,Football,Liga 2,Persiraja Banda Aceh,Sumsel United,Persiraja Banda Aceh,home,0.4488,44.9,No read,,Board,0,0,lost,✗,0,0,0.7304,Sumsel United,1-2,1-1,0,legacy-unverified,,
2026-10-02,,,Football,Regionalliga - SudWest,Stuttgarter Kickers,Kickers Offenbach,Stuttgarter Kickers,home,0.4465,44.6,No read,,Board,0,0,won,✓,1,1,0.6901,Stuttgarter Kickers,2-0,1-1,0,legacy-unverified,,
2026-10-02,2026-10-02T22:30:00Z,,Football,Serie B,São Bernardo,CRB,São Bernardo,home,0.4461,44.6,No read,,Board,0,0,won,✓,1,1,0.7293,São Bernardo,3-1,1-1,0,legacy-unverified,celtic,
2026-10-02,,,Football,Eerste Divisie,Helmond Sport,Heracles Almelo,Heracles Almelo,away,0.4437,44.4,No read,,Board,0,0,won,✓,1,0,0.6964,Draw,2-2,1-1,1,legacy-unverified,celtic,
2026-10-02,,,Football,First Division,Finn Harps,Kerry,Kerry,away,0.4413,44.1,No read,,Board,0,0,won,✓,1,1,0.7272,Kerry,1-2,1-1,0,legacy-unverified,,
2026-10-02,2026-10-02T13:00:00Z,,Football,Premier League,Green Mamba,Tabankulu,Green Mamba,home,0.4395,44.0,No read,,Board,0,0,won,✓,1,1,0.4395,Green Mamba,2-0,1-0,0,legacy-unverified,,
2026-10-02,,,Football,J3 League,Biwako Shiga,Roasso Kumamoto,Biwako Shiga,home,0.4371,43.7,No read,,Board,0,0,won,✓,1,0,0.732,Draw,0-0,1-1,1,legacy-unverified,celtic,
2026-10-02,,,Football,CONCACAF Nations League,Dominican Republic,Haiti,Haiti,away,0.4354,43.5,No read,,Board,0,0,won,✓,1,1,0.7406,Haiti,1-4,1-1,0,legacy-unverified,,
2026-10-02,2026-10-02T23:00:00Z,,Football,Serie A,São Paulo,Santos,São Paulo,home,0.4322,43.2,No read,,Board,0,0,lost,✗,0,0,0.7166,Santos,1-2,1-1,0,legacy-unverified,,
2026-10-02,,,Football,Ligue 2,MO Constantine,CR Béni Thour,MO Constantine,home,0.4314,43.1,No read,,Board,0,0,won,✓,1,1,0.4314,MO Constantine,2-1,1-0,0,legacy-unverified,,
2026-10-02,,,Football,Regionalliga - SudWest,SV Sandhausen,Kaiserslautern II,SV Sandhausen,home,0.4292,42.9,No read,,Board,0,0,won,✓,1,0,0.6629,Draw,1-1,1-1,1,legacy-unverified,celtic,
2026-10-02,2026-10-02T22:15:00Z,,Football,Liga Profesional,Independiente,Instituto (Córdoba),Independiente,home,0.4253,42.5,No read,,Board,0,0,lost,✗,0,0,0.7269,Instituto (Córdoba),1-4,1-1,0,legacy-unverified,celtic,
2026-10-02,2026-10-02T16:30:00Z,,Football,3. liga - West,MŠK Senec,Spartak Myjava,Spartak Myjava,away,0.4224,42.2,No read,,Board,0,0,won,✓,1,1,0.7051,Spartak Myjava,0-1,1-1,0,legacy-unverified,,
2026-10-02,,,Football,LaLiga 2,Eldense,Real Oviedo,Real Oviedo,away,0.4195,41.9,No read,,Board,0,0,lost,✗,0,0,0.4195,Eldense,4-1,0-1,0,legacy-unverified,,
2026-10-02,,,Football,Second League,El Dakhleya,Maleyet Kafr El Zayiat,Maleyet Kafr El Zayiat,away,0.4139,41.4,No read,,Board,0,0,lost,✗,0,0,0.7581,El Dakhleya,2-1,0-0,0,legacy-unverified,,
2026-10-02,,,Football,Regionalliga - Ost,Gloggnitz,Traiskirchen,Traiskirchen,away,0.4115,41.1,No read,,Board,0,0,lost,✗,0,0,0.6372,Gloggnitz,1-0,1-1,0,legacy-unverified,,
2026-10-02,,,Football,International friendly,China,Palestine,China,home,0.4101,41.0,No read,,Board,0,0,lost,✗,0,0,0.7243,Palestine,0-5,1-1,0,legacy-unverified,,
2026-10-02,,,Football,Division 2 - Västra Götaland,Qviding FIF,Landvetter IS,Landvetter IS,away,0.4068,40.7,No read,,Board,0,0,won,✓,1,1,0.6453,Landvetter IS,0-1,1-1,0,legacy-unverified,,
2026-10-02,,,Football,Division 2 - Södra Götaland,Lilla Torg,Nosaby,Lilla Torg,home,0.4068,40.7,No read,,Board,0,0,lost,✗,0,0,0.6682,Nosaby,2-3,1-1,0,legacy-unverified,,
2026-10-02,,,Football,UEFA Nations League,Cyprus,Armenia,Cyprus,home,0.4062,40.6,No read,,Board,0,0,won,✓,1,1,0.7017,Cyprus,2-0,1-1,0,legacy-unverified,,
2026-10-02,,,Football,Ligue 2,Teleghma,NC Magra,Teleghma,home,0.4051,40.5,No read,,Board,0,0,lost,✗,0,0,0.7152,NC Magra,1-2,1-1,0,legacy-unverified,,
2026-10-02,,,Football,Oberliga - Bayern Nord,Weiden,Viktoria Aschaffenburg,Weiden,home,0.4049,40.5,No read,,Board,0,0,won,✓,1,0,0.6406,Draw,1-1,1-1,1,legacy-unverified,,
2026-10-02,,,Football,Regionalliga - Ost,Krems / Rehberg,Wiener,Krems / Rehberg,home,0.4048,40.5,No read,,Board,0,0,won,✓,1,1,0.6739,Krems / Rehberg,4-3,1-1,0,legacy-unverified,,
2026-10-02,,,Football,Ettan - Södra,Kristianstad,AFC Malmo,AFC Malmo,away,0.3906,39.1,No read,,Board,0,0,won,✓,1,1,0.6641,AFC Malmo,0-1,1-1,0,legacy-unverified,celtic,
2026-10-02,,,Football,First Division,Treaty United,UCD,UCD,away,0.3894,38.9,No read,,Board,0,0,won,✓,1,1,0.6675,UCD,0-4,1-1,0,legacy-unverified,,
2026-10-02,,,Football,Liga Premier Serie B,Huracanes Izcalli,Atletico Hidalgo,Atletico Hidalgo,away,0.3894,38.9,No read,,Board,0,0,lost,✗,0,0,0.6509,Huracanes Izcalli,6-1,1-1,0,legacy-unverified,,
2026-10-02,,,Football,1. Division,Volna,Lida,Lida,away,0.3878,38.8,No read,,Board,0,0,won,✓,1,1,0.6287,Lida,0-2,1-1,0,legacy-unverified,,
2026-10-02,,,Football,UEFA Nations League,Latvia,Montenegro,Montenegro,away,0.3867,38.7,No read,,Board,0,0,won,✓,1,1,0.3867,Montenegro,1-2,0-1,0,legacy-unverified,,
2026-10-02,,,Football,Division 2 - Södra Svealand,Smedby,Nyköping,Smedby,home,0.3865,38.6,No read,,Board,0,0,won,✓,1,0,0.6579,Draw,1-1,1-1,1,legacy-unverified,,
2026-10-02,,,Football,1. Division,BATE II,Ostrovets,Ostrovets,away,0.3862,38.6,No read,,Board,0,0,won,✓,1,0,0.6433,Draw,1-1,1-1,1,legacy-unverified,,
2026-10-02,,,Football,First Division,Wexford,Longford Town,Wexford,home,0.3794,37.9,No read,,Board,0,0,won,✓,1,0,0.6709,Draw,3-3,1-1,1,legacy-unverified,,
2026-10-02,,,Football,Second League,Baladiyyat Al Mehalla,Team,Baladiyyat Al Mehalla,home,0.3783,37.8,No read,,Board,0,0,won,✓,1,1,0.7051,Baladiyyat Al Mehalla,3-1,0-0,0,legacy-unverified,,
2026-10-02,,,Football,Second League,Tanta,Haras El Hodood,Haras El Hodood,away,0.376,37.6,No read,,Board,0,0,won,✓,1,1,0.7246,Haras El Hodood,0-2,0-0,0,legacy-unverified,celtic,
2026-10-02,2026-10-02T22:00:00Z,,Football,Primera Nacional,Ferro Carril Oeste,Deportivo Madryn,Ferro Carril Oeste,home,0.3747,37.5,No read,,Board,0,0,lost,✗,0,0,0.6933,Deportivo Madryn,0-2,1-1,0,legacy-unverified,,
2026-10-02,,,Football,Liga 2,Dejan,Persipura Jayapura,Persipura Jayapura,away,0.3714,37.1,No read,,Board,0,0,won,✓,1,1,0.6791,Persipura Jayapura,1-3,1-1,0,legacy-unverified,,
2026-10-02,,,Football,Copa Argentina,Platense,Estudiantes de La Plata,Estudiantes de La Plata,away,0.3711,37.1,No read,,Board,0,0,lost,✗,0,0,0.7378,Platense,1-0,0-0,0,legacy-unverified,celtic,
2026-10-02,2026-10-02T23:30:00Z,,Football,Serie B,Londrina,Criciúma,Londrina,home,0.368,36.8,No read,,Board,0,0,lost,✗,0,0,0.6875,Criciúma,0-2,1-1,0,legacy-unverified,celtic,
2026-10-02,,,Football,CONCACAF Nations League,Suriname,Guatemala,Suriname,home,0.3655,36.5,No read,,Board,0,0,won,✓,1,0,0.6976,Draw,0-0,1-1,1,legacy-unverified,,
2026-10-02,2026-10-02T23:00:00Z,,Football,Primera División,Universidad de Concepción,Huachipato,Huachipato,away,0.36,36.0,No read,,Board,0,0,won,✓,1,1,0.6534,Huachipato,0-2,1-1,0,legacy-unverified,,
2026-10-02,,,Football,1 Lyga,Garliava,Dainava,Dainava,away,0.3594,35.9,No read,,Board,0,0,lost,✗,0,0,0.6621,Garliava,2-1,1-1,0,legacy-unverified,,
2026-10-02,,,Football,Primera C,Defensores de Cambaceres,Victoriano Arenas,Draw,draw,0.3492,34.9,No read,,Board,0,0,lost,✗,0,0,0.3492,Victoriano Arenas,0-1,0-0,0,legacy-unverified,,
2026-10-02,,,Football,Second League,Proxy,Itesalat,Proxy,home,0.3409,34.1,No read,,Board,0,0,lost,✗,0,0,0.6751,Itesalat,0-3,0-0,0,legacy-unverified,,
2026-10-03,2026-10-03T16:00:00Z,2026-10-03T10:30:05Z,Football,UEFA Nations League,Belarus,San Marino,Belarus,home,0.9628,96.3,Strong,,Daily List,1,0,won,✓,1,1,0.9628,Belarus,4-0,4-0,0,verified,,
2026-10-03,2026-10-03T17:00:00Z,2026-10-03T10:30:05Z,Football,UEFA U21 Championship qualifying,France U21,Luxembourg U21,France U21,home,0.9456,94.6,Firm,,Board,0,0,won,✓,1,1,0.9456,France U21,3-2,3-0,0,verified,celtic,
2026-10-03,2026-10-03T14:00:00Z,2026-10-03T10:30:05Z,Football,International friendly,India,Brazil,Brazil,away,0.9303,93.0,Strong,,Reserve,0,1,won,✓,1,1,0.9303,Brazil,0-4,0-3,0,verified,,
2026-10-03,2026-10-03T11:00:00Z,2026-10-03T10:30:05Z,Football,Division 2 - Norra Götaland,Husqvarna,Vänersborgs IF,Husqvarna,home,0.9161,91.6,Firm,,Board,0,0,won,✓,1,1,0.9161,Husqvarna,4-0,4-0,0,verified,celtic,
2026-10-03,2026-10-03T15:00:00Z,2026-10-03T10:30:05Z,Football,International friendly,Russia,Namibia,Russia,home,0.8474,84.7,Strong,,Daily List,1,0,won,✓,1,1,0.8474,Russia,6-0,2-0,0,verified,,
2026-10-03,2026-10-03T09:00:00Z,2026-10-03T00:28:30Z,Football,NB III - Southeast,Vasas II,BKV Előre,Vasas II,home,0.8469,84.7,Strong,,Daily List,1,0,won,✓,1,1,0.8469,Vasas II,3-0,3-0,0,verified,,
2026-10-03,2026-10-03T15:00:00Z,2026-10-03T10:30:05Z,Football,Tercera División RFEF - Group 3,Laredo,Barquereño,Laredo,home,0.8243,82.4,Strong,,Daily List,1,0,won,✓,1,1,0.8243,Laredo,3-0,2-0,0,verified,,
2026-10-03,2026-10-03T16:30:00Z,2026-10-03T10:30:05Z,Football,League One,Hamilton Academical,Peterhead,Hamilton Academical,home,0.7956,79.6,Strong,,Daily List,1,0,won,✓,1,1,0.7956,Hamilton Academical,2-1,2-0,0,verified,,
2026-10-03,2026-10-03T14:00:00Z,2026-10-03T10:30:05Z,Football,1. Division,Stromsgodset,Asane,Stromsgodset,home,0.7859,78.6,Firm,,Board,0,0,won,✓,1,1,0.7859,Stromsgodset,1-0,2-0,0,verified,celtic,
2026-10-03,2026-10-03T11:00:00Z,2026-10-03T10:30:05Z,Football,NB III - Southwest,Pécsi MFC,Budafoki LC,Pécsi MFC,home,0.7721,77.2,Firm,,Board,0,0,won,✓,1,1,0.7721,Pécsi MFC,2-1,2-0,0,verified,celtic,
2026-10-03,2026-10-03T11:00:00Z,2026-10-03T10:30:05Z,Football,Ettan - Norra,Stockholm Internazionale,Assyriska FF,Stockholm Internazionale,home,0.7708,77.1,Strong,,Daily List,1,0,won,✓,1,1,0.7708,Stockholm Internazionale,3-0,2-0,0,verified,,
2026-10-03,2026-10-03T13:00:00Z,2026-10-03T10:30:05Z,Football,3. liga - East,Lipany,Partizán Bardejov,Lipany,home,0.7651,76.5,Strong,,Daily List,1,0,lost,✗,0,0,0.7651,Partizán Bardejov,1-3,3-1,0,verified,,
2026-10-03,2026-10-03T14:00:00Z,2026-10-03T10:30:05Z,Football,Tercera División RFEF - Group 11,Manacor,Andratx,Manacor,home,0.7629,76.3,Firm,,Board,0,0,won,✓,1,1,0.7629,Manacor,2-1,2-0,0,verified,celtic,
2026-10-03,2026-10-03T18:45:00Z,2026-10-03T10:30:05Z,Football,Ligue 3,Amiens,Villefranche,Amiens,home,0.7614,76.1,Firm,,Board,0,0,won,✓,1,1,0.7614,Amiens,3-0,2-0,0,verified,celtic,
2026-10-03,2026-10-03T18:45:00Z,2026-10-03T10:30:05Z,Football,Ligue 3,Rouen,Bourg-en-bresse 01,Rouen,home,0.749,74.9,Strong,,Reserve,0,1,won,✓,1,1,0.749,Rouen,2-0,2-0,0,verified,,
2026-10-03,2026-10-03T09:30:00Z,2026-10-03T00:28:30Z,Football,Esiliiga B,Legion,Levadia U19,Levadia U19,away,0.7488,74.9,Strong,,Board,0,0,won,✓,1,1,0.7488,Levadia U19,0-3,1-3,0,verified,,
2026-10-03,2026-10-03T18:45:00Z,2026-10-03T10:30:05Z,Football,UEFA Nations League,Switzerland,Slovenia,Switzerland,home,0.74,74.0,Strong,,Reserve,0,1,won,✓,1,1,0.74,Switzerland,2-1,2-0,0,verified,,
2026-10-03,2026-10-03T13:30:00Z,2026-10-03T10:30:05Z,Football,Regionalliga - Ost,Fach-Donaufeld,Wienerberg,Fach-Donaufeld,home,0.7362,73.6,Strong,,Board,0,0,won,✓,1,1,0.7362,Fach-Donaufeld,2-0,2-0,0,verified,,
2026-10-03,2026-10-03T16:00:00Z,2026-10-03T10:30:05Z,Football,2. Lig,Isparta 32 Spor,Hatayspor,Isparta 32 Spor,home,0.7345,73.5,Firm,,Board,0,0,won,✓,1,1,0.7345,Isparta 32 Spor,1-0,2-0,0,verified,celtic,
2026-10-03,2026-10-03T12:00:00Z,2026-10-03T10:30:05Z,Football,Division 2 - Norra Götaland,Skara,Kumla,Skara,home,0.733,73.3,Strong,,Reserve,0,1,won,✓,1,1,0.733,Skara,3-1,2-0,0,verified,,
2026-10-03,2026-10-03T13:00:00Z,2026-10-03T10:30:05Z,Football,1st League - RS,FK Romanija Pale,Laktaši,Laktaši,away,0.7325,73.2,Strong,,Reserve,0,1,lost,✗,0,0,0.7325,FK Romanija Pale,2-1,0-2,0,verified,,
2026-10-03,2026-10-03T11:00:00Z,2026-10-03T10:30:05Z,Football,Division 2 - Norra Svealand,Täby,Viggbyholms IK,Täby,home,0.7275,72.8,Strong,,Reserve,0,1,won,✓,1,1,0.7275,Täby,3-0,2-0,0,verified,,
2026-10-03,2026-10-03T16:00:00Z,2026-10-03T10:30:05Z,Football,2. Lig,Menemen FK,Adana Demirspor,Menemen FK,home,0.7209,72.1,Firm,,Board,0,0,won,✓,1,1,0.7209,Menemen FK,2-0,2-0,0,verified,celtic,
2026-10-03,2026-10-03T12:00:00Z,2026-10-03T10:30:05Z,Football,3. Lig - Group 3,Adanaspor,Mazıdağı Fosfatspor,Mazıdağı Fosfatspor,away,0.7206,72.1,Firm,,Board,0,0,won,✓,1,1,0.7206,Mazıdağı Fosfatspor,1-2,0-2,0,verified,celtic,
2026-10-03,2026-10-03T11:00:00Z,2026-10-03T10:30:05Z,Football,NB III - Southeast,Szegedi VSE,ESMTK,ESMTK,away,0.7153,71.5,Strong,,Reserve,0,1,won,✓,1,1,0.7153,ESMTK,1-4,0-2,0,verified,,
2026-10-03,2026-10-03T09:30:00Z,2026-10-03T00:28:30Z,Football,Esiliiga B,Tulevik,Tallinna Kalev II,Tulevik,home,0.7144,71.4,Firm,,Board,0,0,lost,✗,0,0,0.7144,Tallinna Kalev II,1-3,3-1,0,verified,celtic,
2026-10-03,2026-10-03T01:00:00Z,2026-10-03T00:28:30Z,Football,Primera Division,Rancho Santana,Managua,Managua,away,0.7132,71.3,Strong,,Reserve,0,1,won,✓,1,1,0.7132,Managua,1-6,0-2,0,verified,,
2026-10-03,2026-10-03T20:00:00Z,2026-10-03T10:30:05Z,Football,División Profesional,Guaraní,Sportivo San Lorenzo,Guaraní,home,0.7121,71.2,Firm,,Board,0,0,lost,✗,0,0,0.7121,Draw,1-1,2-0,0,verified,celtic,
2026-10-03,2026-10-03T09:45:00Z,2026-10-03T00:28:30Z,Football,Premier League,Bantu,Mzamane,Bantu,home,0.7072,70.7,Strong,,Board,0,0,won,✓,1,1,0.7072,Bantu,4-1,2-0,0,verified,,
2026-10-03,2026-10-03T13:00:00Z,2026-10-03T10:30:05Z,Football,2. Division - Group 1,Notodden,Eik-Tønsberg,Notodden,home,0.7019,70.2,Strong,,Reserve,0,1,lost,✗,0,0,0.7019,Eik-Tønsberg,1-3,2-0,0,verified,,
2026-10-03,2026-10-03T00:00:00Z,2026-10-02T23:53:36Z,Football,International friendly,Colombia,Paraguay,Colombia,home,0.6978,69.8,Firm,,Reserve,0,1,lost,✗,0,0,0.6978,Paraguay,0-1,1-0,0,verified,,
2026-10-03,2026-10-03T11:00:00Z,2026-10-03T10:30:05Z,Football,Division 2 - Södra Götaland,Växjö Norra,Karlshamn,Växjö Norra,home,0.6937,69.4,Firm,,Reserve,0,1,lost,✗,0,0,0.6937,Karlshamn,0-2,2-0,0,verified,,
2026-10-03,2026-10-03T20:00:00Z,2026-10-03T10:30:05Z,Football,Serie B,Cuiabá,Ponte Preta,Cuiabá,home,0.6924,69.2,Lean,,Board,0,0,won,✓,1,1,0.6924,Cuiabá,2-0,1-0,0,verified,celtic,
2026-10-03,2026-10-03T12:00:00Z,2026-10-03T10:30:05Z,Football,2. Division - Group 2,Ull/Kisa,Kjelsås,Kjelsås,away,0.6893,68.9,Firm,,Reserve,0,1,won,✓,1,1,0.6893,Kjelsås,1-2,1-3,0,verified,,
2026-10-03,2026-10-03T14:00:00Z,2026-10-03T10:30:05Z,Football,1. Liga Classic - Group 2,Solothurn,Münsingen,Solothurn,home,0.6858,68.6,Firm,,Reserve,0,1,won,✓,1,1,0.6858,Solothurn,3-0,2-1,0,verified,,
2026-10-03,2026-10-03T14:00:00Z,2026-10-03T10:30:05Z,Football,National League,Boreham Wood,Altrincham,Boreham Wood,home,0.683,68.3,Firm,,Reserve,0,1,won,✓,1,1,0.683,Boreham Wood,3-1,2-0,0,verified,,
2026-10-03,2026-10-03T11:00:00Z,2026-10-03T10:30:05Z,Football,Premier League,SC Villa,Members,SC Villa,home,0.6828,68.3,Lean,,Board,0,0,lost,✗,0,0,0.6828,Members,0-1,1-0,0,verified,celtic,
2026-10-03,2026-10-03T14:00:00Z,2026-10-03T10:30:05Z,Football,League Two,Spartans,Kelty Hearts,Spartans,home,0.6807,68.1,Lean,,Board,0,0,lost,✗,0,0,0.6807,Kelty Hearts,0-2,2-0,0,verified,celtic,
2026-10-03,2026-10-03T10:00:00Z,2026-10-03T00:28:30Z,Football,1. Division,Orsha,Niva,Niva,away,0.6803,68.0,Firm,,Reserve,0,1,lost,✗,0,0,0.6803,Draw,0-0,1-2,0,verified,,
2026-10-03,2026-10-03T14:00:00Z,2026-10-03T10:30:05Z,Football,Ligue 2,Sfax Railways,AS Gabes,Sfax Railways,home,0.6773,67.7,Lean,,Board,0,0,lost,✗,0,0,0.6773,Draw,0-0,2-0,0,verified,celtic,
2026-10-03,2026-10-03T11:00:00Z,2026-10-03T10:30:05Z,Football,NB III - Southeast,Szolnoki MAV,Gyulai Termál,Gyulai Termál,away,0.6746,67.5,Firm,,Board,0,0,won,✓,1,1,0.6746,Gyulai Termál,3-4,1-2,0,verified,,
2026-10-03,2026-10-03T20:30:00Z,2026-10-03T10:30:05Z,Football,Segunda División,Fundación Lara Deportiva,Atletico el Vigia,Fundación Lara Deportiva,home,0.6737,67.4,Firm,,Reserve,0,1,lost,✗,0,0,0.6737,Atletico el Vigia,2-4,2-0,0,verified,,
2026-10-03,2026-10-03T12:00:00Z,2026-10-03T10:30:05Z,Football,Regionalliga - SudWest,SGV Freiberg,TSV Steinbach,SGV Freiberg,home,0.6716,67.2,Firm,,Reserve,0,1,lost,✗,0,0,0.6716,Draw,2-2,2-1,0,verified,,
2026-10-03,2026-10-03T14:00:00Z,2026-10-03T10:30:05Z,Football,Northern Premier League,Redcar Athletic,Alfreton Town,Redcar Athletic,home,0.6699,67.0,Lean,,Board,0,0,won,✓,1,1,0.6699,Redcar Athletic,3-1,2-0,0,verified,celtic,
2026-10-03,2026-10-03T11:00:00Z,2026-10-03T10:30:05Z,Football,Ligue A,Rukinzo,Young Star,Rukinzo,home,0.6633,66.3,Firm,,Board,0,0,won,✓,1,1,0.6633,Rukinzo,7-0,2-0,0,verified,,
2026-10-03,2026-10-03T11:00:00Z,2026-10-03T10:30:05Z,Football,NB III - Northeast,Cigand SE,Gödöllő,Cigand SE,home,0.6616,66.2,Firm,,Reserve,0,1,lost,✗,0,0,0.6616,Draw,2-2,2-0,0,verified,,
2026-10-03,2026-10-03T13:00:00Z,2026-10-03T10:30:05Z,Football,Premier League,Lifofane,Machokha,Lifofane,home,0.6598,66.0,Firm,,Reserve,0,1,lost,✗,0,0,0.6598,Machokha,1-2,1-0,0,verified,,
2026-10-03,2026-10-03T13:00:00Z,2026-10-03T10:30:05Z,Football,3. liga - East,Lokomotíva Košice,Vranov nad Topľou,Lokomotíva Košice,home,0.6562,65.6,Firm,,Reserve,0,1,won,✓,1,1,0.6562,Lokomotíva Košice,3-0,2-0,0,verified,,
2026-10-03,2026-10-03T16:00:00Z,2026-10-03T10:30:05Z,Football,D1 Arkema,OL Lyonnes,Toulouse,OL Lyonnes,home,0.6539,65.4,Firm,,Board,0,0,won,✓,1,1,0.6539,OL Lyonnes,5-0,2-1,0,verified,,
2026-10-03,2026-10-03T08:00:00Z,2026-10-03T00:28:30Z,Football,J2 League,Tochigi City,Imabari,Tochigi City,home,0.6536,65.4,Lean,,Board,0,0,lost,✗,0,0,0.6536,Imabari,1-2,2-0,0,verified,celtic,
2026-10-03,,,Football,National League,Southend United,AFC Fylde,Southend United,home,0.6512,65.1,Firm,,Board,0,0,won,✓,1,1,0.6512,Southend United,3-1,2-1,0,legacy-unverified,,
2026-10-03,2026-10-03T16:00:00Z,2026-10-03T10:30:05Z,Football,3. Lig - Group 2,Altay,Alanya 1221 FK,Altay,home,0.6504,65.0,Lean,,Board,0,0,lost,✗,0,0,0.6504,Draw,0-0,2-0,0,verified,celtic,
2026-10-03,2026-10-03T13:00:00Z,2026-10-03T10:30:05Z,Football,1. Division,Smorgon,Osipovichy,Smorgon,home,0.6495,65.0,Lean,,Board,0,0,won,✓,1,1,0.6495,Smorgon,2-0,2-0,0,verified,celtic,
2026-10-03,2026-10-03T18:45:00Z,2026-10-03T10:30:05Z,Football,Ligue 3,La Roche VF,Aubagne,La Roche VF,home,0.649,64.9,Lean,,Board,0,0,won,✓,1,1,0.649,La Roche VF,3-1,2-0,0,verified,celtic,
2026-10-03,2026-10-03T12:30:00Z,2026-10-03T10:30:05Z,Football,3. Lig - Group 2,Bursa Yıldırımspor,Bucaspor 1928,Bursa Yıldırımspor,home,0.6469,64.7,Lean,,Board,0,0,won,✓,1,1,0.6469,Bursa Yıldırımspor,1-0,2-0,0,verified,celtic,
2026-10-03,2026-10-03T16:00:00Z,2026-10-03T10:30:05Z,Football,UEFA Nations League,Iceland,Bulgaria,Iceland,home,0.6435,64.3,Firm,,Reserve,0,1,won,✓,1,1,0.6435,Iceland,3-0,2-0,0,verified,,
2026-10-03,2026-10-03T23:30:00Z,2026-10-03T10:30:05Z,Football,USL Championship,Tampa Bay Rowdies,Miami,Tampa Bay Rowdies,home,0.6424,64.2,Firm,,Reserve,0,1,lost,✗,0,0,0.6424,Miami,1-2,2-0,0,verified,,
2026-10-03,2026-10-03T11:00:00Z,2026-10-03T10:30:05Z,Football,Division 2 - Södra Svealand,Eker Örebro,Rågsved,Rågsved,away,0.6422,64.2,Firm,,Reserve,0,1,won,✓,1,1,0.6422,Rågsved,1-3,1-2,0,verified,,
2026-10-03,2026-10-03T14:00:00Z,2026-10-03T10:30:05Z,Football,Regionalliga - West,Rheindorf Altach II,Hohenems,Hohenems,away,0.641,64.1,Firm,,Reserve,0,1,won,✓,1,1,0.641,Hohenems,1-2,1-2,0,verified,,
2026-10-03,2026-10-03T19:00:00Z,2026-10-03T10:30:05Z,Football,Serie B,Atlético Goianiense,América Mineiro,Atlético Goianiense,home,0.64,64.0,Lean,,Board,0,0,won,✓,1,1,0.64,Atlético Goianiense,2-0,1-0,0,verified,celtic,
2026-10-03,2026-10-03T11:00:00Z,2026-10-03T10:30:05Z,Football,NB III - Northeast,Ózd Sajóvölgye,Hajdúnánás,Ózd Sajóvölgye,home,0.6367,63.7,Firm,,Board,0,0,won,✓,1,1,0.6367,Ózd Sajóvölgye,9-0,2-1,0,verified,,
2026-10-03,2026-10-03T12:00:00Z,2026-10-03T10:30:05Z,Football,2. Division - Group 1,Pors Grenland,Vidar,Pors Grenland,home,0.6329,63.3,Firm,,Board,0,0,won,✓,1,1,0.6329,Pors Grenland,4-1,2-0,0,verified,,
2026-10-03,2026-10-03T21:05:00Z,2026-10-03T10:30:05Z,Football,Primera A,Deportes Tolima,Boyacá Chicó,Deportes Tolima,home,0.6321,63.2,Lean,,Board,0,0,lost,✗,0,0,0.6321,Draw,0-0,1-0,0,verified,celtic,
2026-10-03,2026-10-03T13:30:00Z,2026-10-03T10:30:05Z,Football,Division 2 - Södra Götaland,Torns,Oskarshamns AIK,Oskarshamns AIK,away,0.6304,63.0,Lean,,Board,0,0,won,✓,1,1,0.6304,Oskarshamns AIK,0-2,1-2,0,verified,celtic,
2026-10-03,2026-10-03T12:00:00Z,2026-10-03T10:30:05Z,Football,Oberliga - Bayern Süd,Pipinsried,Ismaning,Pipinsried,home,0.63,63.0,Firm,,Reserve,0,1,won,✓,1,1,0.63,Pipinsried,2-1,2-1,0,verified,,
2026-10-03,2026-10-03T09:00:00Z,2026-10-03T00:28:30Z,Football,NB III - Southwest,Paksi SE II,Szekszárd,Paksi SE II,home,0.6287,62.9,Firm,,Reserve,0,1,won,✓,1,1,0.6287,Paksi SE II,8-1,2-1,0,verified,,
2026-10-03,2026-10-03T14:00:00Z,2026-10-03T10:30:05Z,Football,Tercera División RFEF - Group 15,Cortes,Izarra,Izarra,away,0.628,62.8,Firm,,Reserve,0,1,won,✓,1,1,0.628,Izarra,0-2,0-2,0,verified,,
2026-10-03,2026-10-03T14:00:00Z,2026-10-03T10:30:05Z,Football,Isthmian League Premier,Burgess Hill Town,Maldon & Tiptree,Burgess Hill Town,home,0.628,62.8,Firm,,Board,0,0,won,✓,1,1,0.628,Burgess Hill Town,4-1,2-1,0,verified,,
2026-10-03,2026-10-03T14:00:00Z,2026-10-03T10:30:05Z,Football,Primera División,Liverpool,Progreso,Liverpool,home,0.6263,62.6,Firm,,Reserve,0,1,won,✓,1,1,0.6263,Liverpool,3-2,1-0,0,verified,,
2026-10-03,2026-10-03T16:00:00Z,2026-10-03T10:30:05Z,Football,Canadian Premier League,York United,Cavalry,Cavalry,away,0.6215,62.2,Firm,,Reserve,0,1,lost,✗,0,0,0.6215,York United,3-1,1-2,0,verified,,
2026-10-03,2026-10-03T16:00:00Z,2026-10-03T10:30:05Z,Football,National 2 - Group C,Rumilly Vallières,Limonest,Rumilly Vallières,home,0.6212,62.1,Firm,,Reserve,0,1,won,✓,1,1,0.6212,Rumilly Vallières,4-1,2-0,0,verified,,
2026-10-03,2026-10-03T14:00:00Z,2026-10-03T10:30:05Z,Football,Oberliga - Bayern Nord,Großbardorf,Cham,Cham,away,0.6196,62.0,Lean,,Board,0,0,won,✓,1,1,0.6196,Cham,0-1,0-2,0,verified,,
2026-10-03,2026-10-03T12:00:00Z,2026-10-03T10:30:05Z,Football,Regionalliga - SudWest,FC 08 Homburg,Barockstadt Fulda-Lehn.,FC 08 Homburg,home,0.6181,61.8,Lean,,Board,0,0,lost,✗,0,0,0.6181,Draw,1-1,2-1,0,verified,,
2026-10-03,2026-10-03T12:00:00Z,2026-10-03T10:30:05Z,Football,2. Division - Group 2,Grorud,Lørenskog,Grorud,home,0.6169,61.7,Lean,,Board,0,0,won,✓,1,1,0.6169,Grorud,4-0,2-0,0,verified,,
2026-10-03,2026-10-03T13:00:00Z,2026-10-03T10:30:05Z,Football,Ligue A,Aigle Noir,Ngozi City,Aigle Noir,home,0.6154,61.5,Lean,,Board,0,0,won,✓,1,1,0.6154,Aigle Noir,2-1,2-1,0,verified,,
2026-10-03,2026-10-03T18:00:00Z,2026-10-03T10:30:05Z,Football,International friendly,Canada,Peru,Canada,home,0.6152,61.5,Lean,,Board,0,0,won,✓,1,1,0.6152,Canada,2-0,1-0,0,verified,,
2026-10-03,2026-10-03T12:00:00Z,2026-10-03T10:30:05Z,Football,2. Division - Group 2,Skeid,Hønefoss,Hønefoss,away,0.6146,61.5,No read,,Board,0,0,lost,✗,0,0,0.6146,Skeid,4-3,1-2,0,verified,celtic,
2026-10-03,2026-10-03T13:00:00Z,2026-10-03T10:30:05Z,Football,1st League - FBiH,Stupčanica Olovo,Zvijezda Gradačac,Stupčanica Olovo,home,0.6113,61.1,Lean,,Board,0,0,lost,✗,0,0,0.6113,Draw,1-1,2-0,0,verified,,
2026-10-03,2026-10-03T14:00:00Z,2026-10-03T10:30:05Z,Football,Isthmian League Premier,Welling United,Whyteleafe,Welling United,home,0.6112,61.1,Lean,,Board,0,0,won,✓,1,1,0.6112,Welling United,1-0,2-1,0,verified,,
2026-10-03,2026-10-03T13:00:00Z,2026-10-03T10:30:05Z,Football,3. liga - West,Gabčíkovo,Veľké Ludince,Gabčíkovo,home,0.6103,61.0,Lean,,Board,0,0,won,✓,1,1,0.6103,Gabčíkovo,5-2,2-1,0,verified,,
2026-10-03,2026-10-03T20:00:00Z,2026-10-03T10:30:05Z,Football,Canadian Premier League,Forge,HFX Wanderers,Forge,home,0.6098,61.0,Lean,,Board,0,0,lost,✗,0,0,0.6098,Draw,3-3,1-0,0,verified,,
2026-10-03,2026-10-03T05:00:00Z,2026-10-03T00:28:30Z,Football,K3 League,Pocheon,Chuncheon,Pocheon,home,0.6094,60.9,Lean,,Board,0,0,lost,✗,0,0,0.6094,Draw,0-0,2-0,0,verified,,
2026-10-03,2026-10-03T11:00:00Z,2026-10-03T10:30:05Z,Football,NB III - Southeast,Bekescsaba 1912,Sándorfalva,Bekescsaba 1912,home,0.6091,60.9,No read,,Board,0,0,lost,✗,0,0,0.6091,Sándorfalva,0-1,2-0,0,verified,celtic,
2026-10-03,2026-10-03T14:00:00Z,2026-10-03T10:30:05Z,Football,Ligue 2,Usm El Harrach,Taghit,Usm El Harrach,home,0.6069,60.7,Lean,,Board,0,0,won,✓,1,1,0.6069,Usm El Harrach,4-0,1-0,0,verified,,
2026-10-03,2026-10-03T16:00:00Z,2026-10-03T10:30:05Z,Football,Segunda División RFEF - Group 5,Guadalajara,Gimnástica Segoviana,Guadalajara,home,0.6062,60.6,No read,,Board,0,0,lost,✗,0,0,0.6062,Draw,3-3,2-0,0,verified,celtic,
2026-10-03,2026-10-03T11:00:00Z,2026-10-03T10:30:05Z,Football,NB III - Northeast,DEAC,Füzesabony,DEAC,home,0.6052,60.5,Lean,,Board,0,0,won,✓,1,1,0.6052,DEAC,3-0,2-0,0,verified,,
2026-10-03,2026-10-03T12:30:00Z,2026-10-03T10:30:05Z,Football,Serie C - Girone A,Cittadella,Albinoleffe,Cittadella,home,0.6051,60.5,Lean,,Board,0,0,lost,✗,0,0,0.6051,Albinoleffe,1-2,2-0,0,verified,,
2026-10-03,2026-10-03T03:00:00Z,2026-10-03T00:28:30Z,Football,Liga de Expansión MX,CA La Paz,Venados,CA La Paz,home,0.6048,60.5,Lean,,Board,0,0,lost,✗,0,0,0.6048,Venados,1-2,2-1,0,verified,,
2026-10-03,2026-10-03T14:00:00Z,2026-10-03T10:30:05Z,Football,Tercera División RFEF - Group 11,Llosetense,Arenal,Llosetense,home,0.6047,60.5,Lean,,Board,0,0,won,✓,1,1,0.6047,Llosetense,3-1,2-0,0,verified,,
2026-10-03,2026-10-03T18:00:00Z,2026-10-03T10:30:05Z,Football,Eerste Divisie,RKC Waalwijk,FC Emmen,RKC Waalwijk,home,0.604,60.4,Lean,,Board,0,0,lost,✗,0,0,0.604,Draw,1-1,2-1,0,verified,,
2026-10-03,2026-10-03T14:00:00Z,2026-10-03T10:30:05Z,Football,Ettan - Södra,Skövde AIK,Utsikten,Skövde AIK,home,0.6008,60.1,No read,,Board,0,0,won,✓,1,1,0.6008,Skövde AIK,3-2,2-0,0,verified,celtic,
2026-10-03,2026-10-03T14:00:00Z,2026-10-03T10:30:05Z,Football,League Two,Grimsby Town,Shrewsbury Town,Grimsby Town,home,0.5995,60.0,Lean,,Board,0,0,lost,✗,0,0,0.5995,Shrewsbury Town,1-2,1-0,0,verified,,
2026-10-03,2026-10-03T14:30:00Z,2026-10-03T10:30:05Z,Football,Tercera División RFEF - Group 15,Avance Ezcabarte,Cantolagua,Avance Ezcabarte,home,0.5936,59.4,Lean,,Board,0,0,won,✓,1,1,0.8236,Avance Ezcabarte,4-1,1-1,0,verified,,
2026-10-03,2026-10-03T05:00:00Z,2026-10-03T00:28:30Z,Football,K3 League,Yeoju Sejong,Jeonbuk Motors II,Yeoju Sejong,home,0.5921,59.2,Lean,,Board,0,0,won,✓,1,1,0.5921,Yeoju Sejong,2-1,1-0,0,verified,,
2026-10-03,2026-10-03T14:00:00Z,2026-10-03T10:30:05Z,Football,Championship,Livingston,Ayr United,Livingston,home,0.5921,59.2,No read,,Board,0,0,lost,✗,0,0,0.5921,Ayr United,1-2,2-0,0,verified,celtic,
2026-10-03,2026-10-03T11:00:00Z,2026-10-03T10:30:05Z,Football,3. Division,Holbæk B&I,ASA Aarhus,Holbæk B&I,home,0.5907,59.1,Lean,,Board,0,0,won,✓,1,1,0.5907,Holbæk B&I,2-1,2-1,0,verified,,
2026-10-03,2026-10-03T13:45:00Z,2026-10-03T10:30:05Z,Football,Premier League,Lijabatho,Lioli,Lijabatho,home,0.5887,58.9,Lean,,Board,0,0,lost,✗,0,0,0.5887,Draw,0-0,1-0,0,verified,,
2026-10-03,2026-10-03T14:00:00Z,2026-10-03T10:30:05Z,Football,1. Liga Classic - Group 2,Muttenz,Black Stars,Muttenz,home,0.5885,58.9,Lean,,Board,0,0,won,✓,1,0,0.8174,Draw,2-2,1-1,1,verified,,
2026-10-03,2026-10-03T14:00:00Z,2026-10-03T10:30:05Z,Football,Southern League Premier South,Poole Town,Evesham United,Poole Town,home,0.5883,58.8,Lean,,Board,0,0,won,✓,1,1,0.814,Poole Town,3-1,1-1,0,verified,,
2026-10-03,2026-10-03T14:00:00Z,2026-10-03T10:30:05Z,Football,Isthmian League Premier,Ramsgate,Carshalton Athletic,Ramsgate,home,0.5875,58.8,Lean,,Board,0,0,lost,✗,0,0,0.5875,Carshalton Athletic,2-3,2-1,0,verified,,
2026-10-03,2026-10-03T21:00:00Z,2026-10-03T10:30:05Z,Football,Primera División,Deportivo Maldonado,Central Español Fútbol Club,Deportivo Maldonado,home,0.5869,58.7,No read,,Board,0,0,won,✓,1,1,0.5869,Deportivo Maldonado,3-0,1-0,0,verified,celtic,
2026-10-03,2026-10-03T15:30:00Z,2026-10-03T10:30:05Z,Football,Tercera División RFEF - Group 3,Atlético Mineros,Sámano,Atlético Mineros,home,0.5864,58.6,No read,,Board,0,0,lost,✗,0,0,0.5864,Sámano,0-4,2-1,0,verified,celtic,
2026-10-03,2026-10-03T13:00:00Z,2026-10-03T10:30:05Z,Football,1st League - FBiH,Jedinstvo Bihać,Radnik Hadžići,Jedinstvo Bihać,home,0.5861,58.6,Lean,,Board,0,0,lost,✗,0,0,0.5861,Radnik Hadžići,0-2,1-0,0,verified,,
2026-10-03,2026-10-03T15:00:00Z,2026-10-03T10:30:05Z,Football,Regionalliga - Ost,Wiener Viktoria,Donau,Wiener Viktoria,home,0.5856,58.6,Lean,,Board,0,0,lost,✗,0,0,0.5856,Draw,0-0,2-1,0,verified,,
2026-10-03,2026-10-03T00:45:00Z,2026-10-02T23:53:36Z,Football,Primera A,Deportivo Cali,Alianza,Deportivo Cali,home,0.5833,58.3,No read,,Board,0,0,won,✓,1,1,0.5833,Deportivo Cali,3-1,1-0,0,verified,celtic,
2026-10-03,2026-10-03T18:45:00Z,2026-10-03T10:30:05Z,Football,Ligue 3,Cannes,Quevilly,Cannes,home,0.5828,58.3,No read,,Board,0,0,won,✓,1,1,0.5828,Cannes,3-1,1-0,0,verified,celtic,
2026-10-03,2026-10-03T08:00:00Z,2026-10-03T00:28:30Z,Football,J3 League,Kitakyushu,Kochi United,Kitakyushu,home,0.5818,58.2,Lean,,Board,0,0,won,✓,1,1,0.5818,Kitakyushu,2-0,1-0,0,verified,,
2026-10-03,2026-10-03T18:45:00Z,2026-10-03T10:30:05Z,Football,Serie D - Girone B,Chievo,Tritium,Chievo,home,0.5818,58.2,Lean,,Board,0,0,won,✓,1,1,0.8086,Chievo,5-0,1-1,0,verified,,
2026-10-03,2026-10-03T14:00:00Z,2026-10-03T10:30:05Z,Football,Ettan - Södra,Atvidabergs FF,Trollhättan,Atvidabergs FF,home,0.5812,58.1,No read,,Board,0,0,lost,✗,0,0,0.5812,Draw,1-1,2-1,0,verified,celtic,
2026-10-03,2026-10-03T18:30:00Z,2026-10-03T10:30:05Z,Football,Serie C - Girone A,Ospitaletto,Renate,Ospitaletto,home,0.5797,58.0,Lean,,Board,0,0,lost,✗,0,0,0.5797,Draw,1-1,1-0,0,verified,,
2026-10-03,2026-10-03T14:00:00Z,2026-10-03T10:30:05Z,Football,League Two,Stranraer,Edinburgh City,Stranraer,home,0.5788,57.9,Lean,,Board,0,0,won,✓,1,0,0.8044,Draw,0-0,1-1,1,verified,,
2026-10-03,2026-10-03T18:00:00Z,2026-10-03T10:30:05Z,Football,Primera B Metropolitana,Deportivo Camioneros,Deportivo Laferrere,Deportivo Camioneros,home,0.5787,57.9,No read,,Board,0,0,lost,✗,0,0,0.5787,Deportivo Laferrere,1-2,1-0,0,verified,celtic,
2026-10-03,2026-10-03T12:00:00Z,2026-10-03T10:30:05Z,Football,3. Lig - Group 2,Anadolu Üniversitesi,Denizli İYG,Anadolu Üniversitesi,home,0.5785,57.9,Lean,,Board,0,0,won,✓,1,1,0.5785,Anadolu Üniversitesi,2-0,1-0,0,verified,,
2026-10-03,2026-10-03T15:00:00Z,2026-10-03T10:30:05Z,Football,Segunda División RFEF - Group 1,Gimnástica Torrelavega,Marino de Luanco,Gimnástica Torrelavega,home,0.5783,57.8,No read,,Board,0,0,lost,✗,0,0,0.5783,Marino de Luanco,1-2,1-0,0,verified,celtic,
2026-10-03,2026-10-03T06:00:00Z,2026-10-03T00:28:30Z,Football,J3 League,Ehime,Thespakusatsu Gunma,Ehime,home,0.5752,57.5,No read,,Board,0,0,won,✓,1,1,0.8067,Ehime,3-1,1-1,0,verified,celtic,
2026-10-03,2026-10-03T16:00:00Z,2026-10-03T10:30:05Z,Football,National 2 - Group C,Chasselay MDA,Lyon Duchere,Chasselay MDA,home,0.5739,57.4,Lean,,Board,0,0,won,✓,1,1,0.5739,Chasselay MDA,2-0,2-1,0,verified,,
2026-10-03,2026-10-03T13:00:00Z,2026-10-03T10:30:05Z,Football,1st League - RS,Leotar,FK Majevica Lopare,Leotar,home,0.5735,57.4,Lean,,Board,0,0,won,✓,1,1,0.5735,Leotar,6-0,1-0,0,verified,,
2026-10-03,2026-10-03T00:30:00Z,2026-10-02T23:53:36Z,Football,Liga Profesional,Independiente Rivadavia,Gimnasia La Plata,Independiente Rivadavia,home,0.5727,57.3,No read,,Board,0,0,won,✓,1,0,0.8116,Draw,1-1,1-1,1,verified,celtic,
2026-10-03,2026-10-03T14:00:00Z,2026-10-03T10:30:05Z,Football,National League,Harrogate Town,AFC Hornchurch,Harrogate Town,home,0.5719,57.2,No read,,Board,0,0,won,✓,1,1,0.5719,Harrogate Town,3-0,2-1,0,verified,celtic,
2026-10-03,2026-10-03T11:00:00Z,2026-10-03T10:30:05Z,Football,NB III - Southwest,Iváncsa,Sárbogárd,Iváncsa,home,0.5705,57.0,Lean,,Board,0,0,won,✓,1,1,0.5705,Iváncsa,4-1,2-1,0,verified,,
2026-10-03,2026-10-03T14:00:00Z,2026-10-03T10:30:05Z,Football,1. Liga Classic - Group 3,Thalwil,Locarno,Thalwil,home,0.5695,57.0,Lean,,Board,0,0,won,✓,1,0,0.7979,Draw,2-2,1-1,1,verified,,
2026-10-03,2026-10-03T14:00:00Z,2026-10-03T10:30:05Z,Football,1. Liga Classic - Group 3,Gossau,Widnau,Gossau,home,0.5678,56.8,Lean,,Board,0,0,won,✓,1,1,0.8085,Gossau,4-1,1-1,0,verified,,
2026-10-03,2026-10-03T18:00:00Z,2026-10-03T10:30:05Z,Football,Primera Nacional,Deportivo Moron,All Boys,Deportivo Moron,home,0.5663,56.6,Lean,,Board,0,0,won,✓,1,1,0.5663,Deportivo Moron,2-1,1-0,0,verified,,
2026-10-03,2026-10-03T00:30:00Z,2026-10-02T23:53:36Z,Football,Liga Profesional,Boca Juniors,Unión (Santa Fe),Boca Juniors,home,0.5661,56.6,No read,,Board,0,0,won,✓,1,1,0.8093,Boca Juniors,3-0,1-1,0,verified,celtic,
2026-10-03,2026-10-03T23:00:00Z,2026-10-03T10:30:05Z,Football,USL Championship,Detroit City,Birmingham Legion,Detroit City,home,0.5637,56.4,Lean,,Board,0,0,won,✓,1,1,0.5637,Detroit City,1-0,1-0,0,verified,,
2026-10-03,2026-10-03T14:00:00Z,2026-10-03T10:30:05Z,Football,Tercera División RFEF - Group 15,Pamplona,Huarte,Pamplona,home,0.5634,56.3,Lean,,Board,0,0,lost,✗,0,0,0.5634,Draw,0-0,1-0,0,verified,,
2026-10-03,2026-10-03T14:00:00Z,2026-10-03T10:30:05Z,Football,Ligue 2,Sidi Benali,Mostaganem,Sidi Benali,home,0.5627,56.3,No read,,Board,0,0,lost,✗,0,0,0.5627,Draw,2-2,1-0,0,verified,celtic,
2026-10-03,2026-10-03T16:00:00Z,2026-10-03T10:30:05Z,Football,Tercera División RFEF - Group 8,Salamanca II,Colegios Diocesanos,Salamanca II,home,0.5627,56.3,Lean,,Board,0,0,won,✓,1,1,0.8087,Salamanca II,1-0,1-1,0,verified,,
2026-10-03,2026-10-03T18:45:00Z,2026-10-03T10:30:05Z,Football,Ligue 3,Versailles,Valenciennes,Versailles,home,0.562,56.2,Lean,,Board,0,0,won,✓,1,1,0.7985,Versailles,1-0,1-1,0,verified,,
2026-10-03,2026-10-03T14:00:00Z,2026-10-03T10:30:05Z,Football,Tercera División RFEF - Group 15,Beti Kozkor,Txantrea,Beti Kozkor,home,0.5614,56.1,Lean,,Board,0,0,won,✓,1,1,0.795,Beti Kozkor,2-0,1-1,0,verified,,
2026-10-03,2026-10-03T12:00:00Z,2026-10-03T10:30:05Z,Football,3. Lig - Group 3,Kırıkkale Büyük Anadolu,Yeni Mersin Idmanyurdu,Kırıkkale Büyük Anadolu,home,0.5613,56.1,No read,,Board,0,0,won,✓,1,1,0.8092,Kırıkkale Büyük Anadolu,3-0,1-1,0,verified,celtic,
2026-10-03,2026-10-03T14:00:00Z,2026-10-03T10:30:05Z,Football,League One,Ross County,Alloa Athletic,Ross County,home,0.5597,56.0,No read,,Board,0,0,won,✓,1,1,0.5597,Ross County,4-1,1-0,0,verified,celtic,
2026-10-03,2026-10-03T14:00:00Z,2026-10-03T10:30:05Z,Football,League Two,Gillingham,Newport County,Gillingham,home,0.5588,55.9,Lean,,Board,0,0,lost,✗,0,0,0.5588,Draw,0-0,1-0,0,verified,,
2026-10-03,2026-10-03T04:00:00Z,2026-10-03T00:28:30Z,Football,International friendly,Fiji,Vanuatu,Fiji,home,0.5581,55.8,Lean,,Board,0,0,won,✓,1,1,0.5581,Fiji,1-0,2-1,0,verified,,
2026-10-03,2026-10-03T14:00:00Z,2026-10-03T10:30:05Z,Football,Championship,Partick Thistle,Arbroath,Partick Thistle,home,0.5579,55.8,Lean,,Board,0,0,won,✓,1,1,0.5579,Partick Thistle,3-0,1-0,0,verified,,
2026-10-03,2026-10-03T12:00:00Z,2026-10-03T10:30:05Z,Football,2. Division,Skive,HIK,Skive,home,0.5577,55.8,Lean,,Board,0,0,won,✓,1,1,0.5577,Skive,2-0,1-0,0,verified,,
2026-10-03,2026-10-03T12:00:00Z,2026-10-03T10:30:05Z,Football,Regionalliga - West,Lochau,Lustenau,Lochau,home,0.5577,55.8,Lean,,Board,0,0,lost,✗,0,0,0.5577,Draw,1-1,2-1,0,verified,,
2026-10-03,2026-10-03T14:00:00Z,2026-10-03T10:30:05Z,Football,National League,Gateshead,Worthing,Worthing,away,0.5571,55.7,No read,,Board,0,0,won,✓,1,1,0.7968,Worthing,1-2,1-1,0,verified,celtic,
2026-10-03,2026-10-03T14:00:00Z,2026-10-03T10:30:05Z,Football,Isthmian League Premier,Lewes,Whitehawk,Lewes,home,0.5567,55.7,Lean,,Board,0,0,won,✓,1,1,0.7982,Lewes,1-0,1-1,0,verified,,
2026-10-03,2026-10-03T15:00:00Z,2026-10-03T10:30:05Z,Football,Segunda División RFEF - Group 2,Peña Sport,SD Logroñés,Peña Sport,home,0.5541,55.4,No read,,Board,0,0,won,✓,1,1,0.5541,Peña Sport,4-0,1-0,0,verified,celtic,
2026-10-03,2026-10-03T14:00:00Z,2026-10-03T10:30:05Z,Football,Regionalliga - West,Dornbirn,Kitzbühel,Dornbirn,home,0.5533,55.3,Lean,,Board,0,0,lost,✗,0,0,0.7834,Kitzbühel,0-2,1-1,0,verified,,
2026-10-03,2026-10-03T14:00:00Z,2026-10-03T10:30:05Z,Football,Northern Premier League,Lancaster City,Ilkeston Town,Lancaster City,home,0.5528,55.3,Lean,,Board,0,0,won,✓,1,1,0.5528,Lancaster City,2-1,1-0,0,verified,,
2026-10-03,2026-10-03T12:00:00Z,2026-10-03T10:30:05Z,Football,3. Division,Brønshøj,Frem,Brønshøj,home,0.5522,55.2,Lean,,Board,0,0,won,✓,1,0,0.7881,Draw,1-1,1-1,1,verified,,
2026-10-03,2026-10-03T13:30:00Z,2026-10-03T10:30:05Z,Football,Second NL,Zagora,Dugo Selo,Zagora,home,0.5509,55.1,Lean,,Board,0,0,lost,✗,0,0,0.5509,Dugo Selo,0-4,1-0,0,verified,,
2026-10-03,2026-10-03T12:00:00Z,2026-10-03T10:30:05Z,Football,1. Division,Gomel II,FC Energetik-Bgu Minsk,FC Energetik-Bgu Minsk,away,0.5496,55.0,No read,,Board,0,0,won,✓,1,1,0.7781,FC Energetik-Bgu Minsk,0-3,1-1,0,verified,,
2026-10-03,2026-10-03T11:00:00Z,2026-10-03T10:30:05Z,Football,NB III - Northwest,Király SZE,Balatonalmádi,Király SZE,home,0.5496,55.0,No read,,Board,0,0,won,✓,1,0,0.7815,Draw,2-2,1-1,1,verified,,
2026-10-03,2026-10-03T16:00:00Z,2026-10-03T10:30:05Z,Football,1st League - RS,Rudar Prijedor,Omarska,Rudar Prijedor,home,0.5489,54.9,No read,,Board,0,0,won,✓,1,1,0.5489,Rudar Prijedor,4-1,1-0,0,verified,,
2026-10-03,2026-10-03T22:30:00Z,2026-10-03T10:30:05Z,Football,NWSL,Kansas City Current,Bay,Kansas City Current,home,0.5489,54.9,No read,,Board,0,0,won,✓,1,1,0.7989,Kansas City Current,5-1,1-1,0,verified,,
2026-10-03,2026-10-03T12:00:00Z,2026-10-03T10:30:05Z,Football,3. Lig - Group 3,Karaman FK,Kırşehir Belediyespor,Kırşehir Belediyespor,away,0.5487,54.9,No read,,Board,0,0,won,✓,1,1,0.5487,Kırşehir Belediyespor,1-7,0-1,0,verified,celtic,
2026-10-03,2026-10-03T12:00:00Z,2026-10-03T10:30:05Z,Football,3. Division,Næsby,Holstebro,Næsby,home,0.5481,54.8,No read,,Board,0,0,won,✓,1,1,0.5481,Næsby,4-0,2-1,0,verified,,
2026-10-03,2026-10-03T12:00:00Z,2026-10-03T10:30:05Z,Football,2. Division,Middelfart,FA 2000,Middelfart,home,0.5474,54.7,No read,,Board,0,0,won,✓,1,1,0.7854,Middelfart,1-0,1-1,0,verified,celtic,
2026-10-03,2026-10-03T14:00:00Z,2026-10-03T10:30:05Z,Football,League Two,Annan Athletic,Stirling Albion,Annan Athletic,home,0.5474,54.7,No read,,Board,0,0,lost,✗,0,0,0.7979,Stirling Albion,0-1,1-1,0,verified,,
2026-10-03,2026-10-03T12:00:00Z,2026-10-03T10:30:05Z,Football,3. Lig - Group 2,Etimesgut,Uşak Spor,Etimesgut,home,0.5472,54.7,No read,,Board,0,0,won,✓,1,1,0.5472,Etimesgut,1-0,1-0,0,verified,celtic,
2026-10-03,2026-10-03T14:00:00Z,2026-10-03T10:30:05Z,Football,Championship,Greenock Morton,Raith Rovers,Raith Rovers,away,0.5472,54.7,No read,,Board,0,0,won,✓,1,1,0.5472,Raith Rovers,1-2,0-1,0,verified,,
2026-10-03,2026-10-03T11:00:00Z,2026-10-03T10:30:05Z,Football,Ettan - Norra,Enköping,Gefle IF,Enköping,home,0.5466,54.7,No read,,Board,0,0,won,✓,1,1,0.7777,Enköping,1-0,1-1,0,verified,,
2026-10-03,2026-10-03T14:30:00Z,2026-10-03T10:30:05Z,Football,Tercera División RFEF - Group 1,Alondras,Coruña,Alondras,home,0.5442,54.4,No read,,Board,0,0,lost,✗,0,0,0.5442,Coruña,0-1,2-1,0,verified,,
2026-10-03,2026-10-03T16:00:00Z,2026-10-03T10:30:05Z,Football,National 2 - Group A,Dieppe,Le Pays du Valois,Dieppe,home,0.5438,54.4,No read,,Board,0,0,lost,✗,0,0,0.7976,Le Pays du Valois,1-3,1-1,0,verified,,
2026-10-03,2026-10-03T18:00:00Z,2026-10-03T10:30:05Z,Football,Eerste Divisie,Almere City,FC Volendam,Almere City,home,0.543,54.3,No read,,Board,0,0,won,✓,1,1,0.543,Almere City,1-0,2-1,0,verified,celtic,
2026-10-03,2026-10-03T07:45:00Z,2026-10-03T00:28:30Z,Football,Premier League,LDF,Manonyane,LDF,home,0.5422,54.2,No read,,Board,0,0,won,✓,1,0,0.7943,Draw,0-0,1-1,1,verified,,
2026-10-03,2026-10-03T12:00:00Z,2026-10-03T10:30:05Z,Football,Regionalliga - West,SG Wattenscheid 09,Wiedenbrück,SG Wattenscheid 09,home,0.5418,54.2,No read,,Board,0,0,won,✓,1,1,0.7822,SG Wattenscheid 09,3-1,1-1,0,verified,,
2026-10-03,2026-10-03T12:00:00Z,2026-10-03T10:30:05Z,Football,Regionalliga - SudWest,Eintracht Trier,FC Astoria Walldorf,Eintracht Trier,home,0.5394,53.9,No read,,Board,0,0,lost,✗,0,0,0.7866,FC Astoria Walldorf,1-4,1-1,0,verified,,
2026-10-03,2026-10-03T12:00:00Z,2026-10-03T10:30:05Z,Football,Oberliga - Bayern Nord,Fortuna Regensburg,Jahn Regensburg II,Fortuna Regensburg,home,0.5393,53.9,No read,,Board,0,0,lost,✗,0,0,0.5393,Draw,2-2,2-1,0,verified,,
2026-10-03,2026-10-03T14:00:00Z,2026-10-03T10:30:05Z,Football,League Two,Salford City,Fleetwood Town,Salford City,home,0.5384,53.8,No read,,Board,0,0,won,✓,1,1,0.7929,Salford City,1-0,1-1,0,verified,,
2026-10-03,2026-10-03T14:00:00Z,2026-10-03T10:30:05Z,Football,National League,Barrow,Wealdstone,Barrow,home,0.5381,53.8,No read,,Board,0,0,won,✓,1,1,0.7895,Barrow,2-1,1-1,0,verified,celtic,
2026-10-03,2026-10-03T15:00:00Z,2026-10-03T10:30:05Z,Football,Tercera División RFEF - Group 4,Lagun Onak,Aretxabaleta,Lagun Onak,home,0.5378,53.8,No read,,Board,0,0,lost,✗,0,0,0.7966,Aretxabaleta,1-2,1-1,0,verified,,
2026-10-03,2026-10-03T22:00:00Z,2026-10-03T10:30:05Z,Football,Liga Premier Serie B,Gorilas de Juanacatlan,Heroes de Zaci 2,Gorilas de Juanacatlan,home,0.5357,53.6,No read,,Board,0,0,won,✓,1,1,0.5357,Gorilas de Juanacatlan,6-2,1-0,0,verified,,
2026-10-03,2026-10-03T14:00:00Z,2026-10-03T10:30:05Z,Football,Ettan - Södra,Jonkopings Sodra,Eskilsminne,Jonkopings Sodra,home,0.5355,53.5,No read,,Board,0,0,lost,✗,0,0,0.7971,Eskilsminne,0-1,1-1,0,verified,,
2026-10-03,2026-10-03T14:30:00Z,2026-10-03T10:30:05Z,Football,Tercera División RFEF - Group 11,Platges Calvià,Migjorn,Platges Calvià,home,0.5352,53.5,No read,,Board,0,0,won,✓,1,1,0.7911,Platges Calvià,3-1,1-1,0,verified,,
2026-10-03,2026-10-03T13:00:00Z,2026-10-03T10:30:05Z,Football,1st League - FBiH,Igman Konjic,Budućnost Banovići,Igman Konjic,home,0.5349,53.5,No read,,Board,0,0,won,✓,1,1,0.7845,Igman Konjic,2-1,1-1,0,verified,,
2026-10-03,2026-10-03T12:00:00Z,2026-10-03T10:30:05Z,Football,Liga 2,PSMS Medan,Persikad Depok,PSMS Medan,home,0.5318,53.2,No read,,Board,0,0,won,✓,1,1,0.7782,PSMS Medan,4-0,1-1,0,verified,,
2026-10-03,2026-10-03T13:00:00Z,2026-10-03T10:30:05Z,Football,1st League - RS,Drina Zvornik,Kozara Gradiška,Drina Zvornik,home,0.5315,53.1,No read,,Board,0,0,won,✓,1,1,0.5315,Drina Zvornik,1-0,1-0,0,verified,,
2026-10-03,2026-10-03T18:00:00Z,2026-10-03T10:30:05Z,Football,Eerste Divisie,FC Den Bosch,FC Dordrecht,FC Den Bosch,home,0.5309,53.1,No read,,Board,0,0,won,✓,1,0,0.7643,Draw,1-1,1-1,1,verified,,
2026-10-03,2026-10-03T12:30:00Z,2026-10-03T10:30:05Z,Football,Regionalliga - West,SK St. Johann,Fügen,SK St. Johann,home,0.5306,53.1,No read,,Board,0,0,won,✓,1,1,0.5306,SK St. Johann,5-1,2-1,0,verified,,
2026-10-03,2026-10-03T19:00:00Z,2026-10-03T10:30:05Z,Football,International friendly,Ivory Coast,Cameroon,Ivory Coast,home,0.5296,53.0,No read,,Board,0,0,lost,✗,0,0,0.5296,Cameroon,0-1,1-0,0,verified,,
2026-10-03,2026-10-03T14:00:00Z,2026-10-03T10:30:05Z,Football,Southern League Premier Central,Stourbridge,Racing Club Warwick,Racing Club Warwick,away,0.5286,52.9,No read,,Board,0,0,won,✓,1,1,0.7593,Racing Club Warwick,0-1,1-1,0,verified,celtic,
2026-10-03,2026-10-03T16:00:00Z,2026-10-03T10:30:05Z,Football,National 2 - Group C,Nimes,Hyères,Nimes,home,0.5279,52.8,No read,,Board,0,0,lost,✗,0,0,0.5279,Draw,1-1,1-0,0,verified,,
2026-10-03,2026-10-03T16:00:00Z,2026-10-03T10:30:05Z,Football,Segunda División RFEF - Group 5,Albacete II,CF Talavera,Albacete II,home,0.5276,52.8,No read,,Board,0,0,lost,✗,0,0,0.7835,CF Talavera,0-4,1-1,0,verified,celtic,
2026-10-03,2026-10-03T12:00:00Z,2026-10-03T10:30:05Z,Football,Oberliga - Bayern Süd,Pfaffenhofen,Deisenhofen,Pfaffenhofen,home,0.5273,52.7,No read,,Board,0,0,won,✓,1,1,0.7699,Pfaffenhofen,4-2,1-1,0,verified,,
2026-10-03,2026-10-03T11:00:00Z,2026-10-03T10:30:05Z,Football,NB III - Northwest,MTE 1904,Puskás II,MTE 1904,home,0.527,52.7,No read,,Board,0,0,lost,✗,0,0,0.7806,Puskás II,1-4,1-1,0,verified,,
2026-10-03,2026-10-03T16:00:00Z,2026-10-03T10:30:05Z,Football,National 2 - Group A,St Maur Lusitanos,Bastia-Borgo,St Maur Lusitanos,home,0.5268,52.7,No read,,Board,0,0,won,✓,1,1,0.5268,St Maur Lusitanos,3-1,1-0,0,verified,celtic,
2026-10-03,2026-10-03T14:00:00Z,2026-10-03T10:30:05Z,Football,National League,Southend,AFC Fylde,Southend,home,0.524,52.4,No read,,Board,0,0,won,✓,1,1,0.524,Southend,3-1,2-1,0,verified,celtic,
2026-10-03,2026-10-03T12:00:00Z,2026-10-03T10:30:05Z,Football,Regionalliga - SudWest,Hessen Kassel,SSV Ulm 1846,Hessen Kassel,home,0.5226,52.3,No read,,Board,0,0,lost,✗,0,0,0.5226,Draw,2-2,2-1,0,verified,celtic,
2026-10-03,2026-10-03T11:00:00Z,2026-10-03T10:30:05Z,Football,NB III - Southwest,Majosi,PTE-PEAC,Majosi,home,0.5212,52.1,No read,,Board,0,0,won,✓,1,0,0.7539,Draw,1-1,1-1,1,verified,,
2026-10-03,2026-10-03T15:00:00Z,2026-10-03T10:30:05Z,Football,Tercera División RFEF - Group 6,Acero,Torrellano,Acero,home,0.5203,52.0,No read,,Board,0,0,lost,✗,0,0,0.5203,Draw,1-1,1-0,0,verified,,
2026-10-03,2026-10-03T13:00:00Z,2026-10-03T10:30:05Z,Football,Premier League,Nsingizini Hotspurs,Manzini Sea Birds,Nsingizini Hotspurs,home,0.5189,51.9,No read,,Board,0,0,won,✓,1,1,0.5189,Nsingizini Hotspurs,1-0,1-0,0,verified,,
2026-10-03,2026-10-03T14:00:00Z,2026-10-03T10:30:05Z,Football,1. Division,Haugesund,Stabaek,Haugesund,home,0.5184,51.8,No read,,Board,0,0,won,✓,1,1,0.5184,Haugesund,2-0,2-1,0,verified,celtic,
2026-10-03,2026-10-03T12:30:00Z,2026-10-03T10:30:05Z,Football,3. Lig - Group 1,Galata,Beykoz İshaklıspor,Galata,home,0.5178,51.8,No read,,Board,0,0,won,✓,1,1,0.5178,Galata,2-0,1-0,0,verified,,
2026-10-03,2026-10-03T14:00:00Z,2026-10-03T10:30:05Z,Football,National League,Kidderminster Harriers,Sutton Utd,Kidderminster Harriers,home,0.5176,51.8,No read,,Board,0,0,lost,✗,0,0,0.5176,Draw,1-1,1-0,0,verified,celtic,
2026-10-03,,,Football,National League,Kidderminster Harriers,Sutton United,Kidderminster Harriers,home,0.5151,51.5,No read,,Board,0,0,lost,✗,0,0,0.5151,Draw,1-1,1-0,0,legacy-unverified,,
2026-10-03,2026-10-03T11:30:00Z,2026-10-03T10:30:05Z,Football,2. Lig,1461 Trabzon FK,Serik Spor,1461 Trabzon FK,home,0.5138,51.4,No read,,Board,0,0,won,✓,1,1,0.7628,1461 Trabzon FK,4-1,1-1,0,verified,celtic,
2026-10-03,2026-10-03T11:30:00Z,2026-10-03T10:30:05Z,Football,3. Lig - Group 3,Ağrı 1970,Diyarbekirspor,Ağrı 1970,home,0.5138,51.4,No read,,Board,0,0,won,✓,1,1,0.5138,Ağrı 1970,2-1,1-0,0,verified,celtic,
2026-10-03,2026-10-03T12:00:00Z,2026-10-03T10:30:05Z,Football,Oberliga - Bayern Süd,Schalding-Heining,1880 Wasserburg,1880 Wasserburg,away,0.5137,51.4,No read,,Board,0,0,won,✓,1,1,0.5137,1880 Wasserburg,3-4,1-2,0,verified,,
2026-10-03,2026-10-03T15:30:00Z,2026-10-03T10:30:05Z,Football,Serie C - Girone A,Arzignano Valchiampo,Pergolettese,Arzignano Valchiampo,home,0.5123,51.2,No read,,Board,0,0,lost,✗,0,0,0.5123,Draw,2-2,1-0,0,verified,,
2026-10-03,2026-10-03T16:00:00Z,2026-10-03T10:30:05Z,Football,Tercera División RFEF - Group 12,Las Palmas III,Lanzarote,Las Palmas III,home,0.5121,51.2,No read,,Board,0,0,lost,✗,0,0,0.7735,Lanzarote,1-2,1-1,0,verified,,
2026-10-03,2026-10-03T14:00:00Z,2026-10-03T10:30:05Z,Football,Segunda División RFEF - Group 3,Castellón II,Lorca Deportiva,Castellón II,home,0.5121,51.2,No read,,Board,0,0,won,✓,1,1,0.7584,Castellón II,2-1,1-1,0,verified,celtic,
2026-10-03,2026-10-03T14:00:00Z,2026-10-03T10:30:05Z,Football,Ligue 2,US Tataouine,Stade Soussien,US Tataouine,home,0.5118,51.2,No read,,Board,0,0,won,✓,1,1,0.5118,US Tataouine,1-0,1-0,0,verified,,
2026-10-03,,,Football,National League,Hartlepool United,Tamworth,Hartlepool United,home,0.5098,51.0,No read,,Board,0,0,lost,✗,0,0,0.7779,Tamworth,0-1,1-1,0,legacy-unverified,,
2026-10-03,2026-10-03T10:00:00Z,2026-10-03T00:28:30Z,Football,Liga F,Espanyol,Alavés,Espanyol,home,0.5089,50.9,No read,,Board,0,0,won,✓,1,1,0.776,Espanyol,1-0,1-1,0,verified,,
2026-10-03,2026-10-03T17:00:00Z,2026-10-03T10:30:05Z,Football,Segunda División RFEF - Group 4,Estepona,Don Benito,Don Benito,away,0.5063,50.6,No read,,Board,0,0,lost,✗,0,0,0.5063,Estepona,3-1,0-1,0,verified,celtic,
2026-10-03,2026-10-03T12:00:00Z,2026-10-03T10:30:05Z,Football,Regionalliga - West,SV Rodinghausen,Sportfreunde Lotte,SV Rodinghausen,home,0.5038,50.4,No read,,Board,0,0,won,✓,1,1,0.7756,SV Rodinghausen,2-1,1-1,0,verified,,
2026-10-03,2026-10-03T16:00:00Z,2026-10-03T10:30:05Z,Football,National 2 - Group A,Furiani-Agliani,Haguenau,Furiani-Agliani,home,0.5036,50.4,No read,,Board,0,0,won,✓,1,1,0.7766,Furiani-Agliani,5-1,1-1,0,verified,,
2026-10-03,2026-10-03T14:00:00Z,2026-10-03T10:30:05Z,Football,Regionalliga - West,Kufstein,Imst,Imst,away,0.5031,50.3,No read,,Board,0,0,won,✓,1,1,0.7793,Imst,1-2,1-1,0,verified,,
2026-10-03,2026-10-03T15:00:00Z,2026-10-03T10:30:05Z,Football,Tercera División RFEF - Group 4,Aurrerá Vitoria,Erandio,Aurrerá Vitoria,home,0.503,50.3,No read,,Board,0,0,won,✓,1,1,0.7696,Aurrerá Vitoria,2-1,1-1,0,verified,,
2026-10-03,2026-10-03T11:30:00Z,2026-10-03T10:30:05Z,Football,3. Lig - Group 3,Bitlis Özgüzelderespor,Adana Adaletgucu,Bitlis Özgüzelderespor,home,0.503,50.3,No read,,Board,0,0,won,✓,1,1,0.7631,Bitlis Özgüzelderespor,5-0,1-1,0,verified,,
2026-10-03,2026-10-03T14:30:00Z,2026-10-03T10:30:05Z,Football,Tercera División RFEF - Group 4,Touring,Durango,Touring,home,0.5009,50.1,No read,,Board,0,0,lost,✗,0,0,0.5009,Draw,2-2,1-0,0,verified,,
2026-10-03,2026-10-03T11:00:00Z,2026-10-03T10:30:05Z,Football,1. Division,Slonim,Shakhter Soligorsk,Slonim,home,0.4994,49.9,No read,,Board,0,0,won,✓,1,0,0.736,Draw,1-1,1-1,1,verified,celtic,
2026-10-03,2026-10-03T14:00:00Z,2026-10-03T10:30:05Z,Football,Oberliga - Bayern Nord,Bayern Hof,Würzburger FV,Bayern Hof,home,0.4993,49.9,No read,,Board,0,0,lost,✗,0,0,0.4993,Würzburger FV,1-2,2-1,0,verified,,
2026-10-03,2026-10-03T18:30:00Z,2026-10-03T10:30:05Z,Football,Segunda División RFEF - Group 5,Atlético Paso,Real Madrid III,Atlético Paso,home,0.4992,49.9,No read,,Board,0,0,won,✓,1,1,0.4992,Atlético Paso,1-0,1-0,0,verified,celtic,
2026-10-03,2026-10-03T16:00:00Z,2026-10-03T10:30:05Z,Football,National 2 - Group C,Bourges Foot 18,Fréjus St-Raphaël,Bourges Foot 18,home,0.4987,49.9,No read,,Board,0,0,lost,✗,0,0,0.7683,Fréjus St-Raphaël,0-1,1-1,0,verified,,
2026-10-03,2026-10-03T09:30:00Z,2026-10-03T00:28:30Z,Football,Persha Liga,Lokomotiv Kyiv,Polissya II,Lokomotiv Kyiv,home,0.4986,49.9,No read,,Board,0,0,lost,✗,0,0,0.4986,Draw,3-3,1-0,0,verified,celtic,
2026-10-03,2026-10-03T05:00:00Z,2026-10-03T00:28:30Z,Football,K3 League,Changwon City,Yangpyeong,Changwon City,home,0.4978,49.8,No read,,Board,0,0,won,✓,1,1,0.4978,Changwon City,2-1,1-0,0,verified,,
2026-10-03,2026-10-03T15:00:00Z,2026-10-03T10:30:05Z,Football,National 2 - Group C,Andrézieux,Hauts Lyonnais,Andrézieux,home,0.4974,49.7,No read,,Board,0,0,won,✓,1,0,0.7554,Draw,1-1,1-1,1,verified,celtic,
2026-10-03,2026-10-03T14:00:00Z,2026-10-03T10:30:05Z,Football,Ettan - Norra,Stocksund,Järfälla,Stocksund,home,0.4972,49.7,No read,,Board,0,0,lost,✗,0,0,0.4972,Draw,1-1,2-1,0,verified,celtic,
2026-10-03,2026-10-03T12:00:00Z,2026-10-03T10:30:05Z,Football,Division 2 - Norrland,Gottne,Boden,Gottne,home,0.4969,49.7,No read,,Board,0,0,won,✓,1,1,0.7525,Gottne,4-2,1-1,0,verified,,
2026-10-03,2026-10-03T13:00:00Z,2026-10-03T10:30:05Z,Football,3. liga - West,Baník Prievidza,Dunajská Lužná,Baník Prievidza,home,0.4965,49.6,No read,,Board,0,0,lost,✗,0,0,0.7448,Dunajská Lužná,1-2,1-1,0,verified,,
2026-10-03,2026-10-03T13:00:00Z,2026-10-03T10:30:05Z,Football,Gamma Ethniki - Group 2,Iraklis Therm.,Panedessaikos,Iraklis Therm.,home,0.4954,49.5,No read,,Board,0,0,won,✓,1,1,0.4954,Iraklis Therm.,2-0,1-0,0,verified,celtic,
2026-10-03,2026-10-03T16:00:00Z,2026-10-03T10:30:05Z,Football,National 2 - Group C,Toulon,Troyes II,Toulon,home,0.4952,49.5,No read,,Board,0,0,won,✓,1,1,0.7428,Toulon,1-0,1-1,0,verified,celtic,
2026-10-03,2026-10-03T09:45:00Z,2026-10-03T00:28:30Z,Football,Druha Liga,Rebel,Lozova,Rebel,home,0.4947,49.5,No read,,Board,0,0,lost,✗,0,0,0.7584,Lozova,1-2,1-1,0,verified,,
2026-10-03,2026-10-03T14:00:00Z,2026-10-03T10:30:05Z,Football,Southern League Premier Central,Leighton Town,Peterborough Sports,Leighton Town,home,0.4905,49.0,No read,,Board,0,0,lost,✗,0,0,0.7333,Peterborough Sports,2-4,1-1,0,verified,celtic,
2026-10-03,2026-10-03T11:00:00Z,2026-10-03T10:30:05Z,Football,Division 2 - Södra Svealand,Forward,Sleipner,Forward,home,0.4903,49.0,No read,,Board,0,0,lost,✗,0,0,0.4903,Draw,1-1,2-1,0,verified,,
2026-10-03,2026-10-03T13:00:00Z,2026-10-03T10:30:05Z,Football,Ettan - Norra,FBK Karlstad,AFC Eskilstuna,FBK Karlstad,home,0.4902,49.0,No read,,Board,0,0,won,✓,1,0,0.7227,Draw,2-2,1-1,1,verified,celtic,
2026-10-03,2026-10-03T14:00:00Z,2026-10-03T10:30:05Z,Football,1. Liga Classic - Group 2,Zug,Courtételle,Courtételle,away,0.4892,48.9,No read,,Board,0,0,won,✓,1,1,0.7349,Courtételle,1-2,1-1,0,verified,,
2026-10-03,2026-10-03T14:00:00Z,2026-10-03T10:30:05Z,Football,National League,Yeovil Town,Boston United,Yeovil Town,home,0.4887,48.9,No read,,Board,0,0,won,✓,1,1,0.7565,Yeovil Town,6-0,1-1,0,verified,,
2026-10-03,2026-10-03T13:45:00Z,2026-10-03T10:30:05Z,Football,Ligue A,Muzinga,Olympic Star,Muzinga,home,0.4881,48.8,No read,,Board,0,0,won,✓,1,0,0.7675,Draw,1-1,1-1,1,verified,,
2026-10-03,2026-10-03T14:30:00Z,2026-10-03T10:30:05Z,Football,Eerste Divisie,Vitesse,NAC Breda,Vitesse,home,0.4862,48.6,No read,,Board,0,0,won,✓,1,0,0.7385,Draw,2-2,1-1,1,verified,celtic,
2026-10-03,2026-10-03T12:00:00Z,2026-10-03T10:30:05Z,Football,LaLiga 2,Albacete,Eibar,Eibar,away,0.486,48.6,No read,,Board,0,0,won,✓,1,1,0.7572,Eibar,1-3,1-1,0,verified,,
2026-10-03,2026-10-03T13:30:00Z,2026-10-03T10:30:05Z,Football,Second NL,Slavonija Požega,Lucko,Slavonija Požega,home,0.4853,48.5,No read,,Board,0,0,won,✓,1,1,0.7565,Slavonija Požega,2-0,1-1,0,verified,,
2026-10-03,2026-10-03T14:00:00Z,2026-10-03T10:30:05Z,Football,League Two,Rochdale,Swindon Town,Rochdale,home,0.4836,48.4,No read,,Board,0,0,won,✓,1,1,0.7557,Rochdale,1-0,1-1,0,verified,celtic,
2026-10-03,2026-10-03T18:45:00Z,2026-10-03T10:30:05Z,Football,Ligue 3,Concarneau,Gobelins,Concarneau,home,0.4835,48.4,No read,,Board,0,0,won,✓,1,1,0.4835,Concarneau,2-1,1-0,0,verified,,
2026-10-03,2026-10-03T05:00:00Z,2026-10-03T00:28:30Z,Football,J3 League,FC Gifu,Renofa Yamaguchi,FC Gifu,home,0.4834,48.3,No read,,Board,0,0,lost,✗,0,0,0.7604,Renofa Yamaguchi,0-2,1-1,0,verified,celtic,
2026-10-03,2026-10-03T16:00:00Z,2026-10-03T10:30:05Z,Football,Tercera División RFEF - Group 12,Los Llanos,Unión Sur Yaiza,Los Llanos,home,0.4834,48.3,No read,,Board,0,0,won,✓,1,1,0.7676,Los Llanos,1-0,1-1,0,verified,,
2026-10-03,2026-10-03T09:00:00Z,2026-10-03T00:28:30Z,Football,NB III - Northeast,Tarpa,Debrecen II,Debrecen II,away,0.4806,48.1,No read,,Board,0,0,won,✓,1,1,0.7149,Debrecen II,1-2,1-1,0,verified,,
2026-10-03,2026-10-03T13:00:00Z,2026-10-03T10:30:05Z,Football,Prva Liga,Teleoptik,OFK Bor 1919,Teleoptik,home,0.48,48.0,No read,,Board,0,0,won,✓,1,1,0.48,Teleoptik,2-0,1-0,0,verified,celtic,
2026-10-03,2026-10-03T13:00:00Z,2026-10-03T10:30:05Z,Football,Super League,Konkola Blades,Power Dynamos,Power Dynamos,away,0.4793,47.9,No read,,Board,0,0,lost,✗,0,0,0.4793,Konkola Blades,2-1,0-1,0,verified,,
2026-10-03,2026-10-03T18:00:00Z,2026-10-03T10:30:05Z,Football,Primera B Metropolitana,Liniers,Excursionistas,Excursionistas,away,0.4781,47.8,No read,,Board,0,0,lost,✗,0,0,0.7651,Liniers,1-0,1-1,0,verified,,
2026-10-03,2026-10-03T15:30:00Z,2026-10-03T10:30:05Z,Football,Tercera División RFEF - Group 3,Torina,Guarnizo,Torina,home,0.4779,47.8,No read,,Board,0,0,lost,✗,0,0,0.4779,Draw,1-1,1-0,0,verified,,
2026-10-03,2026-10-03T18:00:00Z,2026-10-03T10:30:05Z,Football,Primera Nacional,Tristan Suarez,Quilmes,Tristan Suarez,home,0.4776,47.8,No read,,Board,0,0,won,✓,1,0,0.8327,Draw,0-0,0-0,1,verified,,
2026-10-03,2026-10-03T12:30:00Z,2026-10-03T10:30:05Z,Football,3. Lig - Group 2,Ayvalikgucu,Söke 1970,Ayvalikgucu,home,0.4767,47.7,No read,,Board,0,0,won,✓,1,0,0.7507,Draw,1-1,1-1,1,verified,,
2026-10-03,2026-10-03T20:30:00Z,2026-10-03T10:30:05Z,Football,Primera B,Real Santander,Union Magdalena,Union Magdalena,away,0.4762,47.6,No read,,Board,0,0,won,✓,1,1,0.7536,Union Magdalena,1-3,1-1,0,verified,celtic,
2026-10-03,2026-10-03T11:30:00Z,2026-10-03T10:30:05Z,Football,League Two,Chesterfield,Tranmere Rovers,Chesterfield,home,0.4758,47.6,No read,,Board,0,0,won,✓,1,1,0.7508,Chesterfield,4-2,1-1,0,verified,,
2026-10-03,2026-10-03T13:30:00Z,2026-10-03T10:30:05Z,Football,Second NL,Grobničan Čavle,Hrvatski Dragovoljac,Grobničan Čavle,home,0.4749,47.5,No read,,Board,0,0,lost,✗,0,0,0.745,Hrvatski Dragovoljac,1-4,1-1,0,verified,,
2026-10-03,2026-10-03T13:00:00Z,2026-10-03T10:30:05Z,Football,1st League - FBiH,Travnik,GOŠK Gabela,Travnik,home,0.4744,47.4,No read,,Board,0,0,lost,✗,0,0,0.4744,Draw,2-2,1-0,0,verified,,
2026-10-03,2026-10-03T11:00:00Z,2026-10-03T10:30:05Z,Football,Division 2 - Norra Svealand,Enskede,Falu BS,Enskede,home,0.4743,47.4,No read,,Board,0,0,won,✓,1,1,0.7307,Enskede,2-0,1-1,0,verified,celtic,
2026-10-03,2026-10-03T13:30:00Z,2026-10-03T10:30:05Z,Football,Second NL,Križevci,Solin,Križevci,home,0.4743,47.4,No read,,Board,0,0,lost,✗,0,0,0.7527,Solin,0-2,1-1,0,verified,,
2026-10-03,2026-10-03T18:00:00Z,2026-10-03T10:30:05Z,Football,Liga Premier Serie B,Irapuato II,Cruz Azul Lagunas,Cruz Azul Lagunas,away,0.4741,47.4,No read,,Board,0,0,lost,✗,0,0,0.7355,Irapuato II,2-1,1-1,0,verified,celtic,
2026-10-03,2026-10-03T12:00:00Z,2026-10-03T10:30:05Z,Football,Division 2 - Norrland,Lucksta,IFK Östersund,IFK Östersund,away,0.4735,47.3,No read,,Board,0,0,won,✓,1,1,0.4735,IFK Östersund,2-5,1-2,0,verified,,
2026-10-03,2026-10-03T11:00:00Z,2026-10-03T10:30:05Z,Football,NB III - Northwest,Zalaegerszegi TE II,Bicskei,Zalaegerszegi TE II,home,0.4733,47.3,No read,,Board,0,0,won,✓,1,1,0.4733,Zalaegerszegi TE II,3-1,2-1,0,verified,celtic,
2026-10-03,2026-10-03T11:00:00Z,2026-10-03T10:30:05Z,Football,Tercera División RFEF - Group 12,Panadería Pulido,Anaza,Panadería Pulido,home,0.4727,47.3,No read,,Board,0,0,won,✓,1,1,0.7547,Panadería Pulido,5-2,1-1,0,verified,,
2026-10-03,2026-10-03T09:00:00Z,2026-10-03T00:28:30Z,Football,NB III - Northeast,Eger,Diósgyőr II,Diósgyőr II,away,0.472,47.2,No read,,Board,0,0,lost,✗,0,0,0.703,Eger,2-1,1-1,0,verified,,
2026-10-03,2026-10-03T11:00:00Z,2026-10-03T10:30:05Z,Football,Division 2 - Norra Götaland,Stenungsund,IFK Skövde,Stenungsund,home,0.4714,47.1,No read,,Board,0,0,lost,✗,0,0,0.7275,IFK Skövde,0-3,1-1,0,verified,celtic,
2026-10-03,2026-10-03T11:00:00Z,2026-10-03T10:30:05Z,Football,Division 2 - Västra Götaland,Böljan,Jonsered,Böljan,home,0.4692,46.9,No read,,Board,0,0,lost,✗,0,0,0.7065,Jonsered,0-1,1-1,0,verified,,
2026-10-03,2026-10-03T14:00:00Z,2026-10-03T10:30:05Z,Football,Tercera División RFEF - Group 6,Soneja,Jove Español,Soneja,home,0.4691,46.9,No read,,Board,0,0,lost,✗,0,0,0.7475,Jove Español,1-2,1-1,0,verified,,
2026-10-03,2026-10-03T12:00:00Z,2026-10-03T10:30:05Z,Football,Oberliga - Bayern Nord,Ammerthal,Neudrossenfeld,Ammerthal,home,0.4688,46.9,No read,,Board,0,0,lost,✗,0,0,0.7212,Neudrossenfeld,1-2,1-1,0,verified,,
2026-10-03,2026-10-03T16:00:00Z,2026-10-03T10:30:05Z,Football,3. Lig - Group 1,Orduspor 1967,Fatsa Belediyespor,Orduspor 1967,home,0.4687,46.9,No read,,Board,0,0,lost,✗,0,0,0.7494,Fatsa Belediyespor,0-3,1-1,0,verified,celtic,
2026-10-03,2026-10-03T14:00:00Z,2026-10-03T10:30:05Z,Football,Ligue 2,JS Jijel,Azazga,JS Jijel,home,0.467,46.7,No read,,Board,0,0,won,✓,1,0,0.7561,Draw,0-0,1-1,1,verified,,
2026-10-03,2026-10-03T11:45:00Z,2026-10-03T10:30:05Z,Football,Premier League,Limkokwing University,Linare,Linare,away,0.467,46.7,No read,,Board,0,0,won,✓,1,0,0.7432,Draw,1-1,1-1,1,verified,,
2026-10-03,2026-10-03T12:00:00Z,2026-10-03T10:30:05Z,Football,2. Lig,Erbaaspor,Aliağa FAŞ,Aliağa FAŞ,away,0.4664,46.6,No read,,Board,0,0,won,✓,1,1,0.7047,Aliağa FAŞ,2-4,1-1,0,verified,,
2026-10-03,2026-10-03T14:30:00Z,2026-10-03T10:30:05Z,Football,1. Liga Classic - Group 3,Mendrisio,Tuggen,Tuggen,away,0.4659,46.6,No read,,Board,0,0,won,✓,1,0,0.7054,Draw,1-1,1-1,1,verified,,
2026-10-03,2026-10-03T14:15:00Z,2026-10-03T10:30:05Z,Football,LaLiga 2,Almería,Burgos,Almería,home,0.4655,46.6,No read,,Board,0,0,won,✓,1,1,0.7388,Almería,2-1,1-1,0,verified,,
2026-10-03,2026-10-03T13:00:00Z,2026-10-03T10:30:05Z,Football,1st League - RS,Slavija,Famos Vojkovići,Slavija,home,0.4652,46.5,No read,,Board,0,0,won,✓,1,0,0.7496,Draw,1-1,1-1,1,verified,,
2026-10-03,2026-10-03T19:00:00Z,2026-10-03T10:30:05Z,Football,D1 Arkema,Paris,Lens,Paris,home,0.4651,46.5,No read,,Board,0,0,won,✓,1,1,0.7338,Paris,4-1,1-1,0,verified,,
2026-10-03,2026-10-03T14:30:00Z,2026-10-03T10:30:05Z,Football,Eerste Divisie,TOP Oss,MVV Maastricht,TOP Oss,home,0.4646,46.5,No read,,Board,0,0,won,✓,1,1,0.7383,TOP Oss,4-1,1-1,0,verified,,
2026-10-03,2026-10-03T15:00:00Z,2026-10-03T10:30:05Z,Football,Tercera División RFEF - Group 2,Ceares,San Martín,Ceares,home,0.4641,46.4,No read,,Board,0,0,lost,✗,0,0,0.7519,San Martín,1-2,1-1,0,verified,,
2026-10-03,2026-10-03T14:00:00Z,2026-10-03T10:30:05Z,Football,Northern Premier League,Rylands,AFC Emley,Rylands,home,0.4639,46.4,No read,,Board,0,0,won,✓,1,1,0.4639,Rylands,4-1,1-0,0,verified,celtic,
2026-10-03,2026-10-03T11:00:00Z,2026-10-03T10:30:05Z,Football,Druha Liga,Podillya Khmelnytskyi,Vilkhivtsi,Podillya Khmelnytskyi,home,0.4636,46.4,No read,,Board,0,0,lost,✗,0,0,0.7037,Vilkhivtsi,1-2,1-1,0,verified,celtic,
2026-10-03,2026-10-03T14:00:00Z,2026-10-03T10:30:05Z,Football,Division 2 - Södra Svealand,Syrianska,Lindo FF,Syrianska,home,0.4628,46.3,No read,,Board,0,0,won,✓,1,1,0.6965,Syrianska,5-2,1-1,0,verified,,
2026-10-03,2026-10-03T23:00:00Z,2026-10-03T10:30:05Z,Football,USL Championship,Brooklyn,Rhode Island,Rhode Island,away,0.4628,46.3,No read,,Board,0,0,won,✓,1,1,0.7459,Rhode Island,1-3,1-1,0,verified,,
2026-10-03,2026-10-03T00:00:00Z,2026-10-02T23:53:36Z,Football,CONCACAF Nations League,Bonaire,Grenada,Bonaire,home,0.4616,46.2,No read,,Board,0,0,lost,✗,0,0,0.7165,Grenada,2-3,1-1,0,verified,,
2026-10-03,2026-10-03T16:00:00Z,2026-10-03T10:30:05Z,Football,NB III - Northwest,Pápai Perutz,Gyori ETO II,Gyori ETO II,away,0.4609,46.1,No read,,Board,0,0,lost,✗,0,0,0.7152,Pápai Perutz,2-1,1-1,0,verified,,
2026-10-03,2026-10-03T14:00:00Z,2026-10-03T10:30:05Z,Football,Gamma Ethniki - Group 2,Mpam,PAO Kristoni,Mpam,home,0.4606,46.1,No read,,Board,0,0,won,✓,1,1,0.743,Mpam,3-1,1-1,0,verified,celtic,
2026-10-03,2026-10-03T14:00:00Z,2026-10-03T10:30:05Z,Football,League One,Leyton Orient,Plymouth Argyle,Leyton Orient,home,0.4604,46.0,No read,,Board,0,0,lost,✗,0,0,0.718,Plymouth Argyle,0-2,1-1,0,verified,,
2026-10-03,2026-10-03T12:00:00Z,2026-10-03T10:30:05Z,Football,3. Lig - Group 3,Silifke Belediyespor,Niğde Belediyesispor,Silifke Belediyespor,home,0.4598,46.0,No read,,Board,0,0,lost,✗,0,0,0.7448,Niğde Belediyesispor,0-3,1-1,0,verified,celtic,
2026-10-03,2026-10-03T14:00:00Z,2026-10-03T10:30:05Z,Football,Northern Premier League,Bamber Bridge,Quorn,Bamber Bridge,home,0.4579,45.8,No read,,Board,0,0,lost,✗,0,0,0.7076,Quorn,2-4,1-1,0,verified,celtic,
2026-10-03,2026-10-03T18:00:00Z,2026-10-03T10:30:05Z,Football,Eerste Divisie,FC Eindhoven,De Graafschap,FC Eindhoven,home,0.4574,45.7,No read,,Board,0,0,won,✓,1,0,0.7049,Draw,2-2,1-1,1,verified,,
2026-10-03,2026-10-03T11:00:00Z,2026-10-03T10:30:05Z,Football,NB III - Northeast,Nyiregyhaza II,Salgótarjáni BTC,Nyiregyhaza II,home,0.4572,45.7,No read,,Board,0,0,lost,✗,0,0,0.7017,Salgótarjáni BTC,0-1,1-1,0,verified,,
2026-10-03,2026-10-03T14:00:00Z,2026-10-03T10:30:05Z,Football,Division 2 - Norra Götaland,Lidköping,Vänersborgs FK,Lidköping,home,0.4569,45.7,No read,,Board,0,0,won,✓,1,1,0.7232,Lidköping,1-0,1-1,0,verified,,
2026-10-03,2026-10-03T05:00:00Z,2026-10-03T00:28:30Z,Football,J3 League,Matsumoto Yamaga,Gainare Tottori,Matsumoto Yamaga,home,0.4554,45.5,No read,,Board,0,0,lost,✗,0,0,0.7447,Gainare Tottori,0-1,1-1,0,verified,,
2026-10-03,2026-10-03T16:00:00Z,2026-10-03T10:30:05Z,Football,2. Lig,Fethiyespor,Karacabey Belediyespor,Fethiyespor,home,0.4547,45.5,No read,,Board,0,0,lost,✗,0,0,0.732,Karacabey Belediyespor,0-1,1-1,0,verified,,
2026-10-03,2026-10-03T11:30:00Z,2026-10-03T10:30:05Z,Football,Persha Liga,Prykarpattia,Metal Kharkiv,Prykarpattia,home,0.4533,45.3,No read,,Board,0,0,lost,✗,0,0,0.4533,Draw,0-0,1-0,0,verified,,
2026-10-03,2026-10-03T13:00:00Z,2026-10-03T10:30:05Z,Football,Division 2 - Norrland,IFK Luleå,Skellefteå,IFK Luleå,home,0.4533,45.3,No read,,Board,0,0,won,✓,1,1,0.7234,IFK Luleå,4-2,1-1,0,verified,,
2026-10-03,2026-10-03T14:00:00Z,2026-10-03T10:30:05Z,Football,Liga F,Deportivo,Atlético Madrid,Deportivo,home,0.4518,45.2,No read,,Board,0,0,lost,✗,0,0,0.73,Atlético Madrid,1-2,1-1,0,verified,,
2026-10-03,2026-10-03T16:00:00Z,2026-10-03T10:30:05Z,Football,Division 2 - Norra Svealand,Gute,Skiljebo,Skiljebo,away,0.4517,45.2,No read,,Board,0,0,won,✓,1,1,0.684,Skiljebo,1-2,1-1,0,verified,,
2026-10-03,2026-10-03T18:00:00Z,2026-10-03T10:30:05Z,Football,Primera Nacional,Temperley,Gimnasia Jujuy,Temperley,home,0.4509,45.1,No read,,Board,0,0,won,✓,1,1,0.7432,Temperley,2-1,1-1,0,verified,,
2026-10-03,2026-10-03T14:00:00Z,2026-10-03T10:30:05Z,Football,League Two,Crewe Alexandra,Bristol Rovers,Crewe Alexandra,home,0.4508,45.1,No read,,Board,0,0,won,✓,1,1,0.7459,Crewe Alexandra,3-1,1-1,0,verified,,
2026-10-03,2026-10-03T16:00:00Z,2026-10-03T10:30:05Z,Football,1st League - RS,Sutjeska Foča,Zvijezda 09,Sutjeska Foča,home,0.4505,45.1,No read,,Board,0,0,won,✓,1,0,0.7332,Draw,0-0,1-1,1,verified,,
2026-10-03,2026-10-03T16:00:00Z,2026-10-03T10:30:05Z,Football,Segunda División RFEF - Group 1,Portugalete,Deportivo Alavés II,Portugalete,home,0.4495,45.0,No read,,Board,0,0,lost,✗,0,0,0.7341,Deportivo Alavés II,0-2,1-1,0,verified,celtic,
2026-10-03,2026-10-03T11:00:00Z,2026-10-03T10:30:05Z,Football,3. Division,Ishøj,Ringsted,Ishøj,home,0.4486,44.9,No read,,Board,0,0,won,✓,1,0,0.7156,Draw,2-2,1-1,1,verified,celtic,
2026-10-03,2026-10-03T14:00:00Z,2026-10-03T10:30:05Z,Football,League One,Reading,Bradford City,Reading,home,0.4486,44.9,No read,,Board,0,0,won,✓,1,0,0.7414,Draw,1-1,1-1,1,verified,,
2026-10-03,2026-10-03T12:00:00Z,2026-10-03T10:30:05Z,Football,Oberliga - Bayern Nord,Stadeln,Gebenbach,Gebenbach,away,0.4485,44.9,No read,,Board,0,0,lost,✗,0,0,0.7104,Stadeln,1-0,1-1,0,verified,,
2026-10-03,2026-10-03T12:30:00Z,2026-10-03T10:30:05Z,Football,3. Lig - Group 2,Bigaspor,Balıkesirspor,Bigaspor,home,0.4475,44.8,No read,,Board,0,0,won,✓,1,1,0.7019,Bigaspor,3-2,1-1,0,verified,,
2026-10-03,2026-10-03T23:00:00Z,2026-10-03T10:30:05Z,Football,USL Championship,Lexington,El Paso Locomotive,Lexington,home,0.4466,44.7,No read,,Board,0,0,won,✓,1,1,0.7034,Lexington,3-1,1-1,0,verified,,
2026-10-03,2026-10-03T13:45:00Z,2026-10-03T10:30:05Z,Football,Tercera División RFEF - Group 11,Mercadal,Constància,Constància,away,0.4453,44.5,No read,,Board,0,0,won,✓,1,1,0.4453,Constància,1-3,0-1,0,verified,,
2026-10-03,2026-10-03T11:00:00Z,2026-10-03T10:30:05Z,Football,NB III - Southwest,Érdi VSE,Kaposvar,Kaposvar,away,0.4453,44.5,No read,,Board,0,0,lost,✗,0,0,0.6903,Érdi VSE,3-1,1-1,0,verified,,
2026-10-03,2026-10-03T09:00:00Z,2026-10-03T00:28:30Z,Football,NB III - Southeast,Újpest II,Monori Se,Újpest II,home,0.4445,44.5,No read,,Board,0,0,won,✓,1,0,0.6876,Draw,2-2,1-1,1,verified,celtic,
2026-10-03,2026-10-03T11:00:00Z,2026-10-03T10:30:05Z,Football,Division 2 - Västra Götaland,Åstorp,Dalstorps,Dalstorps,away,0.4444,44.4,No read,,Board,0,0,won,✓,1,1,0.6991,Dalstorps,1-3,1-1,0,verified,,
2026-10-03,2026-10-03T00:35:00Z,2026-10-02T23:53:36Z,Football,Serie B,Fortaleza,Náutico,Fortaleza,home,0.4444,44.4,No read,,Board,0,0,lost,✗,0,0,0.4444,Draw,1-1,1-0,0,verified,celtic,
2026-10-03,2026-10-03T13:00:00Z,2026-10-03T10:30:05Z,Football,1st League - FBiH,Čapljina,Tomislav,Čapljina,home,0.4436,44.4,No read,,Board,0,0,won,✓,1,1,0.6975,Čapljina,4-2,1-1,0,verified,,
2026-10-03,2026-10-03T14:00:00Z,2026-10-03T10:30:05Z,Football,Ligue 2,JSM Skikda,Nrb Beni Oulbene,JSM Skikda,home,0.4427,44.3,No read,,Board,0,0,won,✓,1,1,0.4427,JSM Skikda,1-0,1-0,0,verified,,
2026-10-03,2026-10-03T14:00:00Z,2026-10-03T10:30:05Z,Football,National League,Aldershot Town,Carlisle,Aldershot Town,home,0.4419,44.2,No read,,Board,0,0,lost,✗,0,0,0.7038,Carlisle,1-3,1-1,0,verified,,
2026-10-03,2026-10-03T16:00:00Z,2026-10-03T10:30:05Z,Football,Liga F,Madrid CFF,Athletic Club,Madrid CFF,home,0.4414,44.1,No read,,Board,0,0,won,✓,1,0,0.7047,Draw,2-2,1-1,1,verified,,
2026-10-03,2026-10-03T14:30:00Z,2026-10-03T10:30:05Z,Football,Tercera División RFEF - Group 4,Pasaia KE,Santurtzi,Pasaia KE,home,0.4406,44.1,No read,,Board,0,0,won,✓,1,1,0.4406,Pasaia KE,1-0,1-0,0,verified,,
2026-10-03,2026-10-03T15:00:00Z,2026-10-03T10:30:05Z,Football,Tercera División RFEF - Group 3,Bezana,Vimenor,Bezana,home,0.4377,43.8,No read,,Board,0,0,won,✓,1,1,0.7204,Bezana,1-0,1-1,0,verified,,
2026-10-03,2026-10-03T22:00:00Z,2026-10-03T10:30:05Z,Football,Liga Premier Serie B,Internacional Laguna,Celaya 2,Internacional Laguna,home,0.4374,43.7,No read,,Board,0,0,lost,✗,0,0,0.7064,Celaya 2,2-3,1-1,0,verified,,
2026-10-03,2026-10-03T16:00:00Z,2026-10-03T10:30:05Z,Football,Tercera División RFEF - Group 3,Revilla,Atlético Albericia,Revilla,home,0.4369,43.7,No read,,Board,0,0,won,✓,1,0,0.698,Draw,2-2,1-1,1,verified,,
2026-10-03,2026-10-03T12:00:00Z,2026-10-03T10:30:05Z,Football,Regionalliga - West,FC Bocholt,FC Gutersloh,FC Gutersloh,away,0.4363,43.6,No read,,Board,0,0,won,✓,1,1,0.6913,FC Gutersloh,3-4,1-1,0,verified,,
2026-10-03,2026-10-03T19:00:00Z,2026-10-03T10:30:05Z,Football,Primera A,Águilas Doradas,Jaguares de Córdoba,Águilas Doradas,home,0.4363,43.6,No read,,Board,0,0,won,✓,1,1,0.4363,Águilas Doradas,2-0,1-0,0,verified,celtic,
2026-10-03,2026-10-03T09:00:00Z,2026-10-03T00:28:30Z,Football,Oberliga - Bayern Nord,ASV Neumarkt,Ingolstadt II,ASV Neumarkt,home,0.4359,43.6,No read,,Board,0,0,lost,✗,0,0,0.6859,Ingolstadt II,1-2,1-1,0,verified,,
2026-10-03,2026-10-03T18:45:00Z,2026-10-03T10:30:05Z,Football,Ligue 3,Fleury 91,Caen,Fleury 91,home,0.4355,43.5,No read,,Board,0,0,won,✓,1,1,0.7053,Fleury 91,3-2,1-1,0,verified,,
2026-10-03,2026-10-03T15:30:00Z,2026-10-03T10:30:05Z,Football,Premier League,Young Buffaloes,Moneni Pirates,Young Buffaloes,home,0.4354,43.5,No read,,Board,0,0,won,✓,1,1,0.4354,Young Buffaloes,2-1,1-0,0,verified,,
2026-10-03,2026-10-03T18:45:00Z,2026-10-03T10:30:05Z,Football,Ligue 3,Le Puy Foot,Thionville Lusitanos,Le Puy Foot,home,0.4351,43.5,No read,,Board,0,0,won,✓,1,1,0.701,Le Puy Foot,1-0,1-1,0,verified,celtic,
2026-10-03,2026-10-03T20:00:00Z,2026-10-03T10:30:05Z,Football,NWSL,Racing Louisville,Utah Royals,Utah Royals,away,0.4351,43.5,No read,,Board,0,0,won,✓,1,0,0.6913,Draw,1-1,1-1,1,verified,,
2026-10-03,2026-10-03T16:30:00Z,2026-10-03T10:30:05Z,Football,Tercera División RFEF - Group 18,Marchamalo,Tarancón,Tarancón,away,0.4338,43.4,No read,,Board,0,0,won,✓,1,0,0.7086,Draw,2-2,1-1,1,verified,,
2026-10-03,2026-10-03T14:00:00Z,2026-10-03T10:30:05Z,Football,Regionalliga - West,SVG Reichenau,Schwaz,Schwaz,away,0.4335,43.4,No read,,Board,0,0,won,✓,1,1,0.686,Schwaz,1-2,1-1,0,verified,,
2026-10-03,2026-10-03T13:00:00Z,2026-10-03T10:30:05Z,Football,Gamma Ethniki - Group 2,Kilkisiakos,Makedonikos Neapolis,Kilkisiakos,home,0.4332,43.3,No read,,Board,0,0,lost,✗,0,0,0.7108,Makedonikos Neapolis,0-2,1-1,0,verified,celtic,
2026-10-03,2026-10-03T12:00:00Z,2026-10-03T10:30:05Z,Football,Liga 2,PSIS Semarang,Bekasi City,Bekasi City,away,0.4327,43.3,No read,,Board,0,0,lost,✗,0,0,0.7285,PSIS Semarang,1-0,1-1,0,verified,,
2026-10-03,2026-10-03T08:00:00Z,2026-10-03T00:28:30Z,Football,Persha Liga,Viktoriya Mykolaivka,Inhulets,Viktoriya Mykolaivka,home,0.4323,43.2,No read,,Board,0,0,won,✓,1,1,0.4323,Viktoriya Mykolaivka,1-0,1-0,0,verified,,
2026-10-03,2026-10-03T12:30:00Z,2026-10-03T10:30:05Z,Football,1. Division,Strommen,Sandnes ULF,Strommen,home,0.4316,43.2,No read,,Board,0,0,won,✓,1,0,0.6979,Draw,3-3,1-1,1,verified,celtic,
2026-10-03,2026-10-03T13:30:00Z,2026-10-03T10:30:05Z,Football,Tercera División RFEF - Group 15,Valle Egüés,Aoiz,Valle Egüés,home,0.4311,43.1,No read,,Board,0,0,lost,✗,0,0,0.6963,Aoiz,0-1,1-1,0,verified,,
2026-10-03,2026-10-03T17:00:00Z,2026-10-03T10:30:05Z,Football,Tercera División RFEF - Group 2,L'Entregu,Colunga,L'Entregu,home,0.4302,43.0,No read,,Board,0,0,won,✓,1,0,0.7056,Draw,0-0,1-1,1,verified,,
2026-10-03,2026-10-03T13:00:00Z,2026-10-03T10:30:05Z,Football,3. liga - East,Kežmarok,Slovan Sabinov,Kežmarok,home,0.4298,43.0,No read,,Board,0,0,won,✓,1,0,0.716,Draw,0-0,1-1,1,verified,,
2026-10-03,2026-10-03T12:00:00Z,2026-10-03T10:30:05Z,Football,Division 2 - Norrland,Täfteå,Kubikenborg,Täfteå,home,0.4292,42.9,No read,,Board,0,0,lost,✗,0,0,0.677,Kubikenborg,0-4,1-1,0,verified,,
2026-10-03,2026-10-03T12:00:00Z,2026-10-03T10:30:05Z,Football,Regionalliga - SudWest,VfR Aalen,FSV Frankfurt,VfR Aalen,home,0.4285,42.9,No read,,Board,0,0,won,✓,1,1,0.6876,VfR Aalen,4-1,1-1,0,verified,,
2026-10-03,2026-10-03T13:15:00Z,2026-10-03T10:30:05Z,Football,Premier League,Madlenya,PPK Professionals,PPK Professionals,away,0.4283,42.8,No read,,Board,0,0,lost,✗,0,0,0.4283,Draw,1-1,0-1,0,verified,celtic,
2026-10-03,2026-10-03T14:00:00Z,2026-10-03T10:30:05Z,Football,Ligue 2,M'saken,CS Chebba,M'saken,home,0.4279,42.8,No read,,Board,0,0,won,✓,1,0,0.7209,Draw,0-0,1-1,1,verified,,
2026-10-03,2026-10-03T14:00:00Z,2026-10-03T10:30:05Z,Football,National League,Hartlepool,Tamworth,Hartlepool,home,0.4278,42.8,No read,,Board,0,0,lost,✗,0,0,0.7034,Tamworth,0-1,1-1,0,verified,,
2026-10-03,2026-10-03T18:30:00Z,2026-10-03T10:30:05Z,Football,Serie C - Girone A,PRO Vercelli,Athletic Carpi,Athletic Carpi,away,0.4277,42.8,No read,,Board,0,0,lost,✗,0,0,0.6881,PRO Vercelli,2-0,1-1,0,verified,celtic,
2026-10-03,2026-10-03T13:00:00Z,2026-10-03T10:30:05Z,Football,Ligue A,Never Give Up Academy,Musongati,Never Give Up Academy,home,0.4268,42.7,No read,,Board,0,0,lost,✗,0,0,0.7331,Musongati,0-2,1-1,0,verified,,
2026-10-03,2026-10-03T18:00:00Z,2026-10-03T10:30:05Z,Football,Primera División,Albion,Defensor Sporting,Albion,home,0.4265,42.6,No read,,Board,0,0,won,✓,1,1,0.4265,Albion,3-2,1-0,0,verified,celtic,
2026-10-03,2026-10-03T13:00:00Z,2026-10-03T10:30:05Z,Football,Super League,Nchanga Rangers,Zanaco,Nchanga Rangers,home,0.4261,42.6,No read,,Board,0,0,lost,✗,0,0,0.7666,Zanaco,0-1,0-0,0,verified,,
2026-10-03,2026-10-03T16:00:00Z,2026-10-03T10:30:05Z,Football,National 2 - Group A,Colmar,Racing Colombes 92,Racing Colombes 92,away,0.4256,42.6,No read,,Board,0,0,won,✓,1,1,0.6935,Racing Colombes 92,0-1,1-1,0,verified,celtic,
2026-10-03,2026-10-03T12:00:00Z,2026-10-03T10:30:05Z,Football,Oberliga - Bayern Süd,Schwabmünchen,Gundelfingen,Schwabmünchen,home,0.4255,42.5,No read,,Board,0,0,won,✓,1,1,0.6863,Schwabmünchen,2-1,1-1,0,verified,,
2026-10-03,2026-10-03T13:00:00Z,2026-10-03T10:30:05Z,Football,Gamma Ethniki - Group 2,Akrites Sykeon,Poseidon Nea Michaniona,Akrites Sykeon,home,0.4244,42.4,No read,,Board,0,0,lost,✗,0,0,0.7133,Poseidon Nea Michaniona,0-2,1-1,0,verified,celtic,
2026-10-03,2026-10-03T11:00:00Z,2026-10-03T10:30:05Z,Football,NB III - Northwest,Komárom,Tatabánya,Tatabánya,away,0.4243,42.4,No read,,Board,0,0,won,✓,1,1,0.6773,Tatabánya,0-2,1-1,0,verified,,
2026-10-03,2026-10-03T14:00:00Z,2026-10-03T10:30:05Z,Football,1. Liga Classic - Group 2,Buochs,Langenthal,Langenthal,away,0.4242,42.4,No read,,Board,0,0,won,✓,1,1,0.6534,Langenthal,1-2,1-1,0,verified,,
2026-10-03,2026-10-03T12:00:00Z,2026-10-03T10:30:05Z,Football,Liga 2,PSBS Biak Numfor,RANS Nusantara,RANS Nusantara,away,0.4235,42.4,No read,,Board,0,0,won,✓,1,1,0.6803,RANS Nusantara,1-5,1-1,0,verified,,
2026-10-03,2026-10-03T12:30:00Z,2026-10-03T10:30:05Z,Football,2. Division - Group 2,Follo,Stjørdals-Blink,Stjørdals-Blink,away,0.4234,42.3,No read,,Board,0,0,won,✓,1,1,0.6699,Stjørdals-Blink,0-1,1-1,0,verified,,
2026-10-03,,,Football,National League,Aldershot Town,Carlisle United,Aldershot Town,home,0.4234,42.3,No read,,Board,0,0,lost,✗,0,0,0.6897,Carlisle United,1-3,1-1,0,legacy-unverified,,
2026-10-03,2026-10-03T14:00:00Z,2026-10-03T10:30:05Z,Football,League Two,Accrington Stanley,Cheltenham Town,Accrington Stanley,home,0.4232,42.3,No read,,Board,0,0,won,✓,1,1,0.6923,Accrington Stanley,2-0,1-1,0,verified,,
2026-10-03,2026-10-03T18:00:00Z,2026-10-03T10:30:05Z,Football,Primera B Metropolitana,Villa San Carlos,Arsenal Sarandi,Arsenal Sarandi,away,0.4226,42.3,No read,,Board,0,0,lost,✗,0,0,0.7269,Villa San Carlos,1-0,1-1,0,verified,celtic,
2026-10-03,2026-10-03T15:00:00Z,2026-10-03T10:30:05Z,Football,3. liga - East,Poprad,MSK Tesla Stropkov,Poprad,home,0.4226,42.3,No read,,Board,0,0,won,✓,1,1,0.6952,Poprad,2-1,1-1,0,verified,,
2026-10-03,2026-10-03T13:00:00Z,2026-10-03T10:30:05Z,Football,3. liga - West,Slovan Duslo Šaľa,Rača,Slovan Duslo Šaľa,home,0.4223,42.2,No read,,Board,0,0,won,✓,1,0,0.6689,Draw,0-0,1-1,1,verified,,
2026-10-03,2026-10-03T14:00:00Z,2026-10-03T10:30:05Z,Football,Northern Premier League,Hyde United,Stockton Town,Hyde United,home,0.4223,42.2,No read,,Board,0,0,won,✓,1,1,0.7,Hyde United,2-1,1-1,0,verified,,
2026-10-03,2026-10-03T18:00:00Z,2026-10-03T10:30:05Z,Football,Primera B Metropolitana,San Martín Burzaco,Argentino de Merlo,San Martín Burzaco,home,0.4222,42.2,No read,,Board,0,0,won,✓,1,1,0.7326,San Martín Burzaco,2-1,1-1,0,verified,,
2026-10-03,2026-10-03T14:00:00Z,2026-10-03T10:30:05Z,Football,League One,Airdrie United,Montrose,Airdrie United,home,0.4222,42.2,No read,,Board,0,0,won,✓,1,1,0.6873,Airdrie United,1-0,1-1,0,verified,,
2026-10-03,2026-10-03T13:00:00Z,2026-10-03T10:30:05Z,Football,1st League - FBiH,Bratstvo Gračanica,TOŠK Tešanj,Bratstvo Gračanica,home,0.422,42.2,No read,,Board,0,0,lost,✗,0,0,0.7227,TOŠK Tešanj,1-3,1-1,0,verified,,
2026-10-03,2026-10-03T16:00:00Z,2026-10-03T10:30:05Z,Football,Tercera División RFEF - Group 8,Almazán,Palencia,Almazán,home,0.4214,42.1,No read,,Board,0,0,won,✓,1,0,0.6936,Draw,2-2,1-1,1,verified,,
2026-10-03,2026-10-03T15:00:00Z,2026-10-03T10:30:05Z,Football,Tercera División RFEF - Group 8,Calasanz de Soria,Villaralbo,Calasanz de Soria,home,0.4201,42.0,No read,,Board,0,0,won,✓,1,0,0.7121,Draw,2-2,1-1,1,verified,,
2026-10-03,2026-10-03T07:00:00Z,2026-10-03T00:28:30Z,Football,J2 League,Ventforet Kofu,Kataller Toyama,Kataller Toyama,away,0.4201,42.0,No read,,Board,0,0,won,✓,1,1,0.719,Kataller Toyama,1-2,1-1,0,verified,,
2026-10-03,2026-10-03T16:00:00Z,2026-10-03T10:30:05Z,Football,UEFA Nations League,Croatia,England,England,away,0.42,42.0,No read,,Board,0,0,won,✓,1,1,0.7587,England,0-7,1-1,0,verified,,
2026-10-03,2026-10-03T12:00:00Z,2026-10-03T10:30:05Z,Football,3. Division,Hørsholm-Usserød,FC Helsingor,Hørsholm-Usserød,home,0.4197,42.0,No read,,Board,0,0,won,✓,1,1,0.669,Hørsholm-Usserød,3-1,1-1,0,verified,celtic,
2026-10-03,2026-10-03T15:30:00Z,2026-10-03T10:30:05Z,Football,Tercera División RFEF - Group 14,Atlético Pueblonuevo,Puebla Calzada,Puebla Calzada,away,0.4196,42.0,No read,,Board,0,0,won,✓,1,0,0.6967,Draw,0-0,1-1,1,verified,,
2026-10-03,2026-10-03T14:30:00Z,2026-10-03T10:30:05Z,Football,Tercera División RFEF - Group 17,Robres,Binéfar,Binéfar,away,0.4195,41.9,No read,,Board,0,0,won,✓,1,1,0.6713,Binéfar,1-2,1-1,0,verified,,
2026-10-03,2026-10-03T13:30:00Z,2026-10-03T10:30:05Z,Football,Second NL,Trnje,Uljanik,Trnje,home,0.419,41.9,No read,,Board,0,0,won,✓,1,1,0.6761,Trnje,2-0,1-1,0,verified,,
2026-10-03,2026-10-03T15:00:00Z,2026-10-03T10:30:05Z,Football,Segunda División RFEF - Group 1,Basconia,Llanera,Basconia,home,0.4182,41.8,No read,,Board,0,0,won,✓,1,0,0.6845,Draw,1-1,1-1,1,verified,celtic,
2026-10-03,2026-10-03T16:00:00Z,2026-10-03T10:30:05Z,Football,Tercera División RFEF - Group 12,San Miguel,Tenerife C,San Miguel,home,0.4181,41.8,No read,,Board,0,0,won,✓,1,1,0.6963,San Miguel,2-0,1-1,0,verified,,
2026-10-03,2026-10-03T02:00:00Z,2026-10-02T23:53:36Z,Football,NWSL,Seattle Reign,North Carolina Courage,Seattle Reign,home,0.4179,41.8,No read,,Board,0,0,lost,✗,0,0,0.6886,North Carolina Courage,0-1,1-1,0,verified,,
2026-10-03,2026-10-03T14:00:00Z,2026-10-03T10:30:05Z,Football,Northern Premier League,Workington,Cleethorpes Town,Cleethorpes Town,away,0.4175,41.8,No read,,Board,0,0,won,✓,1,0,0.6991,Draw,1-1,1-1,1,verified,,
2026-10-03,2026-10-03T08:00:00Z,2026-10-03T00:28:30Z,Football,K3 League,Ulsan Citizen,Siheung Citizen,Siheung Citizen,away,0.4163,41.6,No read,,Board,0,0,won,✓,1,1,0.4163,Siheung Citizen,1-2,0-1,0,verified,,
2026-10-03,2026-10-03T14:00:00Z,2026-10-03T10:30:05Z,Football,Ligue 2,Koléa,El Bayadh,Koléa,home,0.4148,41.5,No read,,Board,0,0,won,✓,1,1,0.7613,Koléa,1-0,0-0,0,verified,celtic,
2026-10-03,2026-10-03T11:00:00Z,2026-10-03T10:30:05Z,Football,NB III - Southwest,Ferencváros II,MTK Budapest II,Ferencváros II,home,0.4141,41.4,No read,,Board,0,0,won,✓,1,1,0.6589,Ferencváros II,2-0,1-1,0,verified,,
2026-10-03,2026-10-03T14:00:00Z,2026-10-03T10:30:05Z,Football,Ettan - Norra,Piteå,IF Karlstad,IF Karlstad,away,0.4121,41.2,No read,,Board,0,0,won,✓,1,0,0.6845,Draw,1-1,1-1,1,verified,celtic,
2026-10-03,2026-10-03T14:00:00Z,2026-10-03T10:30:05Z,Football,Southern League Premier Central,Rushall Olympic,Needham Market,Rushall Olympic,home,0.4116,41.2,No read,,Board,0,0,won,✓,1,1,0.6625,Rushall Olympic,5-3,1-1,0,verified,celtic,
2026-10-03,2026-10-03T16:00:00Z,2026-10-03T10:30:05Z,Football,Tercera División RFEF - Group 15,San Juan,Subiza,San Juan,home,0.4115,41.1,No read,,Board,0,0,won,✓,1,1,0.6978,San Juan,2-1,1-1,0,verified,,
2026-10-03,2026-10-03T14:00:00Z,2026-10-03T10:30:05Z,Football,1. Liga Classic - Group 3,Collina d'Oro,Wettswil-Bonstetten,Collina d'Oro,home,0.41,41.0,No read,,Board,0,0,won,✓,1,1,0.6804,Collina d'Oro,1-0,1-1,0,verified,,
2026-10-03,2026-10-03T11:00:00Z,2026-10-03T10:30:05Z,Football,Ettan - Södra,Angelholms FF,Rosengård,Rosengård,away,0.4096,41.0,No read,,Board,0,0,lost,✗,0,0,0.6765,Angelholms FF,3-0,1-1,0,verified,,
2026-10-03,2026-10-03T12:00:00Z,2026-10-03T10:30:05Z,Football,3. Lig - Group 2,Akşehirspor,Eskişehirspor,Eskişehirspor,away,0.4095,40.9,No read,,Board,0,0,won,✓,1,1,0.6711,Eskişehirspor,0-3,1-1,0,verified,,
2026-10-03,2026-10-03T12:00:00Z,2026-10-03T10:30:05Z,Football,Regionalliga - SudWest,FSV Mainz 05 II,Freiburg II,Freiburg II,away,0.4084,40.8,No read,,Board,0,0,won,✓,1,1,0.6455,Freiburg II,0-2,1-1,0,verified,,
2026-10-03,2026-10-03T18:00:00Z,2026-10-03T10:30:05Z,Football,Primera Nacional,San Miguel,Atletico Mitre,San Miguel,home,0.4083,40.8,No read,,Board,0,0,lost,✗,0,0,0.7396,Atletico Mitre,0-2,0-0,0,verified,,
2026-10-03,2026-10-03T13:00:00Z,2026-10-03T10:30:05Z,Football,1st League - RS,Velež Nevesinje,Potkozarje,Potkozarje,away,0.4082,40.8,No read,,Board,0,0,lost,✗,0,0,0.6888,Velež Nevesinje,2-1,1-1,0,verified,,
2026-10-03,2026-10-03T01:00:00Z,2026-10-03T00:28:30Z,Football,Liga de Expansión MX,Tepatitlán,CDS Tampico Madero,CDS Tampico Madero,away,0.4079,40.8,No read,,Board,0,0,lost,✗,0,0,0.7103,Tepatitlán,3-1,1-1,0,verified,,
2026-10-03,2026-10-03T11:00:00Z,2026-10-03T10:30:05Z,Football,NB III - Southwest,Dunaharaszti MTK,Siofok,Dunaharaszti MTK,home,0.4079,40.8,No read,,Board,0,0,won,✓,1,1,0.674,Dunaharaszti MTK,2-1,1-1,0,verified,celtic,
2026-10-03,2026-10-03T14:00:00Z,2026-10-03T10:30:05Z,Football,Southern League Premier Central,Leamington,Hitchin Town,Leamington,home,0.4078,40.8,No read,,Board,0,0,won,✓,1,1,0.6993,Leamington,4-0,1-1,0,verified,celtic,
2026-10-03,2026-10-03T14:00:00Z,2026-10-03T10:30:05Z,Football,Regionalliga - West,Wolfurt,Röthis,Wolfurt,home,0.4075,40.8,No read,,Board,0,0,lost,✗,0,0,0.6498,Röthis,0-3,1-1,0,verified,,
2026-10-03,2026-10-03T16:00:00Z,2026-10-03T10:30:05Z,Football,Tercera División RFEF - Group 18,Noblejas,Illescas,Noblejas,home,0.4073,40.7,No read,,Board,0,0,lost,✗,0,0,0.7441,Illescas,1-2,0-0,0,verified,,
2026-10-03,2026-10-03T12:30:00Z,2026-10-03T10:30:05Z,Football,2. Lig,İnegöl Kafkas Gençlik,Muş Sport Klübü,İnegöl Kafkas Gençlik,home,0.4071,40.7,No read,,Board,0,0,lost,✗,0,0,0.6453,Muş Sport Klübü,0-1,1-1,0,verified,celtic,
2026-10-03,2026-10-03T18:00:00Z,2026-10-03T10:30:05Z,Football,Primera B Metropolitana,Dock Sud,Deportivo Armenio,Dock Sud,home,0.4069,40.7,No read,,Board,0,0,lost,✗,0,0,0.7065,Deportivo Armenio,0-3,1-1,0,verified,,
2026-10-03,2026-10-03T12:00:00Z,2026-10-03T10:30:05Z,Football,3. Lig - Group 1,Zonguldak Kömürspor,Düzcespor,Zonguldak Kömürspor,home,0.4069,40.7,No read,,Board,0,0,won,✓,1,0,0.7144,Draw,0-0,1-1,1,verified,celtic,
2026-10-03,2026-10-03T05:00:00Z,2026-10-03T00:28:30Z,Football,J2 League,Albirex Niigata,Tokushima Vortis,Albirex Niigata,home,0.4068,40.7,No read,,Board,0,0,won,✓,1,1,0.7155,Albirex Niigata,2-1,1-1,0,verified,celtic,
2026-10-03,2026-10-03T17:00:00Z,2026-10-03T10:30:05Z,Football,National 2 - Group A,Montlouis,St-Pryvé St-Hilaire,Montlouis,home,0.4064,40.6,No read,,Board,0,0,won,✓,1,1,0.6777,Montlouis,1-0,1-1,0,verified,,
2026-10-03,2026-10-03T13:30:00Z,2026-10-03T10:30:05Z,Football,Second NL,Inter Zapresic,Bjelovar,Inter Zapresic,home,0.4064,40.6,No read,,Board,0,0,won,✓,1,0,0.675,Draw,0-0,1-1,1,verified,,
2026-10-03,2026-10-03T14:00:00Z,2026-10-03T10:30:05Z,Football,National League,Solihull Moors,FC Halifax Town,FC Halifax Town,away,0.4063,40.6,No read,,Board,0,0,won,✓,1,1,0.6677,FC Halifax Town,0-2,1-1,0,verified,,
2026-10-03,2026-10-03T15:00:00Z,2026-10-03T10:30:05Z,Football,Tercera División RFEF - Group 8,Turégano,Arandina,Turégano,home,0.4056,40.6,No read,,Board,0,0,won,✓,1,0,0.7049,Draw,1-1,1-1,1,verified,,
2026-10-03,2026-10-03T12:30:00Z,2026-10-03T10:30:05Z,Football,3. Lig - Group 1,Yalova Yeşilovaspor,Kartal Bulvarspor,Yalova Yeşilovaspor,home,0.4056,40.6,No read,,Board,0,0,lost,✗,0,0,0.6676,Kartal Bulvarspor,2-4,1-1,0,verified,,
2026-10-03,2026-10-03T13:00:00Z,2026-10-03T10:30:05Z,Football,Premier League,Amawele,Highlanders,Highlanders,away,0.4054,40.5,No read,,Board,0,0,won,✓,1,1,0.7202,Highlanders,1-4,1-1,0,verified,,
2026-10-03,2026-10-03T13:00:00Z,2026-10-03T10:30:05Z,Football,3. liga - East,Spartak Medzev,Stará Ľubovňa,Spartak Medzev,home,0.4052,40.5,No read,,Board,0,0,won,✓,1,1,0.6326,Spartak Medzev,2-1,1-1,0,verified,,
2026-10-03,2026-10-03T14:00:00Z,2026-10-03T10:30:05Z,Football,League One,East Fife,East Kilbride,East Kilbride,away,0.4051,40.5,No read,,Board,0,0,won,✓,1,1,0.6893,East Kilbride,0-3,1-1,0,verified,celtic,
2026-10-03,2026-10-03T19:00:00Z,2026-10-03T10:30:05Z,Football,Segunda División,Rentistas,Sportivo Huracan,Rentistas,home,0.4042,40.4,No read,,Board,0,0,won,✓,1,1,0.7076,Rentistas,2-1,1-1,0,verified,celtic,
2026-10-03,2026-10-03T17:45:00Z,2026-10-03T10:30:05Z,Football,Liga Profesional,Defensa y Justicia,San Lorenzo,Defensa y Justicia,home,0.404,40.4,No read,,Board,0,0,won,✓,1,1,0.7404,Defensa y Justicia,3-0,0-0,0,verified,celtic,
2026-10-03,2026-10-03T16:00:00Z,2026-10-03T10:30:05Z,Football,3. Lig - Group 1,Karabük İdman Yurdu,Amasyaspor 1968,Karabük İdman Yurdu,home,0.4032,40.3,No read,,Board,0,0,lost,✗,0,0,0.7046,Amasyaspor 1968,1-2,1-1,0,verified,celtic,
2026-10-03,2026-10-03T13:30:00Z,2026-10-03T10:30:05Z,Football,National 2 - Group A,Chantilly,Biesheim,Biesheim,away,0.4025,40.2,No read,,Board,0,0,won,✓,1,1,0.6685,Biesheim,0-4,1-1,0,verified,,
2026-10-03,2026-10-03T13:00:00Z,2026-10-03T10:30:05Z,Football,Super League,Mufulira Wanderers,Green Eagles,Draw,draw,0.4021,40.2,No read,,Board,0,0,lost,✗,0,0,0.4021,Green Eagles,1-4,0-0,0,verified,,
2026-10-03,2026-10-03T13:00:00Z,2026-10-03T10:30:05Z,Football,1st League - FBiH,Rudar Kakanj,Vitez,Rudar Kakanj,home,0.4018,40.2,No read,,Board,0,0,won,✓,1,1,0.7138,Rudar Kakanj,2-0,1-1,0,verified,,
2026-10-03,2026-10-03T15:00:00Z,2026-10-03T10:30:05Z,Football,Tercera División RFEF - Group 6,Hércules II,Eldense B,Eldense B,away,0.4012,40.1,No read,,Board,0,0,lost,✗,0,0,0.7017,Hércules II,1-0,1-1,0,verified,celtic,
2026-10-03,2026-10-03T15:00:00Z,2026-10-03T10:30:05Z,Football,Tercera División RFEF - Group 7,Alcobendas Sport,Parla Escuela,Alcobendas Sport,home,0.4011,40.1,No read,,Board,0,0,won,✓,1,1,0.6841,Alcobendas Sport,1-0,1-1,0,verified,,
2026-10-03,2026-10-03T01:00:00Z,2026-10-03T00:28:30Z,Football,Liga de Expansión MX,Correcaminos Uat,Cruz Azul Hidalgo,Cruz Azul Hidalgo,away,0.401,40.1,No read,,Board,0,0,won,✓,1,0,0.6583,Draw,0-0,1-1,1,verified,celtic,
2026-10-03,2026-10-03T16:00:00Z,2026-10-03T10:30:05Z,Football,D1 Arkema,Le Havre,Saint-Malo,Le Havre,home,0.4009,40.1,No read,,Board,0,0,won,✓,1,1,0.6802,Le Havre,2-0,1-1,0,verified,,
2026-10-03,2026-10-03T16:00:00Z,2026-10-03T10:30:05Z,Football,Segunda División,Miramar,Paysandu,Miramar,home,0.4006,40.1,No read,,Board,0,0,won,✓,1,1,0.7093,Miramar,1-0,1-1,0,verified,celtic,
2026-10-03,2026-10-03T12:00:00Z,2026-10-03T10:30:05Z,Football,3. Lig - Group 3,Osmaniyespor,Talasgücü Belediyespor,Osmaniyespor,home,0.3997,40.0,No read,,Board,0,0,lost,✗,0,0,0.6895,Talasgücü Belediyespor,2-4,1-1,0,verified,celtic,
2026-10-03,2026-10-03T14:00:00Z,2026-10-03T10:30:05Z,Football,1. Liga Classic - Group 3,Baden,Taverne,Baden,home,0.398,39.8,No read,,Board,0,0,lost,✗,0,0,0.629,Taverne,2-3,1-1,0,verified,,
2026-10-03,2026-10-03T14:00:00Z,2026-10-03T10:30:05Z,Football,Ligue 2,AS Agareb,Sporting Ben Arous,Sporting Ben Arous,away,0.3977,39.8,No read,,Board,0,0,won,✓,1,1,0.7266,Sporting Ben Arous,0-3,0-0,0,verified,,
2026-10-03,2026-10-03T14:30:00Z,2026-10-03T10:30:05Z,Football,Segunda División RFEF - Group 1,Racing Santander II,Eibar II,Racing Santander II,home,0.3977,39.8,No read,,Board,0,0,lost,✗,0,0,0.6836,Eibar II,1-5,1-1,0,verified,celtic,
2026-10-03,2026-10-03T16:15:00Z,2026-10-03T10:30:05Z,Football,Division 2 - Norra Svealand,Lidingö,Bollstanäs,Bollstanäs,away,0.397,39.7,No read,,Board,0,0,won,✓,1,1,0.6281,Bollstanäs,0-4,1-1,0,verified,,
2026-10-03,2026-10-03T18:00:00Z,2026-10-03T10:30:05Z,Football,Primera Nacional,Colon Santa Fe,CA Estudiantes,Colon Santa Fe,home,0.3963,39.6,No read,,Board,0,0,won,✓,1,1,0.7406,Colon Santa Fe,1-0,0-0,0,verified,,
2026-10-03,2026-10-03T08:00:00Z,2026-10-03T00:28:30Z,Football,J3 League,Sagamihara,Osaka,Osaka,away,0.3956,39.6,No read,,Board,0,0,lost,✗,0,0,0.6962,Sagamihara,1-0,1-1,0,verified,,
2026-10-03,2026-10-03T14:00:00Z,2026-10-03T10:30:05Z,Football,Serie B,Avaí,Ceará,Avaí,home,0.3938,39.4,No read,,Board,0,0,lost,✗,0,0,0.7138,Ceará,0-1,1-1,0,verified,celtic,
2026-10-03,2026-10-03T13:30:00Z,2026-10-03T10:30:05Z,Football,Premier League,LMPS,Majantja,Majantja,away,0.3937,39.4,No read,,Board,0,0,won,✓,1,1,0.3937,Majantja,0-1,0-1,0,verified,,
2026-10-03,2026-10-03T15:15:00Z,2026-10-03T10:30:05Z,Football,Tercera División RFEF - Group 12,Villaverde Norte,Mensajero,Mensajero,away,0.3935,39.4,No read,,Board,0,0,won,✓,1,1,0.7069,Mensajero,1-2,1-1,0,verified,,
2026-10-03,2026-10-03T16:00:00Z,2026-10-03T10:30:05Z,Football,1st League - FBiH,Posušje,Sloboda Tuzla,Posušje,home,0.3932,39.3,No read,,Board,0,0,won,✓,1,1,0.693,Posušje,2-0,1-1,0,verified,celtic,
2026-10-03,2026-10-03T13:00:00Z,2026-10-03T10:30:05Z,Football,3. liga - West,Častkovce,Púchov,Púchov,away,0.393,39.3,No read,,Board,0,0,won,✓,1,1,0.6432,Púchov,1-2,1-1,0,verified,,
2026-10-03,2026-10-03T14:00:00Z,2026-10-03T10:30:05Z,Football,1. Liga Classic - Group 2,Muri-Gümligen,Concordia Basel,Muri-Gümligen,home,0.3929,39.3,No read,,Board,0,0,lost,✗,0,0,0.6576,Concordia Basel,2-3,1-1,0,verified,,
2026-10-03,2026-10-03T12:00:00Z,2026-10-03T10:30:05Z,Football,3. Lig - Group 2,Kepezspor,Karsiyaka,Karsiyaka,away,0.392,39.2,No read,,Board,0,0,won,✓,1,1,0.697,Karsiyaka,0-1,1-1,0,verified,celtic,
2026-10-03,2026-10-03T13:00:00Z,2026-10-03T10:30:05Z,Football,2. Division - Group 1,Kvik Halden,Bjarg,Kvik Halden,home,0.3911,39.1,No read,,Board,0,0,lost,✗,0,0,0.6497,Bjarg,2-3,1-1,0,verified,,
2026-10-03,2026-10-03T13:30:00Z,2026-10-03T10:30:05Z,Football,Second NL,Varteks Varaždin,Koprivnica,Varteks Varaždin,home,0.3909,39.1,No read,,Board,0,0,won,✓,1,0,0.6767,Draw,1-1,1-1,1,verified,,
2026-10-03,2026-10-03T16:00:00Z,2026-10-03T10:30:05Z,Football,National 2 - Group A,Feignies-Aulnoye,Chambly Thelle,Feignies-Aulnoye,home,0.3906,39.1,No read,,Board,0,0,won,✓,1,1,0.6801,Feignies-Aulnoye,1-0,1-1,0,verified,,
2026-10-03,2026-10-03T10:15:00Z,2026-10-03T00:28:30Z,Football,Druha Liga,Skala 1911 Stryi,Nyva Vinnytsya,Nyva Vinnytsya,away,0.3902,39.0,No read,,Board,0,0,won,✓,1,0,0.6601,Draw,2-2,1-1,1,verified,,
2026-10-03,2026-10-03T11:00:00Z,2026-10-03T10:30:05Z,Football,NB III - Northwest,Veszprém,Sárisápi Bányász,Veszprém,home,0.3901,39.0,No read,,Board,0,0,won,✓,1,0,0.6475,Draw,1-1,1-1,1,verified,,
2026-10-03,2026-10-03T11:00:00Z,2026-10-03T10:30:05Z,Football,Division 2 - Norrland,Umea FF,Friska Viljor,Umea FF,home,0.39,39.0,No read,,Board,0,0,lost,✗,0,0,0.6197,Friska Viljor,0-4,1-1,0,verified,celtic,
2026-10-03,2026-10-03T15:00:00Z,2026-10-03T10:30:05Z,Football,Tercera División RFEF - Group 6,Roda,SC Torrevieja,Roda,home,0.3893,38.9,No read,,Board,0,0,won,✓,1,1,0.6911,Roda,2-0,1-1,0,verified,,
2026-10-03,2026-10-03T16:30:00Z,2026-10-03T10:30:05Z,Football,Tercera División RFEF - Group 16,Yagüe,Cenicero,Yagüe,home,0.3888,38.9,No read,,Board,0,0,won,✓,1,1,0.6694,Yagüe,2-1,1-1,0,verified,,
2026-10-03,2026-10-03T00:00:00Z,2026-10-02T23:53:36Z,Football,CONCACAF Nations League,Martinique,Honduras,Martinique,home,0.3887,38.9,No read,,Board,0,0,won,✓,1,1,0.6798,Martinique,2-1,1-1,0,verified,,
2026-10-03,2026-10-03T14:00:00Z,2026-10-03T10:30:05Z,Football,League One,Burton Albion,Huddersfield Town,Huddersfield Town,away,0.3883,38.8,No read,,Board,0,0,won,✓,1,1,0.6771,Huddersfield Town,1-3,1-1,0,verified,,
2026-10-03,2026-10-03T14:00:00Z,2026-10-03T10:30:05Z,Football,League Two,Dumbarton,Forfar Athletic,Dumbarton,home,0.388,38.8,No read,,Board,0,0,won,✓,1,1,0.6871,Dumbarton,2-1,1-1,0,verified,,
2026-10-03,2026-10-03T18:00:00Z,2026-10-03T10:30:05Z,Football,Primera B Metropolitana,Defensores Unidos,Argentino Quilmes,Defensores Unidos,home,0.3876,38.8,No read,,Board,0,0,won,✓,1,0,0.7211,Draw,1-1,0-0,1,verified,celtic,
2026-10-03,2026-10-03T12:00:00Z,2026-10-03T10:30:05Z,Football,3. Division,Sundby,Vanløse,Sundby,home,0.3865,38.6,No read,,Board,0,0,lost,✗,0,0,0.6707,Vanløse,0-1,1-1,0,verified,,
2026-10-03,2026-10-03T14:00:00Z,2026-10-03T10:30:05Z,Football,League One,Queen of the South,Cove Rangers,Queen of the South,home,0.3864,38.6,No read,,Board,0,0,won,✓,1,1,0.6704,Queen of the South,4-3,1-1,0,verified,,
2026-10-03,2026-10-03T16:00:00Z,2026-10-03T10:30:05Z,Football,Tercera División RFEF - Group 3,Solares,Escobedo,Solares,home,0.3856,38.6,No read,,Board,0,0,won,✓,1,0,0.6629,Draw,0-0,1-1,1,verified,,
2026-10-03,2026-10-03T17:00:00Z,2026-10-03T10:30:05Z,Football,Tercera División RFEF - Group 18,La Solana,Villarrobledo,Villarrobledo,away,0.3854,38.5,No read,,Board,0,0,won,✓,1,1,0.72,Villarrobledo,0-1,0-0,0,verified,,
2026-10-03,2026-10-03T14:00:00Z,2026-10-03T10:30:05Z,Football,National League,Eastleigh,Woking,Eastleigh,home,0.3851,38.5,No read,,Board,0,0,lost,✗,0,0,0.6667,Woking,1-3,1-1,0,verified,,
2026-10-03,2026-10-03T05:00:00Z,2026-10-03T00:28:30Z,Football,J3 League,Parceiro Nagano,Nara Club,Nara Club,away,0.3848,38.5,No read,,Board,0,0,won,✓,1,1,0.6621,Nara Club,0-1,1-1,0,verified,,
2026-10-03,2026-10-03T13:00:00Z,2026-10-03T10:30:05Z,Football,National 2 - Group A,Epinal,Creteil,Epinal,home,0.3845,38.5,No read,,Board,0,0,lost,✗,0,0,0.6958,Creteil,0-1,1-1,0,verified,celtic,
2026-10-03,2026-10-03T16:00:00Z,2026-10-03T10:30:05Z,Football,National 2 - Group C,Saint-Priest,UF Touraine,UF Touraine,away,0.3844,38.4,No read,,Board,0,0,won,✓,1,0,0.6807,Draw,2-2,1-1,1,verified,celtic,
2026-10-03,2026-10-03T22:00:00Z,2026-10-03T10:30:05Z,Football,USL Championship,Loudoun United,Indy Eleven,Loudoun United,home,0.3844,38.4,No read,,Board,0,0,won,✓,1,0,0.6646,Draw,1-1,1-1,1,verified,,
2026-10-03,2026-10-03T10:00:00Z,2026-10-03T00:28:30Z,Football,Liga F,Sevilla,FC Badalona,Sevilla,home,0.3835,38.4,No read,,Board,0,0,won,✓,1,0,0.6792,Draw,3-3,1-1,1,verified,,
2026-10-03,2026-10-03T16:00:00Z,2026-10-03T10:30:05Z,Football,3. Lig - Group 3,Yozgat Bld Bozokspor,Yeşilyurt Belediyespor,Yeşilyurt Belediyespor,away,0.3834,38.3,No read,,Board,0,0,won,✓,1,1,0.6609,Yeşilyurt Belediyespor,1-9,1-1,0,verified,celtic,
2026-10-03,2026-10-03T15:00:00Z,2026-10-03T10:30:05Z,Football,Segunda División RFEF - Group 1,Atlético Astorga,Amorebieta,Atlético Astorga,home,0.3823,38.2,No read,,Board,0,0,lost,✗,0,0,0.6962,Amorebieta,0-1,1-1,0,verified,celtic,
2026-10-03,2026-10-03T00:00:00Z,2026-10-02T23:53:36Z,Football,CONCACAF Nations League,Barbados,Bermuda,Bermuda,away,0.382,38.2,No read,,Board,0,0,lost,✗,0,0,0.635,Barbados,4-1,1-1,0,verified,,
2026-10-03,2026-10-03T18:30:00Z,2026-10-03T10:30:05Z,Football,Serie C - Girone A,Folgore Caratese,Desenzano Calvina,Folgore Caratese,home,0.3814,38.1,No read,,Board,0,0,lost,✗,0,0,0.6948,Desenzano Calvina,1-2,1-1,0,verified,celtic,
2026-10-03,2026-10-03T14:30:00Z,2026-10-03T10:30:05Z,Football,Tercera División RFEF - Group 11,Binissalem,Sineu,Binissalem,home,0.3813,38.1,No read,,Board,0,0,won,✓,1,1,0.6894,Binissalem,3-0,1-1,0,verified,,
2026-10-03,2026-10-03T00:00:00Z,2026-10-02T23:53:36Z,Football,NWSL,Orlando Pride,San Diego Wave,San Diego Wave,away,0.3813,38.1,No read,,Board,0,0,won,✓,1,1,0.6661,San Diego Wave,1-2,1-1,0,verified,,
2026-10-03,2026-10-03T12:30:00Z,2026-10-03T10:30:05Z,Football,Oberliga - Bayern Süd,TuS Geretsried,Kirchanschöring,TuS Geretsried,home,0.3803,38.0,No read,,Board,0,0,lost,✗,0,0,0.651,Kirchanschöring,1-2,1-1,0,verified,,
2026-10-03,2026-10-03T17:00:00Z,2026-10-03T10:30:05Z,Football,Tercera División RFEF - Group 1,Arenteiro,Antela,Arenteiro,home,0.3791,37.9,No read,,Board,0,0,lost,✗,0,0,0.7066,Antela,2-3,0-0,0,verified,,
2026-10-03,2026-10-03T12:00:00Z,2026-10-03T10:30:05Z,Football,Regionalliga - West,Hilden,Bergisch Gladbach,Hilden,home,0.379,37.9,No read,,Board,0,0,won,✓,1,1,0.6426,Hilden,4-2,1-1,0,verified,,
2026-10-03,2026-10-03T02:00:00Z,2026-10-02T23:53:36Z,Football,CONCACAF Nations League,El Salvador,Jamaica,Draw,draw,0.3789,37.9,No read,,Board,0,0,lost,✗,0,0,0.3789,Jamaica,0-2,0-1,0,verified,,
2026-10-03,2026-10-03T18:45:00Z,2026-10-03T10:30:05Z,Football,UEFA Nations League,North Macedonia,Scotland,Scotland,away,0.3781,37.8,No read,,Board,0,0,won,✓,1,1,0.7173,Scotland,0-2,1-1,0,verified,,
2026-10-03,2026-10-03T14:00:00Z,2026-10-03T10:30:05Z,Football,Ligue 2,Hussein Dey,RC Kouba,RC Kouba,away,0.378,37.8,No read,,Board,0,0,won,✓,1,1,0.7434,RC Kouba,1-2,0-0,0,verified,,
2026-10-03,2026-10-03T16:00:00Z,2026-10-03T10:30:05Z,Football,Tercera División RFEF - Group 9,Málaga II,Granada II,Granada II,away,0.378,37.8,No read,,Board,0,0,lost,✗,0,0,0.6466,Málaga II,2-0,1-1,0,verified,celtic,
2026-10-03,2026-10-03T13:00:00Z,2026-10-03T10:30:05Z,Football,UEFA Nations League,Finland,Albania,Finland,home,0.3774,37.7,No read,,Board,0,0,won,✓,1,1,0.7334,Finland,2-1,0-0,0,verified,,
2026-10-03,2026-10-03T11:00:00Z,2026-10-03T10:30:05Z,Football,NB III - Northeast,Tiszafuredi VSE,Kisvárda II,Kisvárda II,away,0.3773,37.7,No read,,Board,0,0,won,✓,1,1,0.6693,Kisvárda II,0-2,1-1,0,verified,,
2026-10-03,2026-10-03T16:30:00Z,2026-10-03T10:30:05Z,Football,D1 Arkema,Strasbourg,Marseille,Strasbourg,home,0.3773,37.7,No read,,Board,0,0,won,✓,1,0,0.6712,Draw,3-3,1-1,1,verified,,
2026-10-03,2026-10-03T08:30:00Z,2026-10-03T00:28:30Z,Football,Liga 2,Persiku Kudus,PSGC Ciamis,Persiku Kudus,home,0.3771,37.7,No read,,Board,0,0,lost,✗,0,0,0.6574,PSGC Ciamis,1-2,1-1,0,verified,,
2026-10-03,2026-10-03T08:00:00Z,2026-10-03T00:28:30Z,Football,J3 League,FC Ryukyu,Kanazawa,FC Ryukyu,home,0.3764,37.6,No read,,Board,0,0,lost,✗,0,0,0.6677,Kanazawa,0-2,1-1,0,verified,,
2026-10-03,2026-10-03T14:00:00Z,2026-10-03T10:30:05Z,Football,League Two,Exeter City,Rotherham United,Exeter City,home,0.3762,37.6,No read,,Board,0,0,won,✓,1,1,0.7075,Exeter City,1-0,0-0,0,verified,celtic,
2026-10-03,2026-10-03T14:30:00Z,2026-10-03T10:30:05Z,Football,Tercera División RFEF - Group 5,Tona,Badalona,Badalona,away,0.3739,37.4,No read,,Board,0,0,won,✓,1,1,0.7002,Badalona,1-3,0-0,0,verified,,
2026-10-03,2026-10-03T14:00:00Z,2026-10-03T10:30:05Z,Football,Tercera División RFEF - Group 1,Silva,Villalbés,Villalbés,away,0.3733,37.3,No read,,Board,0,0,won,✓,1,0,0.6712,Draw,0-0,1-1,1,verified,,
2026-10-03,2026-10-03T12:30:00Z,2026-10-03T10:30:05Z,Football,1. Division,Molodechno-DYuSSh 4,FC Slutsk,Molodechno-DYuSSh 4,home,0.3731,37.3,No read,,Board,0,0,lost,✗,0,0,0.6365,FC Slutsk,1-4,1-1,0,verified,celtic,
2026-10-03,2026-10-03T14:15:00Z,2026-10-03T10:30:05Z,Football,Segunda División RFEF - Group 3,Elche II,Ucam Murcia,Elche II,home,0.3731,37.3,No read,,Board,0,0,lost,✗,0,0,0.6471,Ucam Murcia,1-5,1-1,0,verified,celtic,
2026-10-03,2026-10-03T12:30:00Z,2026-10-03T10:30:05Z,Football,Women's Super League,Manchester United,Liverpool,Liverpool,away,0.3731,37.3,No read,,Board,0,0,lost,✗,0,0,0.6464,Manchester United,1-0,1-1,0,verified,,
2026-10-03,2026-10-03T14:00:00Z,2026-10-03T10:30:05Z,Football,League Two,Elgin City,Clyde,Clyde,away,0.373,37.3,No read,,Board,0,0,lost,✗,0,0,0.6353,Elgin City,6-2,1-1,0,verified,,
2026-10-03,2026-10-03T14:00:00Z,2026-10-03T10:30:05Z,Football,Tercera División RFEF - Group 15,Bidezarra,Beti Onak,Bidezarra,home,0.3723,37.2,No read,,Board,0,0,won,✓,1,0,0.6763,Draw,1-1,1-1,1,verified,,
2026-10-03,2026-10-03T14:00:00Z,2026-10-03T10:30:05Z,Football,Ligue 2,Mégrine,Béni-Khalled,Mégrine,home,0.3721,37.2,No read,,Board,0,0,won,✓,1,0,0.6757,Draw,1-1,1-1,1,verified,,
2026-10-03,2026-10-03T14:30:00Z,2026-10-03T10:30:05Z,Football,Tercera División RFEF - Group 3,Velarde,Cayón,Cayón,away,0.3717,37.2,No read,,Board,0,0,won,✓,1,1,0.6676,Cayón,0-1,1-1,0,verified,,
2026-10-03,2026-10-03T05:00:00Z,2026-10-03T00:28:30Z,Football,J2 League,Fujieda MYFC,Shonan Bellmare,Fujieda MYFC,home,0.3712,37.1,No read,,Board,0,0,won,✓,1,0,0.6866,Draw,1-1,1-1,1,verified,celtic,
2026-10-03,2026-10-03T14:00:00Z,2026-10-03T10:30:05Z,Football,Southern League Premier South,Yate Town,Frome Town,Yate Town,home,0.3701,37.0,No read,,Board,0,0,won,✓,1,0,0.6408,Draw,3-3,1-1,1,verified,,
2026-10-03,2026-10-03T20:30:00Z,2026-10-03T10:30:05Z,Football,Primera B,Patriotas,Ind. Yumbo,Patriotas,home,0.37,37.0,No read,,Board,0,0,lost,✗,0,0,0.6725,Ind. Yumbo,0-1,1-1,0,verified,,
2026-10-03,2026-10-03T14:00:00Z,2026-10-03T10:30:05Z,Football,1. Division,hodd,ODD Ballklubb,ODD Ballklubb,away,0.3693,36.9,No read,,Board,0,0,won,✓,1,1,0.6449,ODD Ballklubb,2-3,1-1,0,verified,,
2026-10-03,2026-10-03T11:00:00Z,2026-10-03T10:30:05Z,Football,NB III - Northeast,Tiszaújváros,Mátészalka,Mátészalka,away,0.3692,36.9,No read,,Board,0,0,won,✓,1,0,0.6333,Draw,2-2,1-1,1,verified,,
2026-10-03,2026-10-03T11:00:00Z,2026-10-03T10:30:05Z,Football,Ettan - Södra,Tvååker,Hässleholms IF,Hässleholms IF,away,0.3691,36.9,No read,,Board,0,0,won,✓,1,1,0.6481,Hässleholms IF,1-2,1-1,0,verified,celtic,
2026-10-03,2026-10-03T14:00:00Z,2026-10-03T10:30:05Z,Football,EFL Trophy,Colchester United,Luton Town,Luton Town,away,0.3684,36.8,No read,,Board,0,0,won,✓,1,0,0.6477,Draw,1-1,1-1,1,verified,celtic,
2026-10-03,2026-10-03T16:30:00Z,2026-10-03T10:30:05Z,Football,D1 Arkema,Nantes,Montpellier,Nantes,home,0.368,36.8,No read,,Board,0,0,won,✓,1,0,0.6681,Draw,1-1,1-1,1,verified,,
2026-10-03,2026-10-03T16:30:00Z,2026-10-03T10:30:05Z,Football,LaLiga 2,Cádiz,Leganés,Cádiz,home,0.3675,36.8,No read,,Board,0,0,won,✓,1,1,0.7092,Cádiz,4-0,0-0,0,verified,,
2026-10-03,2026-10-03T12:00:00Z,2026-10-03T10:30:05Z,Football,Liga 2,Persis Solo,Tornado Pekanbaru,Tornado Pekanbaru,away,0.3673,36.7,No read,,Board,0,0,won,✓,1,1,0.6624,Tornado Pekanbaru,0-2,1-1,0,verified,,
2026-10-03,2026-10-03T14:00:00Z,2026-10-03T10:30:05Z,Football,Ligue 2,MC Saida,ASM Oran,ASM Oran,away,0.3667,36.7,No read,,Board,0,0,lost,✗,0,0,0.7026,MC Saida,1-0,0-0,0,verified,,
2026-10-03,2026-10-03T15:30:00Z,2026-10-03T10:30:05Z,Football,Tercera División RFEF - Group 18,Villacañas,Toledo,Toledo,away,0.3667,36.7,No read,,Board,0,0,won,✓,1,1,0.7127,Toledo,1-2,0-0,0,verified,,
2026-10-03,2026-10-03T14:00:00Z,2026-10-03T10:30:05Z,Football,Ligue 2,WA Mostaganem,Tiaret,WA Mostaganem,home,0.3664,36.6,No read,,Board,0,0,won,✓,1,1,0.659,WA Mostaganem,3-1,1-1,0,verified,,
2026-10-03,2026-10-03T14:00:00Z,2026-10-03T10:30:05Z,Football,Serie D - Girone E,Terranuova Traiana,Prato,Prato,away,0.3664,36.6,No read,,Board,0,0,won,✓,1,0,0.6869,Draw,1-1,1-1,1,verified,,
2026-10-03,2026-10-03T20:00:00Z,2026-10-03T10:30:05Z,Football,Liga Profesional,Atlético Tucumán,Barracas Central,Draw,draw,0.366,36.6,No read,,Board,0,0,lost,✗,0,0,0.366,Barracas Central,2-3,0-0,0,verified,celtic,
2026-10-03,2026-10-03T18:00:00Z,2026-10-03T10:30:05Z,Football,Primera Nacional,Acassuso,Ciudad de Bolívar,Draw,draw,0.3656,36.6,No read,,Board,0,0,lost,✗,0,0,0.3656,Ciudad de Bolívar,0-1,0-0,0,verified,celtic,
2026-10-03,2026-10-03T15:00:00Z,2026-10-03T10:30:05Z,Football,Regionalliga - Ost,Mattersburg SV 2020,Parndorf,Mattersburg SV 2020,home,0.365,36.5,No read,,Board,0,0,won,✓,1,1,0.6409,Mattersburg SV 2020,1-0,1-1,0,verified,,
2026-10-03,2026-10-03T12:30:00Z,2026-10-03T10:30:05Z,Football,3. Lig - Group 1,Silivrispor,Karadeniz Ereğli BSK,Karadeniz Ereğli BSK,away,0.3646,36.5,No read,,Board,0,0,won,✓,1,0,0.6824,Draw,0-0,1-1,1,verified,celtic,
2026-10-03,2026-10-03T20:00:00Z,2026-10-03T10:30:05Z,Football,Liga Profesional,Newell's Old Boys,Lanús,Lanús,away,0.3643,36.4,No read,,Board,0,0,won,✓,1,0,0.6888,Draw,0-0,1-1,1,verified,celtic,
2026-10-03,2026-10-03T12:30:00Z,2026-10-03T10:30:05Z,Football,2. Lig,Kırklarelispor,Sakaryaspor,Kırklarelispor,home,0.3633,36.3,No read,,Board,0,0,lost,✗,0,0,0.6426,Sakaryaspor,1-3,1-1,0,verified,celtic,
2026-10-03,2026-10-03T22:00:00Z,2026-10-03T10:30:05Z,Football,Segunda División,Tacuarembo,Atenas,Atenas,away,0.363,36.3,No read,,Board,0,0,won,✓,1,1,0.6912,Atenas,0-1,0-0,0,verified,,
2026-10-03,2026-10-03T13:00:00Z,2026-10-03T10:30:05Z,Football,Premier League,LCS,Matlama,Matlama,away,0.3627,36.3,No read,,Board,0,0,won,✓,1,1,0.6926,Matlama,0-1,0-0,0,verified,,
2026-10-03,2026-10-03T18:00:00Z,2026-10-03T10:30:05Z,Football,Primera C,Juventud Unida,Berazategui,Berazategui,away,0.3624,36.2,No read,,Board,0,0,lost,✗,0,0,0.6659,Juventud Unida,3-2,1-1,0,verified,,
2026-10-03,2026-10-03T14:00:00Z,2026-10-03T10:30:05Z,Football,Ligue 2,GC Mascara,Blida,Blida,away,0.3619,36.2,No read,,Board,0,0,won,✓,1,0,0.6671,Draw,1-1,1-1,1,verified,,
2026-10-03,2026-10-03T12:30:00Z,2026-10-03T10:30:05Z,Football,3. Lig - Group 1,İnkılapspor,Tokat Bld Plevnespor,Tokat Bld Plevnespor,away,0.3602,36.0,No read,,Board,0,0,won,✓,1,1,0.6556,Tokat Bld Plevnespor,0-1,1-1,0,verified,celtic,
2026-10-03,2026-10-03T14:30:00Z,2026-10-03T10:30:05Z,Football,Serie D - Girone C,LME,Cjarlins Muzane,Cjarlins Muzane,away,0.3594,35.9,No read,,Board,0,0,won,✓,1,1,0.6516,Cjarlins Muzane,0-3,1-1,0,verified,,
2026-10-03,2026-10-03T13:00:00Z,2026-10-03T10:30:05Z,Football,Super League,Kabwe Warriors,ZESCO United,Kabwe Warriors,home,0.3588,35.9,No read,,Board,0,0,won,✓,1,0,0.699,Draw,1-1,0-0,1,verified,,
2026-10-03,2026-10-03T12:30:00Z,2026-10-03T10:30:05Z,Football,3. Lig - Group 1,Beykoz Anadolu,Gölcükspor,Gölcükspor,away,0.358,35.8,No read,,Board,0,0,lost,✗,0,0,0.6706,Beykoz Anadolu,2-0,1-1,0,verified,celtic,
2026-10-03,2026-10-03T18:00:00Z,2026-10-03T10:30:05Z,Football,Serie D - Girone C,Schio,Altavilla,Altavilla,away,0.3568,35.7,No read,,Board,0,0,won,✓,1,0,0.6931,Draw,2-2,0-0,1,verified,,
2026-10-03,2026-10-03T21:30:00Z,2026-10-03T10:30:05Z,Football,Serie B,Botafogo-SP,Vila Nova,Vila Nova,away,0.3561,35.6,No read,,Board,0,0,won,✓,1,1,0.6769,Vila Nova,0-1,1-1,0,verified,celtic,
2026-10-03,2026-10-03T12:30:00Z,2026-10-03T10:30:05Z,Football,3. Lig - Group 2,Gaziemirspor,Nilüfer Belediye,Nilüfer Belediye,away,0.3555,35.5,No read,,Board,0,0,won,✓,1,1,0.6643,Nilüfer Belediye,0-2,1-1,0,verified,celtic,
2026-10-03,2026-10-03T12:00:00Z,2026-10-03T10:30:05Z,Football,Oberliga - Bayern Süd,Heimstetten,Erlbach,Heimstetten,home,0.3553,35.5,No read,,Board,0,0,won,✓,1,0,0.6513,Draw,0-0,1-1,1,verified,,
2026-10-03,2026-10-03T16:00:00Z,2026-10-03T10:30:05Z,Football,UEFA Nations League,Estonia,Luxembourg,Draw,draw,0.355,35.5,No read,,Board,0,0,lost,✗,0,0,0.355,Estonia,1-0,1-1,0,verified,,
2026-10-03,2026-10-03T16:00:00Z,2026-10-03T10:30:05Z,Football,Tercera División RFEF - Group 12,San Bartolomé,Villa Santa Brígida,Villa Santa Brígida,away,0.3541,35.4,No read,,Board,0,0,won,✓,1,0,0.6581,Draw,1-1,1-1,1,verified,,
2026-10-03,2026-10-03T14:00:00Z,2026-10-03T10:30:05Z,Football,Ligue 2,EM Mahdia,Kerkennah,EM Mahdia,home,0.3529,35.3,No read,,Board,0,0,won,✓,1,1,0.7022,EM Mahdia,2-1,0-0,0,verified,,
2026-10-03,2026-10-03T08:45:00Z,2026-10-03T00:28:30Z,Football,Druha Liga,SC Poltava 2,Oleksandria II,SC Poltava 2,home,0.3499,35.0,No read,,Board,0,0,won,✓,1,1,0.6803,SC Poltava 2,1-0,0-0,0,verified,,
2026-10-03,2026-10-03T15:00:00Z,2026-10-03T10:30:05Z,Football,Tercera División RFEF - Group 8,Mirandés II,Burgos Promesas,Mirandés II,home,0.3492,34.9,No read,,Board,0,0,lost,✗,0,0,0.6653,Burgos Promesas,1-2,1-1,0,verified,celtic,
2026-10-03,2026-10-03T13:00:00Z,2026-10-03T10:30:05Z,Football,Super League,NAPSA Stars,Man Utd Zambia Academy,Man Utd Zambia Academy,away,0.3481,34.8,No read,,Board,0,0,won,✓,1,0,0.6867,Draw,1-1,0-0,1,verified,,
2026-10-03,2026-10-03T11:30:00Z,2026-10-03T10:30:05Z,Football,3. Lig - Group 1,Pazarspor,Küçükçekmece Sinopspor,Küçükçekmece Sinopspor,away,0.3446,34.5,No read,,Board,0,0,lost,✗,0,0,0.6581,Pazarspor,3-1,1-1,0,verified,celtic,
2026-10-03,2026-10-03T18:00:00Z,2026-10-03T10:30:05Z,Football,Primera B Metropolitana,Real Pilar,Villa Dalmine,Draw,draw,0.3437,34.4,No read,,Board,0,0,lost,✗,0,0,0.3437,Real Pilar,2-0,0-0,0,verified,,
2026-10-03,2026-10-03T08:00:00Z,2026-10-03T00:28:30Z,Football,J2 League,Oita Trinita,Montedio Yamagata,Draw,draw,0.3429,34.3,No read,,Board,0,0,lost,✗,0,0,0.3429,Oita Trinita,2-1,0-0,0,verified,,
2026-10-03,2026-10-03T13:00:00Z,2026-10-03T10:30:05Z,Football,Premier League,Ubombo Sugar,Rangers,Draw,draw,0.3395,34.0,No read,,Board,0,0,lost,✗,0,0,0.3395,Ubombo Sugar,1-0,0-0,0,verified,,
2026-10-04,2026-10-04T00:00:00Z,2026-10-03T10:30:05Z,Football,International friendly,Argentina,Burkina Faso,Argentina,home,0.9264,92.6,Strong,,Daily List,1,0,won,✓,1,1,0.9264,Argentina,7-0,3-0,0,verified,,
2026-10-04,2026-10-04T11:00:00Z,2026-10-04T10:55:30Z,Football,Division 2 - Norra Svealand,Angby,Helges,Angby,home,0.8681,86.8,Strong,,Board,0,0,won,✓,1,1,0.8681,Angby,9-0,3-0,0,verified,,
2026-10-04,2026-10-04T23:00:00Z,2026-10-04T22:26:55Z,Football,CONCACAF Nations League,Aruba,Anguilla,Aruba,home,0.8588,85.9,Strong,,Daily List,1,0,won,✓,1,1,0.8588,Aruba,3-2,3-0,0,verified,,
2026-10-04,2026-10-04T12:00:00Z,2026-10-04T11:09:11Z,Football,Persha Liga,Kulykiv,Probiy Horodenka,Kulykiv,home,0.8455,84.5,Firm,,Board,0,0,lost,✗,0,0,0.8455,Probiy Horodenka,1-2,2-0,0,verified,celtic,
2026-10-04,2026-10-04T22:00:00Z,2026-10-04T13:27:47Z,Football,CONCACAF Nations League,Puerto Rico,Cayman Islands,Puerto Rico,home,0.8338,83.4,Strong,,Daily List,1,0,won,✓,1,1,0.8338,Puerto Rico,1-0,3-0,0,verified,,
2026-10-04,2026-10-04T13:00:00Z,2026-10-04T11:09:11Z,Football,Division 2 - Södra Götaland,IFK Trelleborg,Räppe,IFK Trelleborg,home,0.7997,80.0,Strong,,Daily List,1,0,won,✓,1,1,0.7997,IFK Trelleborg,2-0,2-0,0,verified,,
2026-10-04,2026-10-04T18:45:00Z,2026-10-04T13:27:47Z,Football,UEFA Nations League,Netherlands,Serbia,Netherlands,home,0.7966,79.7,Strong,,Reserve,0,1,won,✓,1,1,0.7966,Netherlands,2-1,2-0,0,verified,,
2026-10-04,2026-10-04T12:00:00Z,2026-10-04T11:09:11Z,Football,Division 2 - Södra Götaland,Karlskrona,Linero,Karlskrona,home,0.7615,76.1,Strong,,Daily List,1,0,won,✓,1,1,0.7615,Karlskrona,2-1,2-0,0,verified,,
2026-10-04,2026-10-04T13:00:00Z,2026-10-04T11:09:11Z,Football,International friendly,Comoros,Senegal,Senegal,away,0.7597,76.0,Strong,,Board,0,0,won,✓,1,1,0.7597,Senegal,0-1,0-2,0,verified,,
2026-10-04,2026-10-04T19:00:00Z,2026-10-04T13:27:47Z,Football,CONCACAF Nations League,Guyana,Dominica,Guyana,home,0.7533,75.3,Strong,,Daily List,1,0,won,✓,1,1,0.7533,Guyana,8-1,2-0,0,verified,,
2026-10-04,2026-10-04T16:30:00Z,2026-10-04T13:27:47Z,Football,LaLiga 2,Castellón,Ceuta,Castellón,home,0.7372,73.7,Strong,,Reserve,0,1,lost,✗,0,0,0.7372,Draw,1-1,2-0,0,verified,,
2026-10-04,2026-10-04T15:00:00Z,2026-10-04T13:27:47Z,Football,Tercera División RFEF - Group 1,Portonovo,Lalin,Portonovo,home,0.7266,72.7,Firm,,Board,0,0,lost,✗,0,0,0.7266,Lalin,0-1,2-0,0,verified,celtic,
2026-10-04,2026-10-04T18:00:00Z,2026-10-03T10:30:05Z,Football,International friendly,Morocco,Mali,Morocco,home,0.7231,72.3,Strong,,Board,0,0,lost,✗,0,0,0.7231,Draw,1-1,1-0,0,verified,,
2026-10-04,2026-10-04T10:30:00Z,2026-10-03T10:30:05Z,Football,Tercera División RFEF - Group 2,Covadonga,Siero,Covadonga,home,0.7216,72.2,Strong,,Reserve,0,1,won,✓,1,1,0.7216,Covadonga,2-1,2-0,0,verified,,
2026-10-04,2026-10-04T20:30:00Z,2026-10-04T13:27:47Z,Football,Premier League,Montego Bay United,Dunbeholden,Montego Bay United,home,0.7075,70.8,Strong,,Reserve,0,1,won,✓,1,1,0.7075,Montego Bay United,1-0,2-0,0,verified,,
2026-10-04,2026-10-04T18:45:00Z,2026-10-04T13:27:47Z,Football,UEFA Nations League,Portugal,Norway,Portugal,home,0.7031,70.3,Strong,,Reserve,0,1,won,✓,1,1,0.7031,Portugal,2-1,2-0,0,verified,,
2026-10-04,2026-10-04T09:00:00Z,2026-10-03T10:30:05Z,Football,J3 League,Kagoshima United,Fukushima United,Kagoshima United,home,0.6996,70.0,Firm,,Reserve,0,1,won,✓,1,1,0.6996,Kagoshima United,3-2,2-1,0,verified,,
2026-10-04,2026-10-04T10:00:00Z,2026-10-03T10:30:05Z,Football,Tercera División RFEF - Group 2,Sporting Gijón II,Langreo,Sporting Gijón II,home,0.6988,69.9,Lean,,Board,0,0,lost,✗,0,0,0.6988,Draw,1-1,2-0,0,verified,celtic,
2026-10-04,2026-10-04T15:00:00Z,2026-10-04T13:27:47Z,Football,Segunda División RFEF - Group 2,Osasuna II,Calamocha,Osasuna II,home,0.6843,68.4,Lean,,Board,0,0,won,✓,1,1,0.6843,Osasuna II,2-0,2-0,0,verified,celtic,
2026-10-04,2026-10-04T08:30:00Z,2026-10-03T10:30:05Z,Football,Liga 2,Deltras,Persiba Balikpapan,Deltras,home,0.6826,68.3,Firm,,Reserve,0,1,won,✓,1,1,0.6826,Deltras,2-0,2-0,0,verified,,
2026-10-04,2026-10-04T10:15:00Z,2026-10-03T10:30:05Z,Football,Tercera División RFEF - Group 14,Azuaga,Guadiana,Azuaga,home,0.6805,68.0,Firm,,Board,0,0,won,✓,1,1,0.6805,Azuaga,4-0,2-0,0,verified,,
2026-10-04,2026-10-04T10:00:00Z,2026-10-03T10:30:05Z,Football,Tercera División RFEF - Group 14,Moralo,Gévora,Moralo,home,0.6751,67.5,Firm,,Reserve,0,1,lost,✗,0,0,0.6751,Draw,1-1,2-0,0,verified,,
2026-10-04,2026-10-04T12:30:00Z,2026-10-04T11:09:11Z,Football,Regionalliga - West,Swarovski Tirol II,Lauterach,Swarovski Tirol II,home,0.6651,66.5,Firm,,Board,0,0,won,✓,1,1,0.6651,Swarovski Tirol II,6-1,2-1,0,verified,,
2026-10-04,2026-10-04T09:30:00Z,2026-10-03T10:30:05Z,Football,Tercera División RFEF - Group 7,RC Alcobendas,Rayo Vallecano II,RC Alcobendas,home,0.6511,65.1,Lean,,Board,0,0,won,✓,1,1,0.6511,RC Alcobendas,4-2,2-0,0,verified,celtic,
2026-10-04,2026-10-04T14:00:00Z,2026-10-04T13:27:47Z,Football,Second League A - Division A Gold,Rodina Moskva II,Kaluga,Rodina Moskva II,home,0.6469,64.7,Firm,,Reserve,0,1,won,✓,1,1,0.6469,Rodina Moskva II,3-0,2-0,0,verified,,
2026-10-04,2026-10-04T14:00:00Z,2026-10-04T13:27:47Z,Football,Ligue 2,Stade Gabesien,Moknine,Stade Gabesien,home,0.6381,63.8,Firm,,Reserve,0,1,lost,✗,0,0,0.6381,Draw,0-0,2-0,0,verified,,
2026-10-04,2026-10-04T01:00:00Z,2026-10-03T10:30:05Z,Football,Liga de Expansión MX,Monarcas,Tlaxcala,Monarcas,home,0.6362,63.6,Firm,,Reserve,0,1,lost,✗,0,0,0.6362,Draw,1-1,2-0,0,verified,,
2026-10-04,2026-10-04T13:00:00Z,2026-10-04T11:09:11Z,Football,Serie D - Girone F,Ancona,Sporting Trestina,Ancona,home,0.6256,62.6,Lean,,Board,0,0,won,✓,1,1,0.6256,Ancona,2-0,1-0,0,verified,celtic,
2026-10-04,2026-10-04T08:30:00Z,2026-10-03T10:30:05Z,Football,3. liga - West,DAC II,Komárno II,DAC II,home,0.6207,62.1,Firm,,Reserve,0,1,won,✓,1,1,0.6207,DAC II,4-0,2-1,0,verified,,
2026-10-04,2026-10-04T15:00:00Z,2026-10-04T13:27:47Z,Football,2. Division - Group 1,Lysekloster,jerv,jerv,away,0.6195,62.0,Lean,,Board,0,0,lost,✗,0,0,0.6195,Draw,3-3,1-2,0,verified,,
2026-10-04,2026-10-04T15:00:00Z,2026-10-04T13:27:47Z,Football,Tercera División RFEF - Group 16,Alfaro,Calahorra,Calahorra,away,0.6182,61.8,No read,,Board,0,0,lost,✗,0,0,0.6182,Alfaro,2-1,1-2,0,verified,celtic,
2026-10-04,2026-10-04T12:00:00Z,2026-10-04T11:09:11Z,Football,1. Division,Bumprom,Minsk II,Bumprom,home,0.6173,61.7,Lean,,Board,0,0,won,✓,1,1,0.6173,Bumprom,2-1,2-1,0,verified,,
2026-10-04,2026-10-04T13:00:00Z,2026-10-04T11:09:11Z,Football,Gamma Ethniki - Group 4,Ethnikos Neou Keramidiou,Feraios,Ethnikos Neou Keramidiou,home,0.6146,61.5,No read,,Board,0,0,won,✓,1,1,0.6146,Ethnikos Neou Keramidiou,1-0,2-0,0,verified,celtic,
2026-10-04,2026-10-04T13:00:00Z,2026-10-04T11:09:11Z,Football,3. liga - West,Beluša,Nové Zámky,Beluša,home,0.6141,61.4,Lean,,Board,0,0,lost,✗,0,0,0.6141,Draw,0-0,2-1,0,verified,,
2026-10-04,2026-10-04T15:00:00Z,2026-10-04T13:27:47Z,Football,Tercera División RFEF - Group 16,Agoncillo,Vianés,Agoncillo,home,0.6117,61.2,Lean,,Board,0,0,won,✓,1,1,0.6117,Agoncillo,2-0,2-1,0,verified,,
2026-10-04,2026-10-04T12:00:00Z,2026-10-04T11:09:11Z,Football,Regionalliga - West,Rot-weiss Oberhausen,Paderborn II,Rot-weiss Oberhausen,home,0.6078,60.8,Lean,,Board,0,0,won,✓,1,1,0.6078,Rot-weiss Oberhausen,4-0,2-0,0,verified,,
2026-10-04,2026-10-04T10:00:00Z,2026-10-03T10:30:05Z,Football,2. Lig,Kahramanmaraş İstiklal Spor,Ankara Demirspor,Kahramanmaraş İstiklal Spor,home,0.6053,60.5,Lean,,Board,0,0,won,✓,1,1,0.6053,Kahramanmaraş İstiklal Spor,1-0,2-1,0,verified,,
2026-10-04,2026-10-04T11:00:00Z,2026-10-04T10:55:30Z,Football,Tercera División RFEF - Group 12,UD San Fernando,Estrella,UD San Fernando,home,0.6052,60.5,Lean,,Board,0,0,won,✓,1,1,0.6052,UD San Fernando,3-0,1-0,0,verified,,
2026-10-04,2026-10-04T18:00:00Z,2026-10-04T13:27:47Z,Football,International friendly,Egypt,South Africa,Egypt,home,0.6025,60.2,Lean,,Board,0,0,lost,✗,0,0,0.6025,South Africa,0-1,1-0,0,verified,,
2026-10-04,2026-10-04T15:30:00Z,2026-10-04T13:27:47Z,Football,Tercera División RFEF - Group 18,Quintanar del Rey,CD Villa,CD Villa,away,0.6022,60.2,No read,,Board,0,0,won,✓,1,1,0.6022,CD Villa,0-2,0-1,0,verified,celtic,
2026-10-04,2026-10-04T09:45:00Z,2026-10-03T10:30:05Z,Football,Segunda División RFEF - Group 3,Castellonense,Real Murcia II,Castellonense,home,0.6008,60.1,No read,,Board,0,0,won,✓,1,1,0.6008,Castellonense,3-0,2-1,0,verified,celtic,
2026-10-04,2026-10-04T15:00:00Z,2026-10-04T13:27:47Z,Football,Segunda División RFEF - Group 2,UD Logroñés II,Olot,UD Logroñés II,home,0.6005,60.1,No read,,Board,0,0,lost,✗,0,0,0.6005,Olot,2-4,1-0,0,verified,celtic,
2026-10-04,2026-10-04T17:45:00Z,2026-10-04T13:27:47Z,Football,Liga Profesional,Huracán,Aldosivi,Huracán,home,0.5936,59.4,No read,,Board,0,0,won,✓,1,1,0.5936,Huracán,1-0,1-0,0,verified,celtic,
2026-10-04,2026-10-04T15:00:00Z,2026-10-04T13:27:47Z,Football,Tercera División RFEF - Group 11,PE Sant Jordi,Inter Ibiza,PE Sant Jordi,home,0.593,59.3,Lean,,Board,0,0,won,✓,1,0,0.8215,Draw,0-0,1-1,1,verified,,
2026-10-04,2026-10-04T17:00:00Z,2026-10-04T13:27:47Z,Football,Liga F,Barcelona,Real Madrid,Barcelona,home,0.5891,58.9,Lean,,Board,0,0,won,✓,1,1,0.5891,Barcelona,7-0,2-1,0,verified,,
2026-10-04,2026-10-04T01:00:00Z,2026-10-03T10:30:05Z,Football,Liga de Expansión MX,Piratas,Alebrijes de Oaxaca,Piratas,home,0.587,58.7,Lean,,Board,0,0,won,✓,1,1,0.587,Piratas,4-0,1-0,0,verified,,
2026-10-04,2026-10-04T20:00:00Z,2026-10-04T13:27:47Z,Football,NWSL,Chicago Stars,Denver Summit,Denver Summit,away,0.5831,58.3,Lean,,Board,0,0,won,✓,1,1,0.5831,Denver Summit,0-3,0-2,0,verified,,
2026-10-04,2026-10-04T13:30:00Z,2026-10-04T13:27:47Z,Football,Serie D - Girone I,Trapani 1905,Reggina,Reggina,away,0.582,58.2,Lean,,Board,0,0,lost,✗,0,0,0.582,Trapani 1905,1-0,0-1,0,verified,,
2026-10-04,2026-10-04T12:00:00Z,2026-10-04T11:09:11Z,Football,Division 2 - Norra Götaland,Ahlafors,Motala,Ahlafors,home,0.5781,57.8,Lean,,Board,0,0,won,✓,1,1,0.8045,Ahlafors,6-2,1-1,0,verified,,
2026-10-04,2026-10-04T15:00:00Z,2026-10-04T13:27:47Z,Football,Tercera División RFEF - Group 2,Andes,Gijón Industrial,Andes,home,0.5763,57.6,No read,,Board,0,0,lost,✗,0,0,0.5763,Gijón Industrial,0-3,1-0,0,verified,celtic,
2026-10-04,2026-10-04T19:00:00Z,2026-10-04T13:27:47Z,Football,Torneo Federal A,San Martin Formosa,Atenas,San Martin Formosa,home,0.5752,57.5,Lean,,Board,0,0,lost,✗,0,0,0.5752,Draw,1-1,1-0,0,verified,,
2026-10-04,2026-10-04T16:00:00Z,2026-10-04T13:27:47Z,Football,Segunda División,Fenix,Uruguay Montevideo,Fenix,home,0.5743,57.4,Lean,,Board,0,0,won,✓,1,1,0.5743,Fenix,2-0,1-0,0,verified,,
2026-10-04,2026-10-04T01:20:00Z,2026-10-03T10:30:05Z,Football,Primera B,Real Cartagena,Popayan,Real Cartagena,home,0.5738,57.4,Lean,,Board,0,0,lost,✗,0,0,0.8067,Popayan,2-3,1-1,0,verified,,
2026-10-04,2026-10-04T10:00:00Z,2026-10-03T10:30:05Z,Football,Tercera División RFEF - Group 8,Cristo Atlético,Unionistas II,Cristo Atlético,home,0.5727,57.3,Lean,,Board,0,0,won,✓,1,1,0.5727,Cristo Atlético,3-0,1-0,0,verified,,
2026-10-04,2026-10-04T00:45:00Z,2026-10-03T10:30:05Z,Football,NWSL,Portland Thorns,Boston Legacy,Portland Thorns,home,0.5714,57.1,Lean,,Board,0,0,lost,✗,0,0,0.8043,Boston Legacy,2-4,1-1,0,verified,,
2026-10-04,2026-10-04T12:00:00Z,2026-10-04T11:09:11Z,Football,NB III - Southeast,Szeged-Csanád II,Hódmezővásárhely,Szeged-Csanád II,home,0.5708,57.1,Lean,,Board,0,0,won,✓,1,0,0.8023,Draw,1-1,1-1,1,verified,,
2026-10-04,2026-10-04T15:00:00Z,2026-10-04T13:27:47Z,Football,2. Division - Group 1,Mjondalen,Træff,Mjondalen,home,0.5673,56.7,No read,,Board,0,0,won,✓,1,1,0.5673,Mjondalen,4-0,2-1,0,verified,celtic,
2026-10-04,2026-10-04T18:00:00Z,2026-10-04T13:27:47Z,Football,Primera C,Central Cordoba,Yupanqui,Central Cordoba,home,0.5672,56.7,Lean,,Board,0,0,won,✓,1,1,0.5672,Central Cordoba,1-0,1-0,0,verified,,
2026-10-04,2026-10-04T10:30:00Z,2026-10-03T10:30:05Z,Football,Serie C - Girone A,Treviso,Giana Erminio,Treviso,home,0.5665,56.6,No read,,Board,0,0,lost,✗,0,0,0.5665,Draw,0-0,1-0,0,verified,celtic,
2026-10-04,2026-10-04T13:00:00Z,2026-10-04T11:09:11Z,Football,Serie D - Girone D,Arconatese,Pro Sesto,Pro Sesto,away,0.5644,56.4,Lean,,Board,0,0,won,✓,1,0,0.8127,Draw,1-1,1-1,1,verified,,
2026-10-04,2026-10-04T12:00:00Z,2026-10-04T11:09:11Z,Football,Second League A - Division A Gold,Alaniya Vladikavkaz,FK Sokol Saratov,Alaniya Vladikavkaz,home,0.5642,56.4,No read,,Board,0,0,won,✓,1,1,0.5642,Alaniya Vladikavkaz,2-0,1-0,0,verified,celtic,
2026-10-04,2026-10-04T02:00:00Z,2026-10-03T10:30:05Z,Football,USL Championship,Orange County,Monterey Bay,Orange County,home,0.5629,56.3,Lean,,Board,0,0,lost,✗,0,0,0.8076,Monterey Bay,1-2,1-1,0,verified,,
2026-10-04,2026-10-04T06:00:00Z,2026-10-03T10:30:05Z,Football,J2 League,Vegalta Sendai,Jubilo Iwata,Vegalta Sendai,home,0.5621,56.2,Lean,,Board,0,0,won,✓,1,1,0.5621,Vegalta Sendai,2-1,1-0,0,verified,,
2026-10-04,2026-10-04T13:00:00Z,2026-10-04T11:09:11Z,Football,Serie D - Girone A,Fezzanese,Valenzana,Fezzanese,home,0.5614,56.1,Lean,,Board,0,0,lost,✗,0,0,0.5614,Valenzana,1-2,1-0,0,verified,,
2026-10-04,2026-10-04T16:00:00Z,2026-10-04T13:27:47Z,Football,Tercera División RFEF - Group 6,Saguntino,Utiel,Saguntino,home,0.561,56.1,Lean,,Board,0,0,won,✓,1,1,0.561,Saguntino,3-2,1-0,0,verified,,
2026-10-04,2026-10-04T13:00:00Z,2026-10-04T11:09:11Z,Football,Serie D - Girone G,Unipomezia,Atletico Lodigiani,Unipomezia,home,0.5587,55.9,No read,,Board,0,0,won,✓,1,1,0.8034,Unipomezia,3-1,1-1,0,verified,celtic,
2026-10-04,2026-10-04T10:00:00Z,2026-10-03T10:30:05Z,Football,Segunda División RFEF - Group 5,SS Reyes,Real Ávila,SS Reyes,home,0.5576,55.8,No read,,Board,0,0,won,✓,1,1,0.5576,SS Reyes,3-0,1-0,0,verified,celtic,
2026-10-04,2026-10-04T12:00:00Z,2026-10-04T11:09:11Z,Football,Division 2 - Södra Götaland,Berga,Österlen,Berga,home,0.5569,55.7,Lean,,Board,0,0,won,✓,1,1,0.5569,Berga,3-0,2-1,0,verified,,
2026-10-04,2026-10-04T18:00:00Z,2026-10-04T13:27:47Z,Football,Primera C,Lugano,Argentino Rosario,Lugano,home,0.5555,55.5,Lean,,Board,0,0,lost,✗,0,0,0.5555,Argentino Rosario,2-3,1-0,0,verified,,
2026-10-04,2026-10-04T18:00:00Z,2026-10-04T13:27:47Z,Football,Liga de Expansión MX,Leones Negros UDG,Dorados,Leones Negros UDG,home,0.5528,55.3,Lean,,Board,0,0,won,✓,1,1,0.7924,Leones Negros UDG,6-3,1-1,0,verified,,
2026-10-04,2026-10-04T15:00:00Z,2026-10-04T13:27:47Z,Football,Tercera División RFEF - Group 6,Vall de Uxó,Atzeneta,Vall de Uxó,home,0.551,55.1,Lean,,Board,0,0,lost,✗,0,0,0.551,Draw,1-1,1-0,0,verified,,
2026-10-04,2026-10-04T19:00:00Z,2026-10-04T13:27:47Z,Football,Segunda División,Plaza Colonia,Cerrito,Plaza Colonia,home,0.5509,55.1,No read,,Board,0,0,lost,✗,0,0,0.5509,Cerrito,1-3,1-0,0,verified,celtic,
2026-10-04,2026-10-04T11:30:00Z,2026-10-04T11:09:11Z,Football,First League,Veles,Volga Ulyanovsk,Veles,home,0.5508,55.1,No read,,Board,0,0,lost,✗,0,0,0.5508,Volga Ulyanovsk,1-2,1-0,0,verified,celtic,
2026-10-04,2026-10-04T13:30:00Z,2026-10-04T13:27:47Z,Football,Serie D - Girone H,Martina Franca,Francavilla,Martina Franca,home,0.5503,55.0,Lean,,Board,0,0,won,✓,1,1,0.5503,Martina Franca,1-0,1-0,0,verified,,
2026-10-04,2026-10-04T11:00:00Z,2026-10-04T10:55:30Z,Football,Tercera División RFEF - Group 12,Marino,Playas Sotavento,Marino,home,0.5495,54.9,No read,,Board,0,0,won,✓,1,1,0.8004,Marino,6-1,1-1,0,verified,,
2026-10-04,2026-10-04T15:00:00Z,2026-10-04T13:27:47Z,Football,Ettan - Norra,Umeå,Hammarby Talang,Hammarby Talang,away,0.5469,54.7,No read,,Board,0,0,lost,✗,0,0,0.7835,Umeå,2-1,1-1,0,verified,celtic,
2026-10-04,2026-10-04T13:00:00Z,2026-10-04T11:09:11Z,Football,Serie D - Girone G,Trastevere,Città di Anagni,Trastevere,home,0.5467,54.7,No read,,Board,0,0,won,✓,1,0,0.777,Draw,0-0,1-1,1,verified,,
2026-10-04,2026-10-04T15:30:00Z,2026-10-04T13:27:47Z,Football,Tercera División RFEF - Group 16,La Calzada,Comillas,La Calzada,home,0.5461,54.6,No read,,Board,0,0,won,✓,1,1,0.5461,La Calzada,1-0,1-0,0,verified,,
2026-10-04,2026-10-04T16:30:00Z,2026-10-04T13:27:47Z,Football,Tercera División RFEF - Group 4,Derio,Beasain,Derio,home,0.5449,54.5,No read,,Board,0,0,won,✓,1,1,0.5449,Derio,2-0,1-0,0,verified,celtic,
2026-10-04,2026-10-04T10:00:00Z,2026-10-03T10:30:05Z,Football,Segunda División RFEF - Group 4,Recreativo Huelva,Las Palmas II,Recreativo Huelva,home,0.544,54.4,No read,,Board,0,0,won,✓,1,1,0.544,Recreativo Huelva,4-0,1-0,0,verified,celtic,
2026-10-04,2026-10-04T18:45:00Z,2026-10-04T13:27:47Z,Football,UEFA Nations League,Greece,Germany,Germany,away,0.544,54.4,No read,,Board,0,0,won,✓,1,0,0.7539,Draw,0-0,1-1,1,verified,,
2026-10-04,2026-10-04T13:00:00Z,2026-10-04T11:09:11Z,Football,Serie D - Girone F,Atletico Ascoli,Fossombrone,Atletico Ascoli,home,0.5432,54.3,No read,,Board,0,0,lost,✗,0,0,0.5432,Fossombrone,0-1,1-0,0,verified,,
2026-10-04,2026-10-04T19:30:00Z,2026-10-04T13:27:47Z,Football,Segunda División,Urena,Club Atletico Barinas,Urena,home,0.5425,54.2,No read,,Board,0,0,lost,✗,0,0,0.5425,Draw,0-0,2-1,0,verified,,
2026-10-04,2026-10-04T00:00:00Z,2026-10-03T10:30:05Z,Football,Liga Premier Serie B,Deportivo Ayense,Racing de Veracruz 2,Racing de Veracruz 2,away,0.5417,54.2,No read,,Board,0,0,won,✓,1,1,0.7726,Racing de Veracruz 2,1-2,1-1,0,verified,celtic,
2026-10-04,2026-10-04T18:45:00Z,2026-10-04T13:27:47Z,Football,UEFA Nations League,Republic of Ireland,Israel,Republic of Ireland,home,0.5402,54.0,No read,,Board,0,0,won,✓,1,0,0.7902,Draw,1-1,1-1,1,verified,,
2026-10-04,2026-10-04T13:00:00Z,2026-10-04T11:09:11Z,Football,Women's Super League,Tottenham Hotspur,London City Lionesses,Tottenham Hotspur,home,0.5388,53.9,No read,,Board,0,0,lost,✗,0,0,0.7765,London City Lionesses,1-6,1-1,0,verified,,
2026-10-04,2026-10-04T13:00:00Z,2026-10-04T11:09:11Z,Football,Serie D - Girone G,Gelbison,Venafro,Gelbison,home,0.5376,53.8,No read,,Board,0,0,lost,✗,0,0,0.7963,Venafro,0-1,1-1,0,verified,celtic,
2026-10-04,2026-10-04T19:00:00Z,2026-10-04T13:27:47Z,Football,LaLiga 2,CD Sabadell,FC Andorra,CD Sabadell,home,0.537,53.7,No read,,Board,0,0,won,✓,1,0,0.7869,Draw,0-0,1-1,1,verified,,
2026-10-04,2026-10-04T09:30:00Z,2026-10-03T10:30:05Z,Football,Tercera División RFEF - Group 18,Manchego,Almansa,Manchego,home,0.536,53.6,No read,,Board,0,0,won,✓,1,1,0.536,Manchego,1-0,1-0,0,verified,,
2026-10-04,2026-10-04T10:30:00Z,2026-10-03T10:30:05Z,Football,Persha Liga,Ahrobiznes Volochysk,UCSA,Ahrobiznes Volochysk,home,0.5343,53.4,No read,,Board,0,0,won,✓,1,1,0.5343,Ahrobiznes Volochysk,3-2,1-0,0,verified,,
2026-10-04,2026-10-04T12:00:00Z,2026-10-04T11:09:11Z,Football,LaLiga 2,Real Sociedad II,Granada,Real Sociedad II,home,0.5328,53.3,No read,,Board,0,0,lost,✗,0,0,0.7785,Granada,2-3,1-1,0,verified,celtic,
2026-10-04,2026-10-04T20:30:00Z,2026-10-04T13:27:47Z,Football,Premier League,Tru-Juice,Tivoli Gardens,Tru-Juice,home,0.5327,53.3,No read,,Board,0,0,lost,✗,0,0,0.5327,Tivoli Gardens,0-2,1-0,0,verified,,
2026-10-04,2026-10-04T13:00:00Z,2026-10-04T11:09:11Z,Football,Serie D - Girone A,Biellese,Gozzano,Biellese,home,0.5324,53.2,No read,,Board,0,0,won,✓,1,1,0.5324,Biellese,4-1,1-0,0,verified,,
2026-10-04,2026-10-04T11:00:00Z,2026-10-04T10:55:30Z,Football,Division 2 - Västra Götaland,Astrio,Västra Frölunda,Västra Frölunda,away,0.5318,53.2,No read,,Board,0,0,lost,✗,0,0,0.5318,Draw,1-1,1-2,0,verified,,
2026-10-04,2026-10-04T15:00:00Z,2026-10-04T13:27:47Z,Football,Tercera División RFEF - Group 17,Almudévar,Illueca,Almudévar,home,0.5315,53.1,No read,,Board,0,0,lost,✗,0,0,0.5315,Illueca,0-1,1-0,0,verified,,
2026-10-04,2026-10-04T20:00:00Z,2026-10-04T13:27:47Z,Football,Canadian Premier League,Supra du Quebec,Pacific,Supra du Quebec,home,0.5311,53.1,No read,,Board,0,0,won,✓,1,1,0.7654,Supra du Quebec,5-0,1-1,0,verified,,
2026-10-04,2026-10-04T14:30:00Z,2026-10-04T13:27:47Z,Football,Tercera División RFEF - Group 17,Brea,CDJ Tamarite,Brea,home,0.531,53.1,No read,,Board,0,0,won,✓,1,1,0.791,Brea,1-0,1-1,0,verified,,
2026-10-04,2026-10-04T18:00:00Z,2026-10-04T13:27:47Z,Football,Primera B Metropolitana,Comunicaciones,Flandria,Comunicaciones,home,0.5293,52.9,No read,,Board,0,0,lost,✗,0,0,0.5293,Draw,1-1,1-0,0,verified,,
2026-10-04,2026-10-04T11:00:00Z,2026-10-04T10:55:30Z,Football,2. Division - Group 2,Rana,Eidsvold,Eidsvold,away,0.5291,52.9,No read,,Board,0,0,lost,✗,0,0,0.759,Rana,2-1,1-1,0,verified,,
2026-10-04,2026-10-04T09:00:00Z,2026-10-03T10:30:05Z,Football,Tercera División RFEF - Group 13,Cartagena LU II,Algar,Cartagena LU II,home,0.528,52.8,No read,,Board,0,0,lost,✗,0,0,0.528,Algar,1-2,1-0,0,verified,,
2026-10-04,2026-10-04T15:30:00Z,2026-10-04T13:27:47Z,Football,Women's Super League,Manchester City,Arsenal,Manchester City,home,0.528,52.8,No read,,Board,0,0,won,✓,1,1,0.7879,Manchester City,4-2,1-1,0,verified,,
2026-10-04,2026-10-04T13:00:00Z,2026-10-04T11:09:11Z,Football,Serie D - Girone I,Modica,Enna,Modica,home,0.5276,52.8,No read,,Board,0,0,won,✓,1,1,0.5276,Modica,3-0,1-0,0,verified,,
2026-10-04,2026-10-04T16:00:00Z,2026-10-04T13:27:47Z,Football,2. Lig,Elazığspor,Çorluspor 1947,Elazığspor,home,0.5266,52.7,No read,,Board,0,0,lost,✗,0,0,0.7727,Çorluspor 1947,2-3,1-1,0,verified,celtic,
2026-10-04,2026-10-04T13:00:00Z,2026-10-04T11:09:11Z,Football,Serie D - Girone F,Teramo,Vigor Senigallia,Teramo,home,0.526,52.6,No read,,Board,0,0,won,✓,1,1,0.7654,Teramo,6-4,1-1,0,verified,,
2026-10-04,2026-10-04T10:00:00Z,2026-10-03T10:30:05Z,Football,Tercera División RFEF - Group 4,Deportivo Alavés III,Sodupe,Deportivo Alavés III,home,0.5242,52.4,No read,,Board,0,0,won,✓,1,1,0.7835,Deportivo Alavés III,5-1,1-1,0,verified,,
2026-10-04,2026-10-04T16:00:00Z,2026-10-04T13:27:47Z,Football,UEFA Nations League,Kosovo,Austria,Austria,away,0.522,52.2,No read,,Board,0,0,won,✓,1,0,0.7353,Draw,1-1,1-1,1,verified,,
2026-10-04,2026-10-04T13:00:00Z,2026-10-04T11:09:11Z,Football,UEFA Nations League,Azerbaijan,Lithuania,Azerbaijan,home,0.5211,52.1,No read,,Board,0,0,won,✓,1,1,0.5211,Azerbaijan,1-0,1-0,0,verified,,
2026-10-04,2026-10-04T12:00:00Z,2026-10-04T11:09:11Z,Football,2. Lig,68 Aksaray Belediyespor,Ankaraspor,68 Aksaray Belediyespor,home,0.5208,52.1,No read,,Board,0,0,lost,✗,0,0,0.7684,Ankaraspor,0-1,1-1,0,verified,,
2026-10-04,2026-10-04T13:00:00Z,2026-10-04T11:09:11Z,Football,Gamma Ethniki - Group 3,Veria,Vatolakkos,Veria,home,0.5189,51.9,No read,,Board,0,0,won,✓,1,1,0.5189,Veria,4-0,1-0,0,verified,celtic,
2026-10-04,2026-10-04T10:30:00Z,2026-10-03T10:30:05Z,Football,Campeonato de Portugal Prio - Group D,Santa Clara B,Real,Santa Clara B,home,0.518,51.8,No read,,Board,0,0,lost,✗,0,0,0.518,Draw,1-1,1-0,0,verified,celtic,
2026-10-04,2026-10-04T10:00:00Z,2026-10-03T10:30:05Z,Football,Segunda División RFEF - Group 5,RSD Alcalá,Navalcarnero,RSD Alcalá,home,0.518,51.8,No read,,Board,0,0,lost,✗,0,0,0.7734,Navalcarnero,1-3,1-1,0,verified,,
2026-10-04,2026-10-04T14:00:00Z,2026-10-04T13:27:47Z,Football,1. Liga Classic - Group 3,Winterthur II,St. Gallen II,Winterthur II,home,0.5177,51.8,No read,,Board,0,0,lost,✗,0,0,0.5177,St. Gallen II,1-2,2-1,0,verified,,
2026-10-04,2026-10-04T13:00:00Z,2026-10-04T11:09:11Z,Football,Serie D - Girone A,Ligorna,Saluzzo,Ligorna,home,0.5163,51.6,No read,,Board,0,0,won,✓,1,1,0.7586,Ligorna,2-1,1-1,0,verified,,
2026-10-04,2026-10-04T22:00:00Z,2026-10-04T13:27:47Z,Football,USL Championship,New Mexico United,Phoenix Rising,New Mexico United,home,0.5137,51.4,No read,,Board,0,0,won,✓,1,1,0.7694,New Mexico United,2-1,1-1,0,verified,,
2026-10-04,2026-10-04T10:00:00Z,2026-10-03T10:30:05Z,Football,Second League A - Division A Gold,Novosibirsk,Dinamo Bryansk,Novosibirsk,home,0.5129,51.3,No read,,Board,0,0,won,✓,1,1,0.77,Novosibirsk,2-0,1-1,0,verified,,
2026-10-04,2026-10-04T10:00:00Z,2026-10-03T10:30:05Z,Football,Segunda División RFEF - Group 3,Mallorca II,Alcoyano,Mallorca II,home,0.5123,51.2,No read,,Board,0,0,lost,✗,0,0,0.5123,Alcoyano,0-1,1-0,0,verified,celtic,
2026-10-04,2026-10-04T10:00:00Z,2026-10-03T10:30:05Z,Football,Tercera División RFEF - Group 7,Fuenlabrada,Villanueva Pardillo,Fuenlabrada,home,0.5121,51.2,No read,,Board,0,0,won,✓,1,1,0.7727,Fuenlabrada,1-0,1-1,0,verified,celtic,
2026-10-04,2026-10-04T19:30:00Z,2026-10-04T13:27:47Z,Football,Segunda División,Puerto Cabello II,Deportivo Lara,Deportivo Lara,away,0.5108,51.1,No read,,Board,0,0,lost,✗,0,0,0.5108,Puerto Cabello II,2-1,0-1,0,verified,,
2026-10-04,2026-10-04T14:00:00Z,2026-10-04T13:27:47Z,Football,Ligue 2,Jendouba Sport,Ariana,Jendouba Sport,home,0.5097,51.0,No read,,Board,0,0,won,✓,1,1,0.5097,Jendouba Sport,1-0,1-0,0,verified,,
2026-10-04,2026-10-04T09:30:00Z,2026-10-03T10:30:05Z,Football,Tercera División RFEF - Group 13,Atlético Pulpileño,Santomera,Atlético Pulpileño,home,0.5095,50.9,No read,,Board,0,0,lost,✗,0,0,0.5095,Santomera,2-3,1-0,0,verified,,
2026-10-04,2026-10-04T11:00:00Z,2026-10-04T10:55:30Z,Football,Division 2 - Norrland,Fransta,Storfors,Fransta,home,0.5095,50.9,No read,,Board,0,0,lost,✗,0,0,0.5095,Storfors,0-1,2-1,0,verified,,
2026-10-04,2026-10-04T10:00:00Z,2026-10-03T10:30:05Z,Football,Tercera División RFEF - Group 17,CD Sietamo,Belchite 97,CD Sietamo,home,0.5086,50.9,No read,,Board,0,0,won,✓,1,1,0.5086,CD Sietamo,3-0,1-0,0,verified,,
2026-10-04,2026-10-04T12:30:00Z,2026-10-04T11:09:11Z,Football,1. Division,Bryne,Lyn,Bryne,home,0.5077,50.8,No read,,Board,0,0,won,✓,1,1,0.7741,Bryne,1-0,1-1,0,verified,celtic,
2026-10-04,2026-10-04T01:00:00Z,2026-10-03T10:30:05Z,Football,Liga de Expansión MX,Cancún,Tapatío,Cancún,home,0.5029,50.3,No read,,Board,0,0,won,✓,1,1,0.7515,Cancún,1-0,1-1,0,verified,,
2026-10-04,2026-10-04T20:00:00Z,2026-10-04T13:27:47Z,Football,Primera Nacional,San Martin S.J.,Almagro,San Martin S.J.,home,0.5022,50.2,No read,,Board,0,0,lost,✗,0,0,0.5022,Almagro,1-2,1-0,0,verified,,
2026-10-04,2026-10-04T13:00:00Z,2026-10-04T11:09:11Z,Football,Serie D - Girone C,Clodiense,Sandona,Clodiense,home,0.4996,50.0,No read,,Board,0,0,lost,✗,0,0,0.4996,Sandona,0-1,1-0,0,verified,,
2026-10-04,2026-10-04T05:00:00Z,2026-10-03T10:30:05Z,Football,K3 League,Mokpo City,Busan Transportation,Busan Transportation,away,0.4991,49.9,No read,,Board,0,0,lost,✗,0,0,0.4991,Mokpo City,3-1,0-1,0,verified,,
2026-10-04,2026-10-04T13:00:00Z,2026-10-04T11:09:11Z,Football,Serie D - Girone F,Foligno Calcio,Angelana,Foligno Calcio,home,0.498,49.8,No read,,Board,0,0,won,✓,1,1,0.7688,Foligno Calcio,1-0,1-1,0,verified,celtic,
2026-10-04,2026-10-04T15:00:00Z,2026-10-04T13:27:47Z,Football,Segunda División RFEF - Group 1,Ourense,Arosa,Ourense,home,0.4979,49.8,No read,,Board,0,0,won,✓,1,0,0.7532,Draw,0-0,1-1,1,verified,celtic,
2026-10-04,2026-10-04T14:00:00Z,2026-10-04T13:27:47Z,Football,Ligue 2,AS Kasserine,Olympique du Kef,AS Kasserine,home,0.4971,49.7,No read,,Board,0,0,won,✓,1,1,0.4971,AS Kasserine,1-0,1-0,0,verified,,
2026-10-04,2026-10-04T13:00:00Z,2026-10-04T11:09:11Z,Football,Ligue A,Royal Vision,Vital'O,Royal Vision,home,0.4962,49.6,No read,,Board,0,0,won,✓,1,1,0.7548,Royal Vision,5-0,1-1,0,verified,,
2026-10-04,2026-10-04T13:00:00Z,2026-10-04T11:09:11Z,Football,Serie D - Girone I,Calcio Avola,Ragusa,Calcio Avola,home,0.496,49.6,No read,,Board,0,0,won,✓,1,1,0.496,Calcio Avola,1-0,1-0,0,verified,,
2026-10-04,2026-10-04T18:30:00Z,2026-10-04T13:27:47Z,Football,Torneo Federal A,Alvarado,Defensores de Belgrano VR,Alvarado,home,0.4954,49.5,No read,,Board,0,0,won,✓,1,1,0.4954,Alvarado,2-0,1-0,0,verified,celtic,
2026-10-04,2026-10-04T16:00:00Z,2026-10-04T13:27:47Z,Football,Tercera División RFEF - Group 7,SS Reyes II,Real Aranjuez,SS Reyes II,home,0.4953,49.5,No read,,Board,0,0,lost,✗,0,0,0.7666,Real Aranjuez,3-5,1-1,0,verified,,
2026-10-04,2026-10-04T13:00:00Z,2026-10-04T11:09:11Z,Football,Women's Super League,Brighton & Hove Albion,Charlton Athletic,Brighton & Hove Albion,home,0.493,49.3,No read,,Board,0,0,won,✓,1,1,0.7686,Brighton & Hove Albion,5-1,1-1,0,verified,,
2026-10-04,2026-10-04T14:00:00Z,2026-10-04T13:27:47Z,Football,Ligue 2,Ksour Essef,CO Medenine,Ksour Essef,home,0.4916,49.2,No read,,Board,0,0,won,✓,1,1,0.7574,Ksour Essef,1-0,1-1,0,verified,,
2026-10-04,2026-10-04T14:30:00Z,2026-10-04T13:27:47Z,Football,Tercera División RFEF - Group 7,Galapagar,Cala Pozuelo,Galapagar,home,0.485,48.5,No read,,Board,0,0,lost,✗,0,0,0.7489,Cala Pozuelo,1-3,1-1,0,verified,,
2026-10-04,2026-10-04T13:00:00Z,2026-10-04T11:09:11Z,Football,Serie D - Girone G,Certosa V. Campagnano,Aranova,Certosa V. Campagnano,home,0.4847,48.5,No read,,Board,0,0,won,✓,1,1,0.769,Certosa V. Campagnano,2-1,1-1,0,verified,,
2026-10-04,2026-10-04T16:00:00Z,2026-10-04T13:27:47Z,Football,UEFA Nations League,Malta,Andorra,Malta,home,0.4846,48.5,No read,,Board,0,0,won,✓,1,1,0.4846,Malta,1-0,1-0,0,verified,,
2026-10-04,2026-10-04T15:00:00Z,2026-10-04T13:27:47Z,Football,Segunda División RFEF - Group 1,Compostela,Real Oviedo II,Compostela,home,0.4839,48.4,No read,,Board,0,0,lost,✗,0,0,0.7616,Real Oviedo II,1-2,1-1,0,verified,celtic,
2026-10-04,2026-10-04T01:00:00Z,2026-10-03T10:30:05Z,Football,USL Championship,Colorado Springs Switchbacks,Oakland Roots,Colorado Springs Switchbacks,home,0.4836,48.4,No read,,Board,0,0,won,✓,1,0,0.7414,Draw,0-0,1-1,1,verified,,
2026-10-04,2026-10-04T14:00:00Z,2026-10-04T13:27:47Z,Football,Ligue 2,Kalaâ Sport,JS Kairouanaise,Kalaâ Sport,home,0.4828,48.3,No read,,Board,0,0,lost,✗,0,0,0.7439,JS Kairouanaise,0-1,1-1,0,verified,celtic,
2026-10-04,2026-10-04T13:00:00Z,2026-10-04T11:09:11Z,Football,Serie D - Girone B,Villa Valle,Fiorenzuola,Villa Valle,home,0.4823,48.2,No read,,Board,0,0,lost,✗,0,0,0.4823,Draw,0-0,1-0,0,verified,,
2026-10-04,2026-10-04T00:00:00Z,2026-10-03T10:30:05Z,Football,Primera Division,Walter Ferretti,Jalapa,Walter Ferretti,home,0.482,48.2,No read,,Board,0,0,won,✓,1,0,0.7487,Draw,2-2,1-1,1,verified,,
2026-10-04,2026-10-04T13:00:00Z,2026-10-04T11:09:11Z,Football,Serie D - Girone B,Piacenza,Scanzorosciate,Piacenza,home,0.4818,48.2,No read,,Board,0,0,won,✓,1,1,0.4818,Piacenza,4-0,1-0,0,verified,celtic,
2026-10-04,2026-10-04T14:00:00Z,2026-10-04T13:27:47Z,Football,Prva Liga,Javor,Borac Cacak,Javor,home,0.4808,48.1,No read,,Board,0,0,won,✓,1,1,0.7484,Javor,3-1,1-1,0,verified,,
2026-10-04,2026-10-04T13:00:00Z,2026-10-04T11:09:11Z,Football,Super League,Mutondo Stars,Red Arrows,Red Arrows,away,0.4806,48.1,No read,,Board,0,0,won,✓,1,1,0.4806,Red Arrows,1-3,0-1,0,verified,,
2026-10-04,2026-10-04T16:00:00Z,2026-10-04T13:27:47Z,Football,Tercera División RFEF - Group 8,UD Santa Marta,Cultural Leonesa II,UD Santa Marta,home,0.4791,47.9,No read,,Board,0,0,won,✓,1,1,0.4791,UD Santa Marta,2-0,1-0,0,verified,,
2026-10-04,2026-10-04T15:00:00Z,2026-10-04T13:27:47Z,Football,Tercera División RFEF - Group 16,Haro Deportivo,Anguiano,Haro Deportivo,home,0.4785,47.9,No read,,Board,0,0,won,✓,1,1,0.7467,Haro Deportivo,2-1,1-1,0,verified,,
2026-10-04,2026-10-04T11:00:00Z,2026-10-04T10:55:30Z,Football,Division 2 - Norra Svealand,Korsnäs,Franke,Franke,away,0.4769,47.7,No read,,Board,0,0,won,✓,1,1,0.4769,Franke,1-3,1-2,0,verified,,
2026-10-04,2026-10-04T13:00:00Z,2026-10-04T11:09:11Z,Football,Serie D - Girone B,Virtus Ciserano Bergamo,Virtus Verona,Virtus Ciserano Bergamo,home,0.4762,47.6,No read,,Board,0,0,won,✓,1,1,0.4762,Virtus Ciserano Bergamo,3-0,1-0,0,verified,celtic,
2026-10-04,2026-10-04T20:30:00Z,2026-10-04T13:27:47Z,Football,Premier League,Treasure Beach,Humble Lions,Treasure Beach,home,0.4757,47.6,No read,,Board,0,0,won,✓,1,0,0.7464,Draw,1-1,1-1,1,verified,,
2026-10-04,2026-10-04T15:00:00Z,2026-10-04T13:27:47Z,Football,Segunda División RFEF - Group 1,Bergantiños,Coruxo,Bergantiños,home,0.4745,47.4,No read,,Board,0,0,won,✓,1,1,0.7565,Bergantiños,3-1,1-1,0,verified,,
2026-10-04,2026-10-04T13:00:00Z,2026-10-04T11:09:11Z,Football,Ligue A,Le Messager Ngozi,Panthere Noir,Le Messager Ngozi,home,0.4742,47.4,No read,,Board,0,0,won,✓,1,1,0.4742,Le Messager Ngozi,1-0,1-0,0,verified,,
2026-10-04,2026-10-04T15:00:00Z,2026-10-04T13:27:47Z,Football,Tercera División RFEF - Group 1,Celta de Vigo III,Atlético Arteixo,Celta de Vigo III,home,0.4737,47.4,No read,,Board,0,0,won,✓,1,1,0.7322,Celta de Vigo III,3-2,1-1,0,verified,,
2026-10-04,2026-10-04T13:30:00Z,2026-10-04T13:27:47Z,Football,Serie D - Girone G,Albalonga,Anzio,Albalonga,home,0.4716,47.2,No read,,Board,0,0,lost,✗,0,0,0.7435,Anzio,0-2,1-1,0,verified,,
2026-10-04,2026-10-04T10:15:00Z,2026-10-03T10:30:05Z,Football,Tercera División RFEF - Group 2,Astur,Mosconia,Mosconia,away,0.4712,47.1,No read,,Board,0,0,lost,✗,0,0,0.4712,Draw,0-0,0-1,0,verified,,
2026-10-04,2026-10-04T17:00:00Z,2026-10-04T13:27:47Z,Football,Tercera División RFEF - Group 16,Calasancio,Casalarreina,Calasancio,home,0.4702,47.0,No read,,Board,0,0,won,✓,1,1,0.7256,Calasancio,2-1,1-1,0,verified,,
2026-10-04,2026-10-04T05:00:00Z,2026-10-03T10:30:05Z,Football,K3 League,Dangjin Citizen,Gyeongju HNP,Dangjin Citizen,home,0.4701,47.0,No read,,Board,0,0,lost,✗,0,0,0.7236,Gyeongju HNP,2-3,1-1,0,verified,,
2026-10-04,2026-10-04T16:30:00Z,2026-10-04T13:27:47Z,Football,Segunda División RFEF - Group 4,Atlético Central,Linares Deportivo,Atlético Central,home,0.4699,47.0,No read,,Board,0,0,lost,✗,0,0,0.741,Linares Deportivo,0-1,1-1,0,verified,,
2026-10-04,2026-10-04T13:00:00Z,2026-10-04T11:09:11Z,Football,Women's Super League,Everton,Birmingham City,Everton,home,0.4684,46.8,No read,,Board,0,0,won,✓,1,1,0.7443,Everton,2-1,1-1,0,verified,,
2026-10-04,2026-10-04T12:00:00Z,2026-10-04T11:09:11Z,Football,Liga 2,Semen Padang,PSPS,Semen Padang,home,0.4671,46.7,No read,,Board,0,0,lost,✗,0,0,0.72,PSPS,0-1,1-1,0,verified,,
2026-10-04,2026-10-04T13:00:00Z,2026-10-04T11:09:11Z,Football,Serie D - Girone B,Club Milano,Leon,Club Milano,home,0.4656,46.6,No read,,Board,0,0,lost,✗,0,0,0.7471,Leon,1-2,1-1,0,verified,celtic,
2026-10-04,2026-10-04T15:30:00Z,2026-10-04T13:27:47Z,Football,Tercera División RFEF - Group 13,Mazarrón,SFC Minerva,Mazarrón,home,0.464,46.4,No read,,Board,0,0,lost,✗,0,0,0.464,SFC Minerva,0-1,1-0,0,verified,,
2026-10-04,2026-10-04T16:00:00Z,2026-10-04T13:27:47Z,Football,NB III - Northwest,Dorogi,Haladás VSE,Dorogi,home,0.4634,46.3,No read,,Board,0,0,won,✓,1,0,0.7241,Draw,2-2,1-1,1,verified,,
2026-10-04,2026-10-04T13:00:00Z,2026-10-04T11:09:11Z,Football,Serie D - Girone F,Recanatese,Maceratese,Recanatese,home,0.4632,46.3,No read,,Board,0,0,lost,✗,0,0,0.7316,Maceratese,2-3,1-1,0,verified,,
2026-10-04,2026-10-04T13:00:00Z,2026-10-04T11:09:11Z,Football,Serie D - Girone E,Rondinella,Progresso,Rondinella,home,0.463,46.3,No read,,Board,0,0,won,✓,1,1,0.463,Rondinella,2-1,1-0,0,verified,celtic,
2026-10-04,2026-10-04T14:00:00Z,2026-10-04T13:27:47Z,Football,Ligue 2,BS Bouhajla,AS Soliman,BS Bouhajla,home,0.4622,46.2,No read,,Board,0,0,lost,✗,0,0,0.4622,Draw,0-0,1-0,0,verified,celtic,
2026-10-04,2026-10-04T15:30:00Z,2026-10-04T13:27:47Z,Football,Tercera División RFEF - Group 17,Fraga,Real Zaragoza II,Fraga,home,0.4615,46.2,No read,,Board,0,0,lost,✗,0,0,0.7522,Real Zaragoza II,1-2,1-1,0,verified,celtic,
2026-10-04,2026-10-04T15:00:00Z,2026-10-04T13:27:47Z,Football,Segunda División RFEF - Group 5,A Madrid III,Conquense,A Madrid III,home,0.4614,46.1,No read,,Board,0,0,won,✓,1,1,0.731,A Madrid III,3-2,1-1,0,verified,celtic,
2026-10-04,2026-10-04T15:00:00Z,2026-10-04T13:27:47Z,Football,Tercera División RFEF - Group 13,San Javier,Los Garres,San Javier,home,0.4603,46.0,No read,,Board,0,0,won,✓,1,1,0.7457,San Javier,1-0,1-1,0,verified,,
2026-10-04,2026-10-04T15:00:00Z,2026-10-04T13:27:47Z,Football,Tercera División RFEF - Group 3,Castro,Tropezón,Tropezón,away,0.4589,45.9,No read,,Board,0,0,won,✓,1,1,0.7509,Tropezón,0-2,1-1,0,verified,,
2026-10-04,2026-10-04T15:30:00Z,2026-10-04T13:27:47Z,Football,Tercera División RFEF - Group 17,Atlético Monzón,Huesca II,Atlético Monzón,home,0.4588,45.9,No read,,Board,0,0,won,✓,1,1,0.7337,Atlético Monzón,2-0,1-1,0,verified,,
2026-10-04,2026-10-04T16:00:00Z,2026-10-04T13:27:47Z,Football,Tercera División RFEF - Group 11,Cardassar,Alcúdia,Cardassar,home,0.4576,45.8,No read,,Board,0,0,won,✓,1,1,0.7289,Cardassar,6-2,1-1,0,verified,,
2026-10-04,2026-10-04T11:30:00Z,2026-10-04T11:09:11Z,Football,Druha Liga,Metalurh Zaporizhya,Karbon Cherkasy,Karbon Cherkasy,away,0.4575,45.8,No read,,Board,0,0,won,✓,1,1,0.723,Karbon Cherkasy,1-2,1-1,0,verified,celtic,
2026-10-04,2026-10-04T17:00:00Z,2026-10-04T13:27:47Z,Football,Segunda División RFEF - Group 4,Ciudad de Lucena,Puente Genil,Ciudad de Lucena,home,0.4574,45.7,No read,,Board,0,0,won,✓,1,1,0.4574,Ciudad de Lucena,1-0,1-0,0,verified,,
2026-10-04,2026-10-04T10:00:00Z,2026-10-03T10:30:05Z,Football,Tercera División RFEF - Group 2,Lealtad,Avilés Stadium,Lealtad,home,0.4566,45.7,No read,,Board,0,0,won,✓,1,1,0.4566,Lealtad,2-0,1-0,0,verified,celtic,
2026-10-04,2026-10-04T13:00:00Z,2026-10-04T11:09:11Z,Football,Serie D - Girone A,Sanremese,Bra,Sanremese,home,0.4555,45.6,No read,,Board,0,0,won,✓,1,1,0.4555,Sanremese,3-0,1-0,0,verified,,
2026-10-04,2026-10-04T13:00:00Z,2026-10-04T11:09:11Z,Football,Gamma Ethniki - Group 3,Anagennisi Artas,Naousa,Anagennisi Artas,home,0.455,45.5,No read,,Board,0,0,won,✓,1,1,0.7364,Anagennisi Artas,3-1,1-1,0,verified,,
2026-10-04,2026-10-04T11:00:00Z,2026-10-04T10:55:30Z,Football,Segunda División RFEF - Group 4,Tamaraceite,Antoniano,Tamaraceite,home,0.4548,45.5,No read,,Board,0,0,won,✓,1,1,0.7436,Tamaraceite,1-0,1-1,0,verified,celtic,
2026-10-04,2026-10-04T12:00:00Z,2026-10-04T11:09:11Z,Football,2. Division,Thisted,Roskilde,Roskilde,away,0.4544,45.4,No read,,Board,0,0,won,✓,1,1,0.7286,Roskilde,0-2,1-1,0,verified,,
2026-10-04,2026-10-04T19:00:00Z,2026-10-04T13:27:47Z,Football,Primera A,Deportivo Pasto,Fortaleza CEIF,Deportivo Pasto,home,0.4524,45.2,No read,,Board,0,0,lost,✗,0,0,0.4524,Draw,0-0,1-0,0,verified,celtic,
2026-10-04,2026-10-04T16:00:00Z,2026-10-04T13:27:47Z,Football,Tercera División RFEF - Group 13,Alcantarilla,Santa Cruz,Alcantarilla,home,0.4523,45.2,No read,,Board,0,0,lost,✗,0,0,0.4523,Draw,1-1,1-0,0,verified,,
2026-10-04,2026-10-04T15:30:00Z,2026-10-04T13:27:47Z,Football,Tercera División RFEF - Group 16,San Marcial,River Ebro,San Marcial,home,0.4523,45.2,No read,,Board,0,0,won,✓,1,0,0.7243,Draw,1-1,1-1,1,verified,,
2026-10-04,2026-10-04T22:15:00Z,2026-10-04T22:08:59Z,Football,Liga Profesional,Argentinos Juniors,Tigre,Argentinos Juniors,home,0.4522,45.2,No read,,Board,0,0,won,✓,1,1,0.4522,Argentinos Juniors,2-1,1-0,0,verified,celtic,
2026-10-04,2026-10-04T14:15:00Z,2026-10-04T13:27:47Z,Football,LaLiga 2,Sporting Gijón,RC Celta Fortuna,Sporting Gijón,home,0.4519,45.2,No read,,Board,0,0,won,✓,1,1,0.7449,Sporting Gijón,3-2,1-1,0,verified,,
2026-10-04,2026-10-04T13:00:00Z,2026-10-04T11:09:11Z,Football,Campeonato de Portugal Prio - Group B,Castro Daire,Estrela Calheta,Castro Daire,home,0.4492,44.9,No read,,Board,0,0,won,✓,1,1,0.7486,Castro Daire,3-0,1-1,0,verified,,
2026-10-04,2026-10-04T13:00:00Z,2026-10-04T11:09:11Z,Football,Serie D - Girone C,Mestre,Campodarsego,Mestre,home,0.4481,44.8,No read,,Board,0,0,won,✓,1,0,0.746,Draw,1-1,1-1,1,verified,,
2026-10-04,2026-10-04T13:00:00Z,2026-10-04T11:09:11Z,Football,Serie D - Girone B,Brusaporto,Pro Palazzolo,Brusaporto,home,0.446,44.6,No read,,Board,0,0,lost,✗,0,0,0.7334,Pro Palazzolo,0-1,1-1,0,verified,celtic,
2026-10-04,2026-10-04T09:30:00Z,2026-10-03T10:30:05Z,Football,Tercera División RFEF - Group 7,Trival Valderas,Las Rozas,Trival Valderas,home,0.4459,44.6,No read,,Board,0,0,won,✓,1,1,0.7202,Trival Valderas,2-1,1-1,0,verified,,
2026-10-04,2026-10-04T13:00:00Z,2026-10-04T11:09:11Z,Football,Serie D - Girone E,Flaminia,Gavorrano,Flaminia,home,0.4447,44.5,No read,,Board,0,0,won,✓,1,0,0.7312,Draw,1-1,1-1,1,verified,celtic,
2026-10-04,2026-10-04T21:00:00Z,2026-10-04T13:27:47Z,Football,Primera Nacional,Godoy Cruz,Los Andes,Godoy Cruz,home,0.4444,44.4,No read,,Board,0,0,won,✓,1,1,0.7914,Godoy Cruz,2-1,0-0,0,verified,celtic,
2026-10-04,2026-10-04T11:00:00Z,2026-10-04T10:55:30Z,Football,Regionalliga - Ost,Scheiblingkirchen,Leobendorf,Scheiblingkirchen,home,0.4442,44.4,No read,,Board,0,0,won,✓,1,1,0.7106,Scheiblingkirchen,2-1,1-1,0,verified,,
2026-10-04,2026-10-04T13:00:00Z,2026-10-04T11:09:11Z,Football,Serie D - Girone D,USD Casatese,Pistoiese,Pistoiese,away,0.4441,44.4,No read,,Board,0,0,won,✓,1,1,0.7356,Pistoiese,0-3,1-1,0,verified,celtic,
2026-10-04,2026-10-04T13:00:00Z,2026-10-04T11:09:11Z,Football,Ligue A,Kayanza United,Inter Star,Kayanza United,home,0.4437,44.4,No read,,Board,0,0,won,✓,1,0,0.7333,Draw,1-1,1-1,1,verified,,
2026-10-04,2026-10-04T11:00:00Z,2026-10-04T10:55:30Z,Football,Ettan - Södra,Olympic,Trelleborg,Trelleborg,away,0.4436,44.4,No read,,Board,0,0,won,✓,1,1,0.6793,Trelleborg,0-2,1-1,0,verified,celtic,
2026-10-04,2026-10-04T11:00:00Z,2026-10-04T10:55:30Z,Football,Druha Liga,Ruh Lviv,Bratslav Vinnytsia,Bratslav Vinnytsia,away,0.4404,44.0,No read,,Board,0,0,won,✓,1,1,0.6944,Bratslav Vinnytsia,2-3,1-1,0,verified,,
2026-10-04,2026-10-04T13:00:00Z,2026-10-04T11:09:11Z,Football,Serie D - Girone B,Rovato Vertovese,Real Calepina,Rovato Vertovese,home,0.4402,44.0,No read,,Board,0,0,lost,✗,0,0,0.7034,Real Calepina,0-1,1-1,0,verified,celtic,
2026-10-04,2026-10-04T23:10:00Z,2026-10-04T22:26:55Z,Football,Primera A,Atlético Bucaramanga,Atlético Junior,Atlético Bucaramanga,home,0.4393,43.9,No read,,Board,0,0,won,✓,1,1,0.4393,Atlético Bucaramanga,3-1,1-0,0,verified,celtic,
2026-10-04,2026-10-04T13:00:00Z,2026-10-04T11:09:11Z,Football,Gamma Ethniki - Group 3,Kastoria,Makedonikos Siatista,Kastoria,home,0.4392,43.9,No read,,Board,0,0,lost,✗,0,0,0.7332,Makedonikos Siatista,0-1,1-1,0,verified,,
2026-10-04,2026-10-04T15:30:00Z,2026-10-04T13:27:47Z,Football,Tercera División RFEF - Group 11,Porreres,Santanyí,Porreres,home,0.4377,43.8,No read,,Board,0,0,lost,✗,0,0,0.7205,Santanyí,0-1,1-1,0,verified,celtic,
2026-10-04,2026-10-04T21:05:00Z,2026-10-04T13:27:47Z,Football,Primera A,Cúcuta Deportivo,Deportivo Pereira,Cúcuta Deportivo,home,0.4376,43.8,No read,,Board,0,0,won,✓,1,1,0.4376,Cúcuta Deportivo,4-0,1-0,0,verified,celtic,
2026-10-04,2026-10-04T16:00:00Z,2026-10-04T13:27:47Z,Football,2. Lig,Ankaragücü,İnegölspor,Ankaragücü,home,0.4375,43.8,No read,,Board,0,0,won,✓,1,1,0.7183,Ankaragücü,4-1,1-1,0,verified,,
2026-10-04,2026-10-04T20:00:00Z,2026-10-04T13:27:47Z,Football,Primera Nacional,Club Atlético Güemes,Colegiales,Colegiales,away,0.4369,43.7,No read,,Board,0,0,won,✓,1,1,0.4369,Colegiales,0-1,0-1,0,verified,,
2026-10-04,2026-10-04T12:30:00Z,2026-10-04T11:09:11Z,Football,1. Liga Classic - Group 2,Bassecourt,Thun II,Thun II,away,0.4368,43.7,No read,,Board,0,0,won,✓,1,1,0.674,Thun II,0-2,1-1,0,verified,celtic,
2026-10-04,2026-10-04T13:00:00Z,2026-10-04T11:09:11Z,Football,Serie D - Girone F,Pietralunga,L'Aquila,L'Aquila,away,0.4367,43.7,No read,,Board,0,0,won,✓,1,1,0.7276,L'Aquila,0-3,1-1,0,verified,,
2026-10-04,2026-10-04T13:30:00Z,2026-10-04T13:27:47Z,Football,Serie D - Girone G,Sarnese,Paganese,Sarnese,home,0.4362,43.6,No read,,Board,0,0,won,✓,1,1,0.6915,Sarnese,2-1,1-1,0,verified,celtic,
2026-10-04,2026-10-04T13:00:00Z,2026-10-04T11:09:11Z,Football,Serie D - Girone D,Oltrepò,Lentigione,Lentigione,away,0.4354,43.5,No read,,Board,0,0,won,✓,1,1,0.7397,Lentigione,1-2,1-1,0,verified,celtic,
2026-10-04,2026-10-04T18:00:00Z,2026-10-04T13:27:47Z,Football,Primera C,Sacachispas,Estrella Del Sur,Sacachispas,home,0.4348,43.5,No read,,Board,0,0,won,✓,1,0,0.7351,Draw,0-0,1-1,1,verified,celtic,
2026-10-04,2026-10-04T16:00:00Z,2026-10-04T13:27:47Z,Football,Prva Liga,FK Spartak Zdrepceva KRV,Naftagas,FK Spartak Zdrepceva KRV,home,0.4327,43.3,No read,,Board,0,0,lost,✗,0,0,0.7259,Naftagas,0-6,1-1,0,verified,celtic,
2026-10-04,2026-10-04T10:00:00Z,2026-10-03T10:30:05Z,Football,Segunda División RFEF - Group 3,Atlético Baleares,Poblense,Atlético Baleares,home,0.4321,43.2,No read,,Board,0,0,won,✓,1,1,0.7267,Atlético Baleares,2-1,1-1,0,verified,,
2026-10-04,2026-10-04T17:30:00Z,2026-10-04T13:27:47Z,Football,Tercera División RFEF - Group 15,Gazte Berriak,Doneztebe FT,Gazte Berriak,home,0.432,43.2,No read,,Board,0,0,won,✓,1,1,0.6932,Gazte Berriak,1-0,1-1,0,verified,,
2026-10-04,2026-10-04T10:00:00Z,2026-10-03T10:30:05Z,Football,Tercera División RFEF - Group 9,Huétor Vega,Mancha Real,Huétor Vega,home,0.4319,43.2,No read,,Board,0,0,won,✓,1,1,0.4319,Huétor Vega,3-0,1-0,0,verified,,
2026-10-04,2026-10-04T15:00:00Z,2026-10-04T13:27:47Z,Football,Tercera División RFEF - Group 3,Selaya,Naval Reinosa,Selaya,home,0.4317,43.2,No read,,Board,0,0,won,✓,1,1,0.7305,Selaya,3-2,1-1,0,verified,,
2026-10-04,2026-10-04T13:00:00Z,2026-10-04T11:09:11Z,Football,Serie D - Girone F,Santegidiese,Real Giulianova,Santegidiese,home,0.4315,43.1,No read,,Board,0,0,lost,✗,0,0,0.7258,Real Giulianova,1-3,1-1,0,verified,,
2026-10-04,2026-10-04T10:00:00Z,2026-10-03T10:30:05Z,Football,Tercera División RFEF - Group 2,Llanes,Condal,Condal,away,0.4315,43.1,No read,,Board,0,0,won,✓,1,0,0.7046,Draw,1-1,1-1,1,verified,,
2026-10-04,2026-10-04T13:00:00Z,2026-10-04T11:09:11Z,Football,Serie D - Girone A,Lascaris,Imperia,Lascaris,home,0.4311,43.1,No read,,Board,0,0,lost,✗,0,0,0.4311,Draw,1-1,1-0,0,verified,,
2026-10-04,2026-10-04T05:00:00Z,2026-10-03T10:30:05Z,Football,J2 League,Blaublitz Akita,Sagan Tosu,Blaublitz Akita,home,0.4309,43.1,No read,,Board,0,0,won,✓,1,1,0.7245,Blaublitz Akita,1-0,1-1,0,verified,,
2026-10-04,2026-10-04T13:00:00Z,2026-10-04T11:09:11Z,Football,Serie D - Girone G,Latte Dolce,Sarrabus Ogliastra,Latte Dolce,home,0.4307,43.1,No read,,Board,0,0,won,✓,1,1,0.7014,Latte Dolce,1-0,1-1,0,verified,,
2026-10-04,2026-10-04T13:00:00Z,2026-10-04T11:09:11Z,Football,Serie D - Girone I,Igea Virtus,Nissa,Igea Virtus,home,0.4306,43.1,No read,,Board,0,0,won,✓,1,0,0.6973,Draw,1-1,1-1,1,verified,,
2026-10-04,2026-10-04T12:30:00Z,2026-10-04T11:09:11Z,Football,2. Lig,Kütahyaspor,Yeni Orduspor,Yeni Orduspor,away,0.4291,42.9,No read,,Board,0,0,won,✓,1,1,0.6885,Yeni Orduspor,0-4,1-1,0,verified,celtic,
2026-10-04,2026-10-04T12:30:00Z,2026-10-04T11:09:11Z,Football,Eerste Divisie,VVV-Venlo,Roda JC Kerkrade,VVV-Venlo,home,0.427,42.7,No read,,Board,0,0,won,✓,1,1,0.7082,VVV-Venlo,2-0,1-1,0,verified,,
2026-10-04,2026-10-04T15:00:00Z,2026-10-04T13:27:47Z,Football,Segunda División RFEF - Group 5,Atlético Tordesillas,Salamanca UDS,Atlético Tordesillas,home,0.4266,42.7,No read,,Board,0,0,won,✓,1,1,0.7015,Atlético Tordesillas,2-0,1-1,0,verified,celtic,
2026-10-04,2026-10-04T13:00:00Z,2026-10-04T11:09:11Z,Football,Women's Super League,Aston Villa,Crystal Palace,Aston Villa,home,0.4263,42.6,No read,,Board,0,0,won,✓,1,0,0.6966,Draw,1-1,1-1,1,verified,,
2026-10-04,2026-10-04T10:30:00Z,2026-10-03T10:30:05Z,Football,Serie D - Girone C,Triestina,FC Obermais,Triestina,home,0.4262,42.6,No read,,Board,0,0,won,✓,1,1,0.7085,Triestina,2-0,1-1,0,verified,celtic,
2026-10-04,2026-10-04T15:00:00Z,2026-10-04T13:27:47Z,Football,Segunda División RFEF - Group 1,Gernika,Sestao River,Gernika,home,0.4259,42.6,No read,,Board,0,0,lost,✗,0,0,0.729,Sestao River,1-2,1-1,0,verified,celtic,
2026-10-04,2026-10-04T11:00:00Z,2026-10-04T10:55:30Z,Football,NB III - Southeast,Dabas,Csepel,Csepel,away,0.4257,42.6,No read,,Board,0,0,lost,✗,0,0,0.682,Dabas,1-0,1-1,0,verified,,
2026-10-04,2026-10-04T13:00:00Z,2026-10-04T11:09:11Z,Football,Serie D - Girone D,Correggese,Pavia,Correggese,home,0.4256,42.6,No read,,Board,0,0,won,✓,1,1,0.4256,Correggese,2-1,1-0,0,verified,celtic,
2026-10-04,2026-10-04T10:00:00Z,2026-10-03T10:30:05Z,Football,Segunda División RFEF - Group 3,Intercity,Yeclano,Intercity,home,0.4249,42.5,No read,,Board,0,0,won,✓,1,0,0.7293,Draw,1-1,1-1,1,verified,celtic,
2026-10-04,2026-10-04T10:30:00Z,2026-10-03T10:30:05Z,Football,Tercera División RFEF - Group 14,Cabeza Buey,Villanovense,Cabeza Buey,home,0.4248,42.5,No read,,Board,0,0,lost,✗,0,0,0.4248,Draw,1-1,1-0,0,verified,,
2026-10-04,2026-10-04T12:00:00Z,2026-10-04T11:09:11Z,Football,2. Division - Group 2,Tromsdalen Uil,Levanger,Levanger,away,0.4245,42.4,No read,,Board,0,0,lost,✗,0,0,0.668,Tromsdalen Uil,4-2,1-1,0,verified,,
2026-10-04,2026-10-04T17:00:00Z,2026-10-04T13:27:47Z,Football,Tercera División RFEF - Group 9,Atlético Porcuna,Churriana Vega,Atlético Porcuna,home,0.4235,42.4,No read,,Board,0,0,lost,✗,0,0,0.709,Churriana Vega,2-3,1-1,0,verified,,
2026-10-04,2026-10-04T14:00:00Z,2026-10-04T13:27:47Z,Football,Torneo Federal A,Cipolletti,Sol de América,Cipolletti,home,0.4234,42.3,No read,,Board,0,0,won,✓,1,1,0.7185,Cipolletti,6-1,1-1,0,verified,,
2026-10-04,2026-10-04T13:00:00Z,2026-10-04T11:09:11Z,Football,Serie D - Girone C,Legnago Salus,Bassano Virtus,Legnago Salus,home,0.423,42.3,No read,,Board,0,0,lost,✗,0,0,0.7321,Bassano Virtus,0-2,1-1,0,verified,,
2026-10-04,2026-10-04T13:00:00Z,2026-10-04T11:09:11Z,Football,Serie D - Girone A,Derthona,Alessandria,Derthona,home,0.4222,42.2,No read,,Board,0,0,lost,✗,0,0,0.7037,Alessandria,1-3,1-1,0,verified,,
2026-10-04,2026-10-04T13:00:00Z,2026-10-04T11:09:11Z,Football,Serie D - Girone D,Crema,Città di Varese,Città di Varese,away,0.4221,42.2,No read,,Board,0,0,lost,✗,0,0,0.7286,Crema,3-2,1-1,0,verified,celtic,
2026-10-04,2026-10-04T09:00:00Z,2026-10-03T10:30:05Z,Football,NB III - Southeast,Honvéd II,III. Kerületi TUE,III. Kerületi TUE,away,0.4212,42.1,No read,,Board,0,0,lost,✗,0,0,0.7063,Honvéd II,1-0,1-1,0,verified,,
2026-10-04,2026-10-04T16:30:00Z,2026-10-04T13:27:47Z,Football,LaLiga 2,Las Palmas,Real Valladolid,Las Palmas,home,0.4202,42.0,No read,,Board,0,0,lost,✗,0,0,0.4202,Draw,2-2,1-0,0,verified,,
2026-10-04,2026-10-04T13:00:00Z,2026-10-04T11:09:11Z,Football,Serie D - Girone F,Montecchio Gallo,Notaresco,Montecchio Gallo,home,0.4196,42.0,No read,,Board,0,0,lost,✗,0,0,0.7242,Notaresco,0-1,1-1,0,verified,,
2026-10-04,2026-10-04T14:00:00Z,2026-10-04T13:27:47Z,Football,Division 2 - Norra Götaland,IF Karlstad II,Tord,IF Karlstad II,home,0.4182,41.8,No read,,Board,0,0,lost,✗,0,0,0.6952,Tord,1-3,1-1,0,verified,,
2026-10-04,2026-10-04T11:00:00Z,2026-10-04T10:55:30Z,Football,Ettan - Norra,Vasalund,Arlanda,Arlanda,away,0.4178,41.8,No read,,Board,0,0,won,✓,1,1,0.6644,Arlanda,1-4,1-1,0,verified,,
2026-10-04,2026-10-04T14:00:00Z,2026-10-04T13:27:47Z,Football,Ligue 2,Korba,EGS Gafsa,Korba,home,0.417,41.7,No read,,Board,0,0,won,✓,1,1,0.7551,Korba,3-0,0-0,0,verified,,
2026-10-04,2026-10-04T15:30:00Z,2026-10-04T13:27:47Z,Football,Tercera División RFEF - Group 4,R. Union B,San Ignacio,R. Union B,home,0.4163,41.6,No read,,Board,0,0,lost,✗,0,0,0.7065,San Ignacio,0-3,1-1,0,verified,,
2026-10-04,2026-10-04T11:00:00Z,2026-10-04T10:55:30Z,Football,NB III - Northwest,1908 SZAC,SC Sopron,SC Sopron,away,0.4161,41.6,No read,,Board,0,0,won,✓,1,1,0.6818,SC Sopron,0-3,1-1,0,verified,,
2026-10-04,2026-10-04T17:00:00Z,2026-10-04T13:27:47Z,Football,NWSL,Gotham,Angel City,Gotham,home,0.4155,41.5,No read,,Board,0,0,won,✓,1,0,0.7214,Draw,1-1,1-1,1,verified,,
2026-10-04,2026-10-04T13:30:00Z,2026-10-04T13:27:47Z,Football,Serie D - Girone H,Gravina,Virtus Francavilla,Gravina,home,0.4153,41.5,No read,,Board,0,0,won,✓,1,1,0.6995,Gravina,4-2,1-1,0,verified,,
2026-10-04,2026-10-04T08:30:00Z,2026-10-03T10:30:05Z,Football,3. liga - West,Trenčín II,Nitra,Nitra,away,0.4151,41.5,No read,,Board,0,0,won,✓,1,1,0.6428,Nitra,2-4,1-1,0,verified,,
2026-10-04,2026-10-04T14:00:00Z,2026-10-04T13:27:47Z,Football,2. Division - Group 1,Brattvåg,Sotra,Brattvåg,home,0.4136,41.4,No read,,Board,0,0,won,✓,1,1,0.66,Brattvåg,3-2,1-1,0,verified,,
2026-10-04,2026-10-04T13:00:00Z,2026-10-04T11:09:11Z,Football,3. liga - East,Raslavice,Spišská Nová Ves,Spišská Nová Ves,away,0.4133,41.3,No read,,Board,0,0,lost,✗,0,0,0.6806,Raslavice,2-1,1-1,0,verified,,
2026-10-04,2026-10-04T18:00:00Z,2026-10-04T13:27:47Z,Football,Primera C,Puerto Nuevo,JJ Urquiza,Puerto Nuevo,home,0.4129,41.3,No read,,Board,0,0,lost,✗,0,0,0.759,JJ Urquiza,1-4,0-0,0,verified,,
2026-10-04,2026-10-04T13:00:00Z,2026-10-04T11:09:11Z,Football,Serie D - Girone E,Ternana,Montevarchi Calcio,Ternana,home,0.4127,41.3,No read,,Board,0,0,won,✓,1,1,0.4127,Ternana,4-1,1-0,0,verified,,
2026-10-04,2026-10-04T12:00:00Z,2026-10-04T11:09:11Z,Football,Serie D - Girone G,Afragolese,Ossese,Afragolese,home,0.4123,41.2,No read,,Board,0,0,lost,✗,0,0,0.6979,Ossese,0-2,1-1,0,verified,celtic,
2026-10-04,2026-10-04T10:00:00Z,2026-10-03T10:30:05Z,Football,Segunda División RFEF - Group 5,Real Valladolid II,Calvo Sotelo,Real Valladolid II,home,0.4123,41.2,No read,,Board,0,0,won,✓,1,1,0.6835,Real Valladolid II,3-0,1-1,0,verified,celtic,
2026-10-04,2026-10-04T10:00:00Z,2026-10-03T10:30:05Z,Football,Tercera División RFEF - Group 2,Praviano,Caudal,Caudal,away,0.4115,41.1,No read,,Board,0,0,won,✓,1,0,0.694,Draw,1-1,1-1,1,verified,,
2026-10-04,2026-10-04T12:00:00Z,2026-10-04T11:09:11Z,Football,2. Lig,Adana 01 FK,12 Bingölspor,Adana 01 FK,home,0.4114,41.1,No read,,Board,0,0,won,✓,1,1,0.668,Adana 01 FK,1-0,1-1,0,verified,celtic,
2026-10-04,2026-10-04T13:00:00Z,2026-10-04T11:09:11Z,Football,Serie D - Girone D,Varesina,Pro Patria,Varesina,home,0.4109,41.1,No read,,Board,0,0,won,✓,1,0,0.686,Draw,0-0,1-1,1,verified,celtic,
2026-10-04,2026-10-04T16:00:00Z,2026-10-04T13:27:47Z,Football,Tercera División RFEF - Group 13,Olímpico Totana,UCAM Murcia II,Olímpico Totana,home,0.4109,41.1,No read,,Board,0,0,won,✓,1,1,0.7019,Olímpico Totana,1-0,1-1,0,verified,,
2026-10-04,2026-10-04T10:00:00Z,2026-10-03T10:30:05Z,Football,Division 2 - Södra Svealand,Nacka Iliria,Karlslund,Nacka Iliria,home,0.4109,41.1,No read,,Board,0,0,lost,✗,0,0,0.6664,Karlslund,1-4,1-1,0,verified,celtic,
2026-10-04,2026-10-04T13:00:00Z,2026-10-04T11:09:11Z,Football,Serie D - Girone D,Sant'Angelo,Castellanzese,Castellanzese,away,0.4108,41.1,No read,,Board,0,0,won,✓,1,1,0.7056,Castellanzese,1-2,1-1,0,verified,celtic,
2026-10-04,2026-10-04T18:45:00Z,2026-10-04T13:27:47Z,Football,UEFA Nations League,Wales,Denmark,Denmark,away,0.4095,40.9,No read,,Board,0,0,won,✓,1,1,0.6928,Denmark,0-1,1-1,0,verified,,
2026-10-04,2026-10-04T16:30:00Z,2026-10-04T13:27:47Z,Football,Tercera División RFEF - Group 9,Atletico de Marbella,Ciudad de Torredonjimeno,Atletico de Marbella,home,0.4087,40.9,No read,,Board,0,0,lost,✗,0,0,0.4087,Ciudad de Torredonjimeno,0-1,1-0,0,verified,,
2026-10-04,2026-10-04T19:00:00Z,2026-10-04T13:27:47Z,Football,LaLiga 2,Girona,Mallorca,Girona,home,0.4084,40.8,No read,,Board,0,0,won,✓,1,0,0.7081,Draw,0-0,1-1,1,verified,celtic,
2026-10-04,2026-10-04T17:30:00Z,2026-10-04T13:27:47Z,Football,Liga F,Valencia,Real Sociedad,Valencia,home,0.4083,40.8,No read,,Board,0,0,lost,✗,0,0,0.6807,Real Sociedad,0-1,1-1,0,verified,,
2026-10-04,2026-10-04T20:00:00Z,2026-10-04T13:27:47Z,Football,Torneo Federal A,Gimnasia Chivilcoy,Olimpo Bahia Blanca,Draw,draw,0.4081,40.8,No read,,Board,0,0,lost,✗,0,0,0.4081,Olimpo Bahia Blanca,1-2,0-0,0,verified,,
2026-10-04,2026-10-04T10:00:00Z,2026-10-03T10:30:05Z,Football,Tercera División RFEF - Group 18,Socuéllamos,Guadalajara II,Socuéllamos,home,0.4074,40.7,No read,,Board,0,0,won,✓,1,0,0.7375,Draw,2-2,0-0,1,verified,celtic,
2026-10-04,2026-10-04T13:00:00Z,2026-10-04T11:09:11Z,Football,Serie D - Girone I,Vigor Lamezia,CastrumFavara,Vigor Lamezia,home,0.4072,40.7,No read,,Board,0,0,won,✓,1,1,0.7042,Vigor Lamezia,2-0,1-1,0,verified,,
2026-10-04,2026-10-04T15:00:00Z,2026-10-04T13:27:47Z,Football,Tercera División RFEF - Group 4,Amurrio Club,Leioa,Leioa,away,0.4072,40.7,No read,,Board,0,0,won,✓,1,1,0.7012,Leioa,0-5,1-1,0,verified,,
2026-10-04,2026-10-04T13:00:00Z,2026-10-04T11:09:11Z,Football,Gamma Ethniki - Group 3,Eordaikos,Doxa Mascholouriou,Eordaikos,home,0.4069,40.7,No read,,Board,0,0,won,✓,1,1,0.4069,Eordaikos,2-0,1-0,0,verified,celtic,
2026-10-04,2026-10-04T12:30:00Z,2026-10-04T11:09:11Z,Football,1. Liga Classic - Group 2,Delémont,Grasshopper II,Delémont,home,0.4064,40.6,No read,,Board,0,0,lost,✗,0,0,0.6684,Grasshopper II,0-2,1-1,0,verified,,
2026-10-04,2026-10-04T13:00:00Z,2026-10-04T11:09:11Z,Football,Serie D - Girone E,San Donato Tavarnelle,Mezzolara,San Donato Tavarnelle,home,0.4063,40.6,No read,,Board,0,0,won,✓,1,0,0.7363,Draw,1-1,0-0,1,verified,,
2026-10-04,2026-10-04T14:00:00Z,2026-10-04T13:27:47Z,Football,2. Division - Group 2,Trygg/Lade,Junkeren,Junkeren,away,0.4053,40.5,No read,,Board,0,0,won,✓,1,1,0.657,Junkeren,1-2,1-1,0,verified,,
2026-10-04,2026-10-04T12:00:00Z,2026-10-04T11:09:11Z,Football,Regionalliga - West,Sportfreunde Siegen,Borussia Dortmund II,Sportfreunde Siegen,home,0.4052,40.5,No read,,Board,0,0,lost,✗,0,0,0.6722,Borussia Dortmund II,1-3,1-1,0,verified,,
2026-10-04,2026-10-04T13:00:00Z,2026-10-04T11:09:11Z,Football,Gamma Ethniki - Group 3,Thyella Katsikas,PAS Giannina,Thyella Katsikas,home,0.4051,40.5,No read,,Board,0,0,won,✓,1,0,0.6935,Draw,1-1,1-1,1,verified,,
2026-10-04,2026-10-04T16:00:00Z,2026-10-04T13:27:47Z,Football,Segunda División RFEF - Group 3,Orihuela,Cieza,Cieza,away,0.4046,40.5,No read,,Board,0,0,won,✓,1,1,0.6948,Cieza,0-4,1-1,0,verified,celtic,
2026-10-04,2026-10-04T20:00:00Z,2026-10-04T13:27:47Z,Football,CONCACAF Nations League,Turks and Caicos Islands,British Virgin Islands,Turks and Caicos Islands,home,0.4042,40.4,No read,,Board,0,0,won,✓,1,1,0.6545,Turks and Caicos Islands,3-0,1-1,0,verified,,
2026-10-04,2026-10-04T13:00:00Z,2026-10-04T11:09:11Z,Football,2. Division - Group 1,Sandviken,Arendal,Sandviken,home,0.404,40.4,No read,,Board,0,0,won,✓,1,1,0.6404,Sandviken,1-0,1-1,0,verified,,
2026-10-04,2026-10-04T19:30:00Z,2026-10-04T13:27:47Z,Football,Segunda División,Zamora FC B,Yaracuyanos,Zamora FC B,home,0.4027,40.3,No read,,Board,0,0,lost,✗,0,0,0.6957,Yaracuyanos,1-4,1-1,0,verified,,
2026-10-04,2026-10-04T13:00:00Z,2026-10-04T11:09:11Z,Football,Serie D - Girone A,Borgosesia,Sestri Levante,Borgosesia,home,0.4027,40.3,No read,,Board,0,0,lost,✗,0,0,0.6891,Sestri Levante,0-1,1-1,0,verified,,
2026-10-04,2026-10-04T10:00:00Z,2026-10-03T10:30:05Z,Football,Tercera División RFEF - Group 13,Águilas II,Unión Molinense,Águilas II,home,0.4026,40.3,No read,,Board,0,0,won,✓,1,0,0.6824,Draw,1-1,1-1,1,verified,,
2026-10-04,2026-10-04T12:00:00Z,2026-10-04T11:09:11Z,Football,2. Lig,Kastamonuspor,Arnavutköy Belediyespor,Kastamonuspor,home,0.4024,40.2,No read,,Board,0,0,won,✓,1,1,0.7045,Kastamonuspor,2-1,1-1,0,verified,,
2026-10-04,2026-10-04T09:00:00Z,2026-10-03T10:30:05Z,Football,Segunda División RFEF - Group 3,Deportiva Minera,La Nucía,La Nucía,away,0.4021,40.2,No read,,Board,0,0,lost,✗,0,0,0.6998,Deportiva Minera,2-0,1-1,0,verified,celtic,
2026-10-04,2026-10-04T15:30:00Z,2026-10-04T13:27:47Z,Football,Serie C - Girone A,Dolomiti Bellunesi,Novara,Dolomiti Bellunesi,home,0.4008,40.1,No read,,Board,0,0,lost,✗,0,0,0.7182,Novara,1-2,1-1,0,verified,,
2026-10-04,2026-10-04T13:00:00Z,2026-10-04T11:09:11Z,Football,Women's Super League,West Ham United,Chelsea,Chelsea,away,0.4,40.0,No read,,Board,0,0,won,✓,1,1,0.684,Chelsea,0-3,1-1,0,verified,,
2026-10-04,2026-10-04T13:00:00Z,2026-10-04T11:09:11Z,Football,Gamma Ethniki - Group 4,Sarakinos,Pierikos,Sarakinos,home,0.3993,39.9,No read,,Board,0,0,won,✓,1,1,0.6875,Sarakinos,1-0,1-1,0,verified,celtic,
2026-10-04,2026-10-04T14:00:00Z,2026-10-04T13:27:47Z,Football,Serie D - Girone G,Budoni,Monastir,Budoni,home,0.3991,39.9,No read,,Board,0,0,lost,✗,0,0,0.6771,Monastir,1-5,1-1,0,verified,,
2026-10-04,2026-10-04T13:00:00Z,2026-10-04T11:09:11Z,Football,Serie D - Girone I,Vibonese,Digiesse PraiaTortora,Vibonese,home,0.3991,39.9,No read,,Board,0,0,won,✓,1,1,0.6969,Vibonese,2-0,1-1,0,verified,,
2026-10-04,2026-10-04T02:00:00Z,2026-10-03T10:30:05Z,Football,CONCACAF Nations League,Belize,French Guiana,French Guiana,away,0.3982,39.8,No read,,Board,0,0,won,✓,1,1,0.6867,French Guiana,0-2,1-1,0,verified,,
2026-10-04,2026-10-04T10:00:00Z,2026-10-03T10:30:05Z,Football,Tercera División RFEF - Group 7,Colonia Moscardó,Pozuelo Alarcón,Colonia Moscardó,home,0.398,39.8,No read,,Board,0,0,won,✓,1,1,0.6865,Colonia Moscardó,5-1,1-1,0,verified,celtic,
2026-10-04,2026-10-04T16:00:00Z,2026-10-04T13:27:47Z,Football,Tercera División RFEF - Group 15,Cirbonero,Mutilvera,Cirbonero,home,0.3976,39.8,No read,,Board,0,0,lost,✗,0,0,0.7051,Mutilvera,0-4,1-1,0,verified,celtic,
2026-10-04,2026-10-04T16:00:00Z,2026-10-04T13:27:47Z,Football,Prva Liga,Jedinstvo Ub,Dubočica,Jedinstvo Ub,home,0.3975,39.8,No read,,Board,0,0,won,✓,1,0,0.6908,Draw,0-0,1-1,1,verified,,
2026-10-04,2026-10-04T10:30:00Z,2026-10-03T10:30:05Z,Football,Serie C - Girone A,Lecco,Union Brescia,Union Brescia,away,0.3971,39.7,No read,,Board,0,0,won,✓,1,0,0.7374,Draw,2-2,0-0,1,verified,,
2026-10-04,2026-10-04T09:30:00Z,2026-10-03T10:30:05Z,Football,Persha Liga,Kolos Kovalivka II,Oleksandria,Kolos Kovalivka II,home,0.3965,39.6,No read,,Board,0,0,lost,✗,0,0,0.7013,Oleksandria,0-2,1-1,0,verified,celtic,
2026-10-04,2026-10-04T10:00:00Z,2026-10-03T10:30:05Z,Football,Tercera División RFEF - Group 4,Eibar III,Real Sociedad III,Eibar III,home,0.3947,39.5,No read,,Board,0,0,lost,✗,0,0,0.6608,Real Sociedad III,2-3,1-1,0,verified,,
2026-10-04,2026-10-04T19:30:00Z,2026-10-04T13:27:47Z,Football,Segunda División,Mineros de Guyana,Petare,Petare,away,0.3935,39.4,No read,,Board,0,0,lost,✗,0,0,0.7305,Mineros de Guyana,3-2,0-0,0,verified,,
2026-10-04,2026-10-04T14:30:00Z,2026-10-04T13:27:47Z,Football,Azadegan League,Shenavarsazi Qeshm,Mes Soongoun,Shenavarsazi Qeshm,home,0.3932,39.3,No read,,Board,0,0,won,✓,1,1,0.7694,Shenavarsazi Qeshm,1-0,0-0,0,verified,,
2026-10-04,2026-10-04T13:00:00Z,2026-10-04T11:09:11Z,Football,3. liga - East,Snina,Slávia TU Košice,Slávia TU Košice,away,0.3916,39.2,No read,,Board,0,0,won,✓,1,0,0.667,Draw,3-3,1-1,1,verified,,
2026-10-04,2026-10-04T15:30:00Z,2026-10-04T13:27:47Z,Football,Azadegan League,Naft Masjed Soleyman,Fard Alborz,Draw,draw,0.3914,39.1,No read,,Board,0,0,lost,✗,0,0,0.3914,Naft Masjed Soleyman,1-0,0-0,0,verified,,
2026-10-04,2026-10-04T04:00:00Z,2026-10-03T10:30:05Z,Football,Second League A - Division A Gold,Dinamo Vladivostok,Volgar Astrakhan,Dinamo Vladivostok,home,0.3912,39.1,No read,,Board,0,0,won,✓,1,0,0.7156,Draw,0-0,0-0,1,verified,,
2026-10-04,2026-10-04T08:30:00Z,2026-10-03T10:30:05Z,Football,Liga 2,Barito Putera,Persela Lamongan,Barito Putera,home,0.3911,39.1,No read,,Board,0,0,lost,✗,0,0,0.6953,Persela Lamongan,0-1,1-1,0,verified,,
2026-10-04,2026-10-04T16:00:00Z,2026-10-04T13:27:47Z,Football,Tercera División RFEF - Group 6,Buñol,Torrent,Buñol,home,0.3911,39.1,No read,,Board,0,0,lost,✗,0,0,0.6844,Torrent,0-1,1-1,0,verified,celtic,
2026-10-04,2026-10-04T12:00:00Z,2026-10-04T11:09:11Z,Football,Prva Liga,OFK Vršac,Metalac GM,OFK Vršac,home,0.3902,39.0,No read,,Board,0,0,won,✓,1,0,0.7182,Draw,0-0,0-0,1,verified,celtic,
2026-10-04,2026-10-04T13:00:00Z,2026-10-04T11:09:11Z,Football,Serie D - Girone C,Este,Conegliano,Este,home,0.3901,39.0,No read,,Board,0,0,won,✓,1,1,0.7569,Este,2-1,0-0,0,verified,,
2026-10-04,2026-10-04T15:00:00Z,2026-10-04T13:27:47Z,Football,Tercera División RFEF - Group 9,Cantoria,Almería II,Cantoria,home,0.3894,38.9,No read,,Board,0,0,won,✓,1,0,0.7006,Draw,1-1,1-1,1,verified,celtic,
2026-10-04,2026-10-04T09:45:00Z,2026-10-03T10:30:05Z,Football,Tercera División RFEF - Group 7,Móstoles,Leganés II,Móstoles,home,0.389,38.9,No read,,Board,0,0,won,✓,1,0,0.6762,Draw,1-1,1-1,1,verified,,
2026-10-04,2026-10-04T18:30:00Z,2026-10-04T13:27:47Z,Football,Primera Nacional,San Telmo,Almirante Brown,Draw,draw,0.388,38.8,No read,,Board,0,0,lost,✗,0,0,0.388,San Telmo,3-2,0-0,0,verified,,
2026-10-04,2026-10-04T13:00:00Z,2026-10-04T11:09:11Z,Football,Ligue A,Bumamuru,Flambeau du Centre,Bumamuru,home,0.3879,38.8,No read,,Board,0,0,lost,✗,0,0,0.6961,Flambeau du Centre,0-1,1-1,0,verified,,
2026-10-04,2026-10-04T13:00:00Z,2026-10-04T11:09:11Z,Football,Serie D - Girone E,Sasso Marconi Zola,Scandicci,Scandicci,away,0.3877,38.8,No read,,Board,0,0,won,✓,1,1,0.7006,Scandicci,0-2,1-1,0,verified,celtic,
2026-10-04,2026-10-04T16:00:00Z,2026-10-04T13:27:47Z,Football,Tercera División RFEF - Group 13,Cotillas,Bala Azul,Cotillas,home,0.3862,38.6,No read,,Board,0,0,won,✓,1,1,0.6973,Cotillas,2-1,1-1,0,verified,,
2026-10-04,2026-10-04T20:20:00Z,2026-10-04T13:27:47Z,Football,Primera Nacional,Chaco For Ever,Defensores De Belgrano,Chaco For Ever,home,0.3848,38.5,No read,,Board,0,0,won,✓,1,0,0.7469,Draw,2-2,0-0,1,verified,,
2026-10-04,2026-10-04T09:30:00Z,2026-10-03T10:30:05Z,Football,Tercera División RFEF - Group 7,Torrejón,Unión Adarve,Torrejón,home,0.3846,38.5,No read,,Board,0,0,won,✓,1,1,0.6744,Torrejón,4-0,1-1,0,verified,,
2026-10-04,2026-10-04T15:30:00Z,2026-10-04T13:27:47Z,Football,Tercera División RFEF - Group 1,Barco,Pontevedra II,Barco,home,0.3843,38.4,No read,,Board,0,0,won,✓,1,1,0.6757,Barco,1-0,1-1,0,verified,,
2026-10-04,2026-10-04T18:00:00Z,2026-10-04T13:27:47Z,Football,Primera B Metropolitana,Sportivo Italiano,Talleres Remedios,Sportivo Italiano,home,0.382,38.2,No read,,Board,0,0,won,✓,1,1,0.7318,Sportivo Italiano,2-0,0-0,0,verified,celtic,
2026-10-04,2026-10-04T19:30:00Z,2026-10-04T13:27:47Z,Football,Segunda División,Atletico Avila,Dinamo de Puerto La Cruz,Dinamo de Puerto La Cruz,away,0.3813,38.1,No read,,Board,0,0,won,✓,1,1,0.7516,Dinamo de Puerto La Cruz,1-2,0-0,0,verified,,
2026-10-04,2026-10-04T10:00:00Z,2026-10-03T10:30:05Z,Football,Liga F,Granada,Eibar,Granada,home,0.3813,38.1,No read,,Board,0,0,won,✓,1,0,0.6764,Draw,0-0,1-1,1,verified,,
2026-10-04,2026-10-04T13:00:00Z,2026-10-04T11:09:11Z,Football,Serie D - Girone E,Ghivizzano Borgo Mozzano,Tau Altopascio,Tau Altopascio,away,0.3808,38.1,No read,,Board,0,0,won,✓,1,1,0.661,Tau Altopascio,0-1,1-1,0,verified,,
2026-10-04,2026-10-04T15:00:00Z,2026-10-04T13:27:47Z,Football,Segunda División RFEF - Group 2,Barbastro,Utebo,Barbastro,home,0.3797,38.0,No read,,Board,0,0,won,✓,1,0,0.6898,Draw,1-1,1-1,1,verified,celtic,
2026-10-04,2026-10-04T13:00:00Z,2026-10-04T11:09:11Z,Football,Serie D - Girone B,Caldiero Terme,Nibbiano & Valtidone,Caldiero Terme,home,0.3795,38.0,No read,,Board,0,0,won,✓,1,1,0.6707,Caldiero Terme,1-0,1-1,0,verified,,
2026-10-04,2026-10-04T09:00:00Z,2026-10-03T10:30:05Z,Football,Oberliga - Bayern Süd,Hankofen-Hailing,Landshut,Hankofen-Hailing,home,0.3793,37.9,No read,,Board,0,0,won,✓,1,1,0.6532,Hankofen-Hailing,2-1,1-1,0,verified,,
2026-10-04,2026-10-04T13:30:00Z,2026-10-04T13:27:47Z,Football,Serie D - Girone H,Manfredonia,Bisceglie,Manfredonia,home,0.3791,37.9,No read,,Board,0,0,won,✓,1,1,0.6791,Manfredonia,1-0,1-1,0,verified,,
2026-10-04,2026-10-04T10:00:00Z,2026-10-03T10:30:05Z,Football,Tercera División RFEF - Group 9,UD San Pedro,Motril,Motril,away,0.3785,37.9,No read,,Board,0,0,won,✓,1,1,0.6925,Motril,2-3,1-1,0,verified,,
2026-10-04,2026-10-04T10:00:00Z,2026-10-03T10:30:05Z,Football,Tercera División RFEF - Group 18,Huracán Balazote,San Clemente,Huracán Balazote,home,0.3783,37.8,No read,,Board,0,0,lost,✗,0,0,0.6908,San Clemente,3-5,1-1,0,verified,,
2026-10-04,2026-10-04T14:00:00Z,2026-10-04T13:27:47Z,Football,Division 2 - Södra Svealand,Örebro Syrianska,Haninge,Örebro Syrianska,home,0.3783,37.8,No read,,Board,0,0,won,✓,1,0,0.6247,Draw,2-2,1-1,1,verified,celtic,
2026-10-04,2026-10-04T16:15:00Z,2026-10-04T13:27:47Z,Football,Tercera División RFEF - Group 5,Vilassar Mar,Europa II,Vilassar Mar,home,0.3775,37.8,No read,,Board,0,0,lost,✗,0,0,0.6782,Europa II,1-6,1-1,0,verified,,
2026-10-04,2026-10-04T10:00:00Z,2026-10-03T10:30:05Z,Football,Liga F,CD Tenerife,Dux Logroño,CD Tenerife,home,0.3775,37.8,No read,,Board,0,0,won,✓,1,1,0.6727,CD Tenerife,2-1,1-1,0,verified,,
2026-10-04,2026-10-04T00:00:00Z,2026-10-03T10:30:05Z,Football,USL Championship,FC Tulsa,Sacramento Republic,FC Tulsa,home,0.377,37.7,No read,,Board,0,0,won,✓,1,0,0.7103,Draw,1-1,0-0,1,verified,,
2026-10-04,2026-10-04T13:00:00Z,2026-10-04T11:09:11Z,Football,Serie D - Girone E,Robur Siena,Seravezza,Robur Siena,home,0.3766,37.7,No read,,Board,0,0,won,✓,1,1,0.6652,Robur Siena,2-1,1-1,0,verified,,
2026-10-04,2026-10-04T13:00:00Z,2026-10-04T11:09:11Z,Football,Segunda División,Colón,Oriental,Colón,home,0.3763,37.6,No read,,Board,0,0,won,✓,1,0,0.6894,Draw,0-0,1-1,1,verified,,
2026-10-04,2026-10-04T14:00:00Z,2026-10-04T13:27:47Z,Football,Campeonato de Portugal Prio - Group D,Lajense,Juventude Évora,Juventude Évora,away,0.3763,37.6,No read,,Board,0,0,lost,✗,0,0,0.6589,Lajense,2-0,1-1,0,verified,celtic,
2026-10-04,2026-10-04T04:00:00Z,2026-10-03T10:30:05Z,Football,J2 League,Consadole Sapporo,Iwaki,Consadole Sapporo,home,0.3762,37.6,No read,,Board,0,0,won,✓,1,1,0.6368,Consadole Sapporo,2-1,1-1,0,verified,,
2026-10-04,2026-10-04T15:30:00Z,2026-10-04T13:27:47Z,Football,Azadegan League,Shahin Bandar Ameri,Saipa,Saipa,away,0.3758,37.6,No read,,Board,0,0,lost,✗,0,0,0.7376,Shahin Bandar Ameri,2-0,0-0,0,verified,,
2026-10-04,2026-10-04T18:30:00Z,2026-10-04T13:27:47Z,Football,Serie C - Girone A,Alcione,Trento,Trento,away,0.3749,37.5,No read,,Board,0,0,won,✓,1,0,0.6831,Draw,2-2,1-1,1,verified,,
2026-10-04,2026-10-04T10:00:00Z,2026-10-03T10:30:05Z,Football,Segunda División RFEF - Group 4,Sanluqueño,Mijas Las Lagunas,Sanluqueño,home,0.3745,37.5,No read,,Board,0,0,won,✓,1,0,0.665,Draw,2-2,1-1,1,verified,celtic,
2026-10-04,2026-10-04T13:00:00Z,2026-10-04T11:09:11Z,Football,Serie D - Girone D,Pontedera,Cittadella Vis Modena,Cittadella Vis Modena,away,0.3729,37.3,No read,,Board,0,0,won,✓,1,1,0.6967,Cittadella Vis Modena,0-3,1-1,0,verified,,
2026-10-04,2026-10-04T10:00:00Z,2026-10-03T10:30:05Z,Football,Tercera División RFEF - Group 9,Alhaurino,Melilla,Melilla,away,0.3726,37.3,No read,,Board,0,0,won,✓,1,1,0.6802,Melilla,1-2,1-1,0,verified,celtic,
2026-10-04,2026-10-04T13:00:00Z,2026-10-04T11:09:11Z,Football,Second League A - Division A Gold,Mashuk-KMV,Dinamo Kirov,Mashuk-KMV,home,0.372,37.2,No read,,Board,0,0,won,✓,1,0,0.7079,Draw,1-1,0-0,1,verified,,
2026-10-04,2026-10-04T14:00:00Z,2026-10-04T13:27:47Z,Football,Ligue 2,Redeyef,Bouchamma,Bouchamma,away,0.3713,37.1,No read,,Board,0,0,lost,✗,0,0,0.654,Redeyef,3-0,1-1,0,verified,,
2026-10-04,2026-10-04T10:00:00Z,2026-10-03T10:30:05Z,Football,Segunda División RFEF - Group 4,Xerez,Tenerife II,Xerez,home,0.3713,37.1,No read,,Board,0,0,won,✓,1,1,0.6978,Xerez,2-1,0-0,0,verified,celtic,
2026-10-04,2026-10-04T16:00:00Z,2026-10-04T13:27:47Z,Football,Tercera División RFEF - Group 1,Estradense,Boiro,Boiro,away,0.3712,37.1,No read,,Board,0,0,lost,✗,0,0,0.672,Estradense,3-2,1-1,0,verified,,
2026-10-04,2026-10-04T15:00:00Z,2026-10-04T13:27:47Z,Football,Tercera División RFEF - Group 16,Pradejón,Berceo,Berceo,away,0.3698,37.0,No read,,Board,0,0,won,✓,1,1,0.655,Berceo,1-2,1-1,0,verified,,
2026-10-04,2026-10-04T14:00:00Z,2026-10-04T13:27:47Z,Football,Serie D - Girone I,Licata,Sambiase,Sambiase,away,0.3689,36.9,No read,,Board,0,0,lost,✗,0,0,0.6866,Licata,2-1,1-1,0,verified,,
2026-10-04,2026-10-04T13:00:00Z,2026-10-04T11:09:11Z,Football,Serie D - Girone I,Gela,AC Palermo,Gela,home,0.3688,36.9,No read,,Board,0,0,won,✓,1,0,0.6491,Draw,0-0,1-1,1,verified,,
2026-10-04,2026-10-04T04:00:00Z,2026-10-03T10:30:05Z,Football,J2 League,Vanraure Hachinohe,Yokohama,Yokohama,away,0.3684,36.8,No read,,Board,0,0,won,✓,1,1,0.6851,Yokohama,0-2,1-1,0,verified,celtic,
2026-10-04,2026-10-04T23:00:00Z,2026-10-04T22:26:55Z,Football,NWSL,Houston Dash,Washington Spirit,Washington Spirit,away,0.3683,36.8,No read,,Board,0,0,won,✓,1,1,0.6768,Washington Spirit,2-3,1-1,0,verified,,
2026-10-04,2026-10-04T16:00:00Z,2026-10-04T13:27:47Z,Football,Segunda División RFEF - Group 2,Tudelano,Barcelona B,Barcelona B,away,0.3682,36.8,No read,,Board,0,0,won,✓,1,1,0.6429,Barcelona B,1-2,1-1,0,verified,celtic,
2026-10-04,2026-10-04T15:00:00Z,2026-10-04T13:27:47Z,Football,Tercera División RFEF - Group 5,Atlètic Lleida,Pobla Mafumet,Pobla Mafumet,away,0.3679,36.8,No read,,Board,0,0,won,✓,1,0,0.6546,Draw,1-1,1-1,1,verified,celtic,
2026-10-04,2026-10-04T12:00:00Z,2026-10-04T11:09:11Z,Football,2. Lig,İskenderunspor,24 Erzincanspor,24 Erzincanspor,away,0.3678,36.8,No read,,Board,0,0,won,✓,1,1,0.6491,24 Erzincanspor,2-3,1-1,0,verified,,
2026-10-04,2026-10-04T21:30:00Z,2026-10-04T13:27:47Z,Football,Primera Nacional,San Martin Tucuman,Gimnasia Y Tiro,San Martin Tucuman,home,0.3675,36.8,No read,,Board,0,0,won,✓,1,1,0.7014,San Martin Tucuman,1-0,0-0,0,verified,,
2026-10-04,2026-10-04T19:30:00Z,2026-10-04T13:27:47Z,Football,Primera Nacional,Central Norte,Racing Cordoba,Central Norte,home,0.3673,36.7,No read,,Board,0,0,won,✓,1,0,0.7203,Draw,1-1,0-0,1,verified,,
2026-10-04,2026-10-04T15:00:00Z,2026-10-04T13:27:47Z,Football,Tercera División RFEF - Group 17,Andorra,Ejea,Andorra,home,0.3667,36.7,No read,,Board,0,0,lost,✗,0,0,0.6734,Ejea,1-3,1-1,0,verified,celtic,
2026-10-04,2026-10-04T10:00:00Z,2026-10-03T10:30:05Z,Football,J2 League,Tegevajaro Miyazaki,Omiya Ardija,Omiya Ardija,away,0.3665,36.6,No read,,Board,0,0,won,✓,1,0,0.6432,Draw,1-1,1-1,1,verified,celtic,
2026-10-04,2026-10-04T18:00:00Z,2026-10-04T13:27:47Z,Football,Primera Nacional,Agropecuario,Midland,Midland,away,0.366,36.6,No read,,Board,0,0,won,✓,1,0,0.7043,Draw,0-0,0-0,1,verified,celtic,
2026-10-04,2026-10-04T16:00:00Z,2026-10-04T13:27:47Z,Football,Primera División,Boston River,Juventud,Boston River,home,0.366,36.6,No read,,Board,0,0,won,✓,1,0,0.6656,Draw,0-0,1-1,1,verified,,
2026-10-04,2026-10-04T15:00:00Z,2026-10-04T13:27:47Z,Football,Tercera División RFEF - Group 1,Somozas,Sarriana,Somozas,home,0.3656,36.6,No read,,Board,0,0,won,✓,1,1,0.689,Somozas,2-1,1-1,0,verified,celtic,
2026-10-04,2026-10-04T15:00:00Z,2026-10-04T13:27:47Z,Football,Tercera División RFEF - Group 17,La Almunia,Cuarte,Cuarte,away,0.3655,36.5,No read,,Board,0,0,won,✓,1,1,0.6816,Cuarte,1-3,1-1,0,verified,,
2026-10-04,2026-10-04T15:30:00Z,2026-10-04T13:27:47Z,Football,Tercera División RFEF - Group 17,Caspe,Épila,Caspe,home,0.365,36.5,No read,,Board,0,0,won,✓,1,1,0.7224,Caspe,3-2,0-0,0,verified,,
2026-10-04,2026-10-04T13:00:00Z,2026-10-04T11:09:11Z,Football,Serie D - Girone H,Fidelis Andria,Real Forio 2014,Fidelis Andria,home,0.3648,36.5,No read,,Board,0,0,won,✓,1,1,0.6809,Fidelis Andria,2-1,1-1,0,verified,,
2026-10-04,2026-10-04T22:30:00Z,2026-10-04T22:26:55Z,Football,Primera División,Racing (Montevideo),Peñarol,Peñarol,away,0.3647,36.5,No read,,Board,0,0,won,✓,1,1,0.6795,Peñarol,0-1,1-1,0,verified,,
2026-10-04,2026-10-04T09:30:00Z,2026-10-03T10:30:05Z,Football,Segunda División RFEF - Group 3,Valencia II,Peña Deportiva,Valencia II,home,0.3645,36.4,No read,,Board,0,0,won,✓,1,1,0.6561,Valencia II,3-2,1-1,0,verified,celtic,
2026-10-04,2026-10-04T13:00:00Z,2026-10-04T11:09:11Z,Football,Serie D - Girone H,Gladiator,Turris,Gladiator,home,0.3643,36.4,No read,,Board,0,0,won,✓,1,0,0.6656,Draw,1-1,1-1,1,verified,,
2026-10-04,2026-10-04T15:00:00Z,2026-10-04T13:27:47Z,Football,Segunda División RFEF - Group 2,Reddis,Manresa,Reddis,home,0.3643,36.4,No read,,Board,0,0,lost,✗,0,0,0.6635,Manresa,1-4,1-1,0,verified,celtic,
2026-10-04,2026-10-04T15:00:00Z,2026-10-04T13:27:47Z,Football,Tercera División RFEF - Group 8,Bembibre,La Virgen del Camino,Bembibre,home,0.364,36.4,No read,,Board,0,0,won,✓,1,1,0.6649,Bembibre,2-0,1-1,0,verified,,
2026-10-04,2026-10-04T13:00:00Z,2026-10-04T11:09:11Z,Football,Serie D - Girone I,Milazzo,Siracusa,Siracusa,away,0.3638,36.4,No read,,Board,0,0,lost,✗,0,0,0.6866,Milazzo,1-0,1-1,0,verified,,
2026-10-04,2026-10-04T02:30:00Z,2026-10-03T10:30:05Z,Football,USL Championship,Las Vegas Lights,San Antonio,Las Vegas Lights,home,0.3635,36.4,No read,,Board,0,0,won,✓,1,1,0.673,Las Vegas Lights,1-0,1-1,0,verified,,
2026-10-04,2026-10-04T16:00:00Z,2026-10-04T13:27:47Z,Football,Tercera División RFEF - Group 6,Ontinyent 1931,Villarreal III,Villarreal III,away,0.3621,36.2,No read,,Board,0,0,won,✓,1,1,0.6635,Villarreal III,1-2,1-1,0,verified,,
2026-10-04,2026-10-04T15:00:00Z,2026-10-04T13:27:47Z,Football,Segunda División RFEF - Group 2,Arnedo,Ebro,Arnedo,home,0.362,36.2,No read,,Board,0,0,lost,✗,0,0,0.6573,Ebro,1-2,1-1,0,verified,celtic,
2026-10-04,2026-10-04T13:00:00Z,2026-10-04T11:09:11Z,Football,D1 Arkema,FC Fleury 91,Paris Saint-Germain,Paris Saint-Germain,away,0.3619,36.2,No read,,Board,0,0,won,✓,1,1,0.6479,Paris Saint-Germain,1-3,1-1,0,verified,,
2026-10-04,2026-10-04T13:00:00Z,2026-10-04T11:09:11Z,Football,Serie D - Girone C,Brian Lignano,Luparense,Brian Lignano,home,0.3598,36.0,No read,,Board,0,0,lost,✗,0,0,0.6432,Luparense,1-3,1-1,0,verified,,
2026-10-04,2026-10-04T10:30:00Z,2026-10-03T10:30:05Z,Football,Tercera División RFEF - Group 14,Montijo,Jaraíz,Montijo,home,0.3594,35.9,No read,,Board,0,0,won,✓,1,1,0.6418,Montijo,2-0,1-1,0,verified,,
2026-10-04,2026-10-04T13:00:00Z,2026-10-04T11:09:11Z,Football,Serie D - Girone A,Asti,Millesimo,Millesimo,away,0.3593,35.9,No read,,Board,0,0,lost,✗,0,0,0.656,Asti,2-0,1-1,0,verified,,
2026-10-04,2026-10-04T22:00:00Z,2026-10-04T13:27:47Z,Football,Segunda División,La Luz,CA River Plate,La Luz,home,0.3586,35.9,No read,,Board,0,0,won,✓,1,1,0.6731,La Luz,3-2,1-1,0,verified,celtic,
2026-10-04,2026-10-04T09:30:00Z,2026-10-03T10:30:05Z,Football,Segunda División RFEF - Group 4,Sevilla Atletico,Badajoz,Badajoz,away,0.3586,35.9,No read,,Board,0,0,won,✓,1,0,0.6726,Draw,2-2,1-1,1,verified,celtic,
2026-10-04,2026-10-04T01:00:00Z,2026-10-03T10:30:05Z,Football,Liga de Expansión MX,Durango,Mineros de Zacatecas,Durango,home,0.3583,35.8,No read,,Board,0,0,won,✓,1,1,0.6635,Durango,4-2,1-1,0,verified,celtic,
2026-10-04,2026-10-04T21:00:00Z,2026-10-04T13:27:47Z,Football,Primera B,Tigres,Internacional Palmira,Tigres,home,0.357,35.7,No read,,Board,0,0,won,✓,1,1,0.6856,Tigres,1-0,0-0,0,verified,,
2026-10-04,2026-10-04T20:30:00Z,2026-10-04T13:27:47Z,Football,Primera Nacional,Atletico DE Rafaela,Atlanta,Draw,draw,0.3563,35.6,No read,,Board,0,0,lost,✗,0,0,0.3563,Atlanta,2-3,0-0,0,verified,celtic,
2026-10-04,2026-10-04T13:00:00Z,2026-10-04T11:09:11Z,Football,Serie D - Girone H,Ischia,Ebolitana,Ischia,home,0.3563,35.6,No read,,Board,0,0,won,✓,1,0,0.6674,Draw,1-1,1-1,1,verified,celtic,
2026-10-04,2026-10-04T13:00:00Z,2026-10-04T11:09:11Z,Football,Gamma Ethniki - Group 4,Ermis Exochi,Elassona,Ermis Exochi,home,0.3561,35.6,No read,,Board,0,0,won,✓,1,1,0.6489,Ermis Exochi,3-1,1-1,0,verified,celtic,
2026-10-04,2026-10-04T18:30:00Z,2026-10-04T13:27:47Z,Football,Primera Nacional,Chacarita Juniors,Patronato,Draw,draw,0.356,35.6,No read,,Board,0,0,lost,✗,0,0,0.356,Chacarita Juniors,1-0,0-0,0,verified,,
2026-10-04,2026-10-04T10:00:00Z,2026-10-03T10:30:05Z,Football,Segunda División RFEF - Group 5,Getafe II,Numancia,Getafe II,home,0.3553,35.5,No read,,Board,0,0,won,✓,1,0,0.6738,Draw,0-0,1-1,1,verified,celtic,
2026-10-04,2026-10-04T22:00:00Z,2026-10-04T13:27:47Z,Football,Premier League,Molynes United,Racing United,Racing United,away,0.3547,35.5,No read,,Board,0,0,won,✓,1,1,0.6624,Racing United,0-6,1-1,0,verified,,
2026-10-04,2026-10-04T05:00:00Z,2026-10-03T10:30:05Z,Football,J3 League,Kamatamare Sanuki,Tochigi,Tochigi,away,0.3543,35.4,No read,,Board,0,0,won,✓,1,0,0.6481,Draw,0-0,1-1,1,verified,,
2026-10-04,2026-10-04T13:00:00Z,2026-10-04T11:09:11Z,Football,Serie D - Girone E,Grassina,Lucchese,Grassina,home,0.3543,35.4,No read,,Board,0,0,lost,✗,0,0,0.6614,Lucchese,3-6,1-1,0,verified,,
2026-10-04,2026-10-04T22:00:00Z,2026-10-04T13:27:47Z,Football,CONCACAF Nations League,Trinidad and Tobago,Curaçao,Curaçao,away,0.3538,35.4,No read,,Board,0,0,won,✓,1,0,0.6541,Draw,1-1,1-1,1,verified,,
2026-10-04,2026-10-04T13:00:00Z,2026-10-04T11:09:11Z,Football,Serie D - Girone H,USD Palmese,Nardò,USD Palmese,home,0.3536,35.4,No read,,Board,0,0,won,✓,1,1,0.6872,USD Palmese,4-2,0-0,0,verified,celtic,
2026-10-04,2026-10-04T13:00:00Z,2026-10-04T11:09:11Z,Football,Serie D - Girone A,Celle Varazze,Chisola,Chisola,away,0.3535,35.4,No read,,Board,0,0,won,✓,1,1,0.656,Chisola,0-4,1-1,0,verified,,
2026-10-04,2026-10-04T13:30:00Z,2026-10-04T13:27:47Z,Football,Serie D - Girone C,Virtus Bolzano,Calvi Noale,Virtus Bolzano,home,0.3535,35.4,No read,,Board,0,0,lost,✗,0,0,0.6637,Calvi Noale,1-3,1-1,0,verified,,
2026-10-04,2026-10-04T20:00:00Z,2026-10-04T13:27:47Z,Football,Liga Profesional,Talleres (Córdoba),Belgrano (Córdoba),Belgrano (Córdoba),away,0.3517,35.2,No read,,Board,0,0,won,✓,1,1,0.6876,Belgrano (Córdoba),0-1,0-0,0,verified,celtic,
2026-10-04,2026-10-04T21:05:00Z,2026-10-04T13:27:47Z,Football,Primera A,Internacional de Bogotá,Once Caldas,Once Caldas,away,0.3516,35.2,No read,,Board,0,0,won,✓,1,0,0.6558,Draw,1-1,1-1,1,verified,celtic,
2026-10-04,2026-10-04T19:00:00Z,2026-10-04T13:27:47Z,Football,Segunda División,Bolívar,Monagas II,Bolívar,home,0.3511,35.1,No read,,Board,0,0,won,✓,1,1,0.6496,Bolívar,2-1,1-1,0,verified,,
2026-10-04,2026-10-04T10:00:00Z,2026-10-03T10:30:05Z,Football,Tercera División RFEF - Group 18,Villarrubia,Torrijos,Torrijos,away,0.3506,35.1,No read,,Board,0,0,won,✓,1,0,0.6743,Draw,1-1,1-1,1,verified,,
2026-10-04,2026-10-04T13:00:00Z,2026-10-04T11:09:11Z,Football,Serie D - Girone F,Termoli Calcio,Lanciano,Lanciano,away,0.3502,35.0,No read,,Board,0,0,lost,✗,0,0,0.6731,Termoli Calcio,2-0,1-1,0,verified,,
2026-10-04,2026-10-04T13:00:00Z,2026-10-04T11:09:11Z,Football,Primera División,Danubio,Cerro Largo,Danubio,home,0.35,35.0,No read,,Board,0,0,won,✓,1,1,0.6916,Danubio,2-1,0-0,0,verified,,
2026-10-04,2026-10-04T13:00:00Z,2026-10-04T11:09:11Z,Football,Gamma Ethniki - Group 4,Iraklis Larissa,Trikala,Trikala,away,0.3487,34.9,No read,,Board,0,0,won,✓,1,1,0.6565,Trikala,0-1,1-1,0,verified,celtic,
2026-10-04,2026-10-04T10:00:00Z,2026-10-03T10:30:05Z,Football,Tercera División RFEF - Group 9,Torre del Mar,Arenas Armilla,Draw,draw,0.348,34.8,No read,,Board,0,0,lost,✗,0,0,0.348,Arenas Armilla,0-1,0-0,0,verified,,
2026-10-04,2026-10-04T15:30:00Z,2026-10-04T13:27:47Z,Football,Azadegan League,Naft Gachsaran,Novin Ahvaz,Draw,draw,0.3473,34.7,No read,,Board,0,0,won,✓,1,1,0.3473,Draw,1-1,0-0,0,verified,,
2026-10-04,2026-10-04T15:00:00Z,2026-10-04T13:27:47Z,Football,Segunda División RFEF - Group 4,Marbella,Real Betis II,Marbella,home,0.347,34.7,No read,,Board,0,0,lost,✗,0,0,0.6588,Real Betis II,0-2,1-1,0,verified,,
2026-10-04,2026-10-04T13:00:00Z,2026-10-04T11:09:11Z,Football,Serie D - Girone H,Brindisi,Real Normanna,Brindisi,home,0.3459,34.6,No read,,Board,0,0,won,✓,1,1,0.6718,Brindisi,3-0,0-0,0,verified,,
2026-10-04,2026-10-04T10:00:00Z,2026-10-03T10:30:05Z,Football,Tercera División RFEF - Group 1,Viveiro,Celtiga,Celtiga,away,0.3458,34.6,No read,,Board,0,0,won,✓,1,0,0.6598,Draw,0-0,1-1,1,verified,,
2026-10-04,2026-10-04T10:00:00Z,2026-10-03T10:30:05Z,Football,Tercera División RFEF - Group 11,Ibiza Islas Pitiusas,Formentera,Formentera,away,0.3432,34.3,No read,,Board,0,0,lost,✗,0,0,0.6576,Ibiza Islas Pitiusas,2-0,1-1,0,verified,celtic,
2026-10-04,2026-10-04T16:15:00Z,2026-10-04T13:27:47Z,Football,Tercera División RFEF - Group 9,Malaga City,Marbelli,Malaga City,home,0.3417,34.2,No read,,Board,0,0,lost,✗,0,0,0.6592,Marbelli,0-1,1-1,0,verified,celtic,
2026-10-04,2026-10-04T19:00:00Z,2026-10-04T13:27:47Z,Football,Primera División,Cerro,Montevideo Wanderers,Montevideo Wanderers,away,0.3411,34.1,No read,,Board,0,0,won,✓,1,1,0.659,Montevideo Wanderers,0-2,1-1,0,verified,,
2026-10-04,2026-10-04T15:00:00Z,2026-10-04T13:27:47Z,Football,Tercera División RFEF - Group 16,Oyonesa,Varea,Varea,away,0.3393,33.9,No read,,Board,0,0,won,✓,1,0,0.6674,Draw,1-1,0-0,1,verified,,
2026-10-04,2026-10-04T02:00:00Z,2026-10-03T10:30:05Z,Football,International friendly,United States,Mexico,United States,home,0.3389,33.9,No read,,Board,0,0,won,✓,1,1,0.662,United States,3-0,1-1,0,verified,,
2026-10-04,2026-10-04T13:00:00Z,2026-10-04T11:09:11Z,Football,Serie D - Girone H,Melfi,Nocerina,Melfi,home,0.3381,33.8,No read,,Board,0,0,lost,✗,0,0,0.6679,Nocerina,0-1,0-0,0,verified,celtic,
2026-10-05,2026-10-05T20:00:00Z,2026-10-05T15:16:06Z,Football,División Profesional,Sportivo Trinidense,Sportivo Luqueño,Sportivo Trinidense,home,0.6496,65.0,Firm,,Board,0,0,won,✓,1,1,0.6496,Sportivo Trinidense,3-2,2-0,0,verified,,
2026-10-05,2026-10-05T00:00:00Z,2026-10-04T22:26:55Z,Football,CONCACAF Nations League,Costa Rica,Haiti,Costa Rica,home,0.6206,62.1,Firm,,Board,0,0,won,✓,1,1,0.6206,Costa Rica,2-0,2-1,0,verified,,
2026-10-05,2026-10-05T18:00:00Z,2026-10-05T00:38:55Z,Football,Primera C,Lujan,General Lamadrid,Lujan,home,0.6155,61.6,Lean,,Board,0,0,won,✓,1,1,0.6155,Lujan,1-0,1-0,0,verified,,
2026-10-05,2026-10-05T18:45:00Z,2026-10-05T15:16:06Z,Football,UEFA Nations League,Montenegro,Armenia,Montenegro,home,0.6104,61.0,Lean,,Board,0,0,lost,✗,0,0,0.6104,Draw,0-0,2-0,0,verified,,
2026-10-05,2026-10-05T16:00:00Z,2026-10-05T00:38:55Z,Football,Prva Liga,TSC Backa Topola,Grafičar,TSC Backa Topola,home,0.6084,60.8,No read,,Board,0,0,won,✓,1,1,0.6084,TSC Backa Topola,4-1,2-0,0,verified,celtic,
2026-10-05,2026-10-05T18:45:00Z,2026-10-05T15:16:06Z,Football,UEFA Nations League,France,Belgium,France,home,0.5977,59.8,Lean,,Board,0,0,won,✓,1,1,0.8086,France,4-1,1-1,0,verified,,
2026-10-05,2026-10-05T22:15:00Z,2026-10-05T15:16:06Z,Football,División Profesional,Cerro Porteño,2 de Mayo,Cerro Porteño,home,0.5923,59.2,No read,,Board,0,0,lost,✗,0,0,0.5923,2 de Mayo,0-2,1-0,0,verified,celtic,
2026-10-05,2026-10-05T17:00:00Z,2026-10-05T00:38:55Z,Football,1. Division,Moss,Kongsvinger,Kongsvinger,away,0.5663,56.6,Lean,,Board,0,0,won,✓,1,1,0.5663,Kongsvinger,0-2,1-2,0,verified,,
2026-10-05,2026-10-05T18:45:00Z,2026-10-05T15:16:06Z,Football,UEFA Nations League,Ukraine,Hungary,Ukraine,home,0.5399,54.0,No read,,Board,0,0,lost,✗,0,0,0.8072,Hungary,1-2,1-1,0,verified,,
2026-10-05,2026-10-05T15:00:00Z,2026-10-05T02:18:16Z,Football,International friendly,Mauritius,Sri Lanka,Mauritius,home,0.5227,52.3,No read,,Board,0,0,lost,✗,0,0,0.5227,Sri Lanka,2-3,1-0,0,verified,,
2026-10-05,2026-10-05T22:00:00Z,2026-10-05T15:16:06Z,Football,Liga Profesional,Vélez Sarsfield,Platense,Vélez Sarsfield,home,0.4919,49.2,No read,,Board,0,0,lost,✗,0,0,0.4919,Draw,2-2,1-0,0,verified,celtic,
2026-10-05,2026-10-05T22:00:00Z,2026-10-05T15:16:06Z,Football,Liga Profesional,Estudiantes de La Plata,Gimnasia (Mendoza),Estudiantes de La Plata,home,0.4732,47.3,No read,,Board,0,0,won,✓,1,1,0.4732,Estudiantes de La Plata,3-0,1-0,0,verified,celtic,
2026-10-05,2026-10-05T16:00:00Z,2026-10-05T15:16:06Z,Football,UEFA Nations League,Cyprus,Latvia,Cyprus,home,0.4684,46.8,No read,,Board,0,0,won,✓,1,1,0.7601,Cyprus,2-1,1-1,0,verified,,
2026-10-05,2026-10-05T17:00:00Z,2026-10-05T00:38:55Z,Football,Division 2 - Norra Götaland,Herrestads,Grebbestad,Herrestads,home,0.4634,46.3,No read,,Board,0,0,won,✓,1,1,0.6995,Herrestads,3-1,1-1,0,verified,,
2026-10-05,2026-10-05T22:05:00Z,2026-10-05T00:38:55Z,Football,Premier League,Chapelton,Waterhouse,Waterhouse,away,0.4619,46.2,No read,,Board,0,0,won,✓,1,1,0.7554,Waterhouse,0-6,1-1,0,verified,,
2026-10-05,2026-10-05T18:45:00Z,2026-10-05T00:38:55Z,Football,Isthmian League Premier,Carshalton Athletic,Eastbourne Borough,Carshalton Athletic,home,0.4613,46.1,No read,,Board,0,0,lost,✗,0,0,0.7131,Eastbourne Borough,0-4,1-1,0,verified,celtic,
2026-10-05,2026-10-05T00:30:00Z,2026-10-05T00:10:06Z,Football,Premier League,Mount Pleasant Academy,Cavalier,Mount Pleasant Academy,home,0.4594,45.9,No read,,Board,0,0,won,✓,1,0,0.7421,Draw,1-1,1-1,1,verified,,
2026-10-05,2026-10-05T00:30:00Z,2026-10-04T22:26:55Z,Football,Liga Profesional,Estudiantes de Río Cuarto,Racing Club,Racing Club,away,0.4523,45.2,No read,,Board,0,0,won,✓,1,1,0.4523,Racing Club,1-2,0-1,0,verified,celtic,
2026-10-05,2026-10-05T22:00:00Z,2026-10-05T15:16:06Z,Football,CONCACAF Nations League,Martinique,El Salvador,Martinique,home,0.4508,45.1,No read,,Board,0,0,lost,✗,0,0,0.4508,Draw,1-1,1-0,0,verified,,
2026-10-05,2026-10-05T18:30:00Z,2026-10-05T15:16:06Z,Football,LaLiga 2,Córdoba,Tenerife,Córdoba,home,0.4473,44.7,No read,,Board,0,0,won,✓,1,1,0.7223,Córdoba,3-2,1-1,0,verified,,
2026-10-05,2026-10-05T02:00:00Z,2026-10-04T22:26:55Z,Football,CONCACAF Nations League,Nicaragua,Dominican Republic,Nicaragua,home,0.4406,44.1,No read,,Board,0,0,lost,✗,0,0,0.7219,Dominican Republic,1-2,1-1,0,verified,,
2026-10-05,2026-10-05T12:30:00Z,2026-10-05T00:38:55Z,Football,Persha Liga,Yarud Mariupol',Nyva Ternopil,Yarud Mariupol',home,0.439,43.9,No read,,Board,0,0,lost,✗,0,0,0.439,Draw,0-0,1-0,0,verified,,
2026-10-05,2026-10-05T22:00:00Z,2026-10-05T00:38:55Z,Football,Primera B,Bogota,Envigado,Envigado,away,0.4309,43.1,No read,,Board,0,0,lost,✗,0,0,0.4309,Draw,3-3,0-1,0,verified,celtic,
2026-10-05,2026-10-05T23:00:00Z,2026-10-05T15:16:06Z,Football,Primera División,Nacional,Montevideo City Torque,Nacional,home,0.4215,42.1,No read,,Board,0,0,won,✓,1,1,0.677,Nacional,2-0,1-1,0,verified,,
2026-10-05,2026-10-05T18:00:00Z,2026-10-05T00:38:55Z,Football,Primera B Metropolitana,UAI Urquiza,Ituzaingó,UAI Urquiza,home,0.4183,41.8,No read,,Board,0,0,won,✓,1,1,0.7821,UAI Urquiza,3-2,0-0,0,verified,celtic,
2026-10-05,2026-10-05T13:00:00Z,2026-10-05T00:38:55Z,Football,Prva Liga,Semendrija 1924,FK Vozdovac,Semendrija 1924,home,0.418,41.8,No read,,Board,0,0,won,✓,1,1,0.7272,Semendrija 1924,1-0,1-1,0,verified,,
2026-10-05,2026-10-05T13:00:00Z,2026-10-05T02:18:16Z,Football,División Profesional,Deportivo Recoleta,Libertad,Libertad,away,0.4154,41.5,No read,,Board,0,0,won,✓,1,1,0.6622,Libertad,1-2,1-1,0,verified,celtic,
2026-10-05,2026-10-05T13:30:00Z,2026-10-05T00:38:55Z,Football,Azadegan League,Mes Rafsanjan,Ario Eslamshahr,Draw,draw,0.4128,41.3,No read,,Board,0,0,lost,✗,0,0,0.4128,Mes Rafsanjan,1-0,0-0,0,verified,celtic,
2026-10-05,2026-10-05T18:45:00Z,2026-10-05T15:16:06Z,Football,UEFA Nations League,Northern Ireland,Georgia,Northern Ireland,home,0.4119,41.2,No read,,Board,0,0,won,✓,1,0,0.728,Draw,0-0,1-1,1,verified,,
2026-10-05,2026-10-05T01:15:00Z,2026-10-04T22:26:55Z,Football,Primera A,Llaneros,América de Cali,América de Cali,away,0.4082,40.8,No read,,Board,0,0,won,✓,1,1,0.7578,América de Cali,1-2,0-0,0,verified,celtic,
2026-10-05,2026-10-05T22:00:00Z,2026-10-05T00:38:55Z,Football,Primera B Metropolitana,Deportivo Merlo,Brown DE Adrogue,Deportivo Merlo,home,0.4062,40.6,No read,,Board,0,0,lost,✗,0,0,0.4062,Draw,0-0,1-0,0,verified,,
2026-10-05,2026-10-05T12:30:00Z,2026-10-05T00:38:55Z,Football,Azadegan League,Be'sat Kermanshah,Naft Bandar Abbas,Draw,draw,0.4035,40.4,No read,,Board,0,0,lost,✗,0,0,0.4035,Be'sat Kermanshah,2-1,0-0,0,verified,,
2026-10-05,2026-10-05T19:45:00Z,2026-10-05T15:16:06Z,Football,Liga Profesional,Deportivo Riestra,Central Córdoba (Santiago del Estero),Draw,draw,0.4007,40.1,No read,,Board,0,0,won,✓,1,1,0.4007,Draw,1-1,0-0,0,verified,celtic,
2026-10-05,2026-10-05T18:00:00Z,2026-10-05T00:38:55Z,Football,Primera C,Sportivo Barracas,Leones de Rosario,Sportivo Barracas,home,0.3987,39.9,No read,,Board,0,0,lost,✗,0,0,0.7133,Leones de Rosario,0-2,1-1,0,verified,celtic,
2026-10-05,2026-10-05T13:30:00Z,2026-10-05T00:38:55Z,Football,Azadegan League,Havadar,Pars Jonoubi JAM,Pars Jonoubi JAM,away,0.394,39.4,No read,,Board,0,0,won,✓,1,1,0.7387,Pars Jonoubi JAM,0-1,0-0,0,verified,,
2026-10-05,2026-10-05T11:30:00Z,2026-10-05T00:38:55Z,Football,Azadegan League,Niroye Zamini,Mes Kerman,Draw,draw,0.3896,39.0,No read,,Board,0,0,won,✓,1,1,0.3896,Draw,0-0,0-0,0,verified,,
2026-10-05,2026-10-05T16:00:00Z,2026-10-05T00:38:55Z,Football,2. Lig,Şanlıurfaspor,Güzide Gebzespor,Şanlıurfaspor,home,0.3824,38.2,No read,,Board,0,0,won,✓,1,0,0.6729,Draw,1-1,1-1,1,verified,,
2026-10-05,2026-10-05T16:00:00Z,2026-10-05T15:16:06Z,Football,International friendly,Rwanda,Kenya,Rwanda,home,0.3753,37.5,No read,,Board,0,0,won,✓,1,0,0.7351,Draw,0-0,0-0,1,verified,,
2026-10-05,2026-10-05T18:45:00Z,2026-10-05T15:16:06Z,Football,International friendly,Liechtenstein,Gibraltar,Liechtenstein,home,0.3616,36.2,No read,,Board,0,0,lost,✗,0,0,0.6974,Gibraltar,0-2,1-1,0,verified,,
2026-10-05,2026-10-05T14:00:00Z,2026-10-05T00:38:55Z,Football,Prva Liga,Napredak,Loznica,Napredak,home,0.3584,35.8,No read,,Board,0,0,won,✓,1,1,0.6908,Napredak,3-0,0-0,0,verified,celtic,
2026-10-05,2026-10-05T18:45:00Z,2026-10-05T15:16:06Z,Football,UEFA Nations League,Romania,Sweden,Romania,home,0.3485,34.8,No read,,Board,0,0,lost,✗,0,0,0.6624,Sweden,0-1,1-1,0,verified,,
2026-10-05,2026-10-05T20:00:00Z,2026-10-05T00:38:55Z,Football,Primera Nacional,Nueva Chicago,Deportivo Maipu,Draw,draw,0.3448,34.5,No read,,Board,0,0,lost,✗,0,0,0.3448,Deportivo Maipu,0-1,0-0,0,verified,,
2026-10-06,2026-10-06T18:45:00Z,2026-10-06T15:50:44Z,Football,UEFA Nations League,Albania,San Marino,Albania,home,0.9783,97.8,Strong,,Daily List,1,0,won,✓,1,1,0.9783,Albania,2-1,4-0,0,verified,,
2026-10-06,2026-10-06T23:00:00Z,2026-10-06T22:00:37Z,Football,International friendly,Argentina,Benin,Argentina,home,0.9697,97.0,Strong,,Daily List,1,0,won,✓,1,1,0.9697,Argentina,3-0,4-0,0,verified,,
2026-10-06,2026-10-06T17:00:00Z,2026-10-06T15:50:44Z,Football,International friendly,Algeria,Niger,Algeria,home,0.8938,89.4,Strong,,Daily List,1,0,won,✓,1,1,0.8938,Algeria,2-1,3-0,0,verified,,
2026-10-06,2026-10-06T17:00:00Z,2026-10-06T15:50:44Z,Football,UEFA U21 Championship qualifying,Cyprus U21,San Marino U21,Cyprus U21,home,0.8695,87.0,Firm,,Board,0,0,won,✓,1,1,0.8695,Cyprus U21,2-0,3-0,0,verified,celtic,
2026-10-06,2026-10-06T17:00:00Z,2026-10-06T15:50:44Z,Football,UEFA U21 Championship qualifying,Spain U21,Romania U21,Spain U21,home,0.8635,86.4,Firm,,Board,0,0,won,✓,1,1,0.8635,Spain U21,7-1,2-0,0,verified,celtic,
2026-10-06,2026-10-06T18:45:00Z,2026-10-06T15:50:44Z,Football,UEFA Nations League,Switzerland,North Macedonia,Switzerland,home,0.8544,85.4,Strong,,Daily List,1,0,won,✓,1,1,0.8544,Switzerland,3-0,2-0,0,verified,,
2026-10-06,2026-10-06T20:00:00Z,2026-10-06T15:50:44Z,Football,CONCACAF Nations League,Montserrat,Turks and Caicos Islands,Montserrat,home,0.8383,83.8,Strong,,Daily List,1,0,won,✓,1,1,0.8383,Montserrat,4-1,3-0,0,verified,,
2026-10-06,2026-10-06T14:00:00Z,2026-10-06T13:35:38Z,Football,International friendly,India,Uruguay,Uruguay,away,0.8233,82.3,Strong,,Board,0,0,won,✓,1,1,0.8233,Uruguay,1-6,0-2,0,verified,,
2026-10-06,2026-10-06T18:45:00Z,2026-10-06T15:50:44Z,Football,UEFA Nations League,Moldova,Slovakia,Slovakia,away,0.7687,76.9,Strong,,Board,0,0,won,✓,1,1,0.7687,Slovakia,0-4,0-2,0,verified,,
2026-10-06,2026-10-06T23:45:00Z,2026-10-06T22:00:37Z,Football,International friendly,Colombia,Peru,Colombia,home,0.7561,75.6,Strong,,Reserve,0,1,won,✓,1,1,0.7561,Colombia,2-0,2-0,0,verified,,
2026-10-06,2026-10-06T18:45:00Z,2026-10-06T13:35:38Z,Football,Northern Premier League,Cleethorpes Town,Hyde United,Cleethorpes Town,home,0.6946,69.5,Firm,,Reserve,0,1,won,✓,1,1,0.6946,Cleethorpes Town,1-0,2-0,0,verified,,
2026-10-06,2026-10-06T17:00:00Z,2026-10-06T15:50:44Z,Football,UEFA U21 Championship qualifying,Lithuania U21,Croatia U21,Croatia U21,away,0.6859,68.6,Lean,,Board,0,0,won,✓,1,1,0.6859,Croatia U21,0-1,0-2,0,verified,celtic,
2026-10-06,2026-10-06T00:00:00Z,2026-10-05T15:16:06Z,Football,CONCACAF Nations League,Bermuda,Barbados,Bermuda,home,0.6636,66.4,Firm,,Reserve,0,1,lost,✗,0,0,0.6636,Barbados,1-2,2-1,0,verified,,
2026-10-06,2026-10-06T11:00:00Z,2026-10-06T09:26:52Z,Football,International friendly,South Korea,Uzbekistan,South Korea,home,0.626,62.6,Firm,,Board,0,0,won,✓,1,1,0.626,South Korea,2-0,2-0,0,verified,,
2026-10-06,2026-10-06T19:00:00Z,2026-10-06T15:50:44Z,Football,Africa Cup of Nations qualifying,Angola,Malawi,Angola,home,0.6026,60.3,Lean,,Board,0,0,won,✓,1,1,0.6026,Angola,3-1,1-0,0,verified,,
2026-10-06,2026-10-06T18:45:00Z,2026-10-06T13:35:38Z,Football,National League South,Braintree,Walton & Hersham,Braintree,home,0.5983,59.8,No read,,Board,0,0,lost,✗,0,0,0.5983,Walton & Hersham,1-3,2-1,0,verified,celtic,
2026-10-06,2026-10-06T20:00:00Z,2026-10-06T15:50:44Z,Football,División Profesional,Sportivo Ameliano,Rubio Ñú,Sportivo Ameliano,home,0.5883,58.8,Lean,,Board,0,0,lost,✗,0,0,0.5883,Rubio Ñú,1-2,1-0,0,verified,,
2026-10-06,2026-10-06T18:45:00Z,2026-10-06T15:50:44Z,Football,UEFA Nations League,Croatia,Spain,Spain,away,0.5845,58.5,Lean,,Board,0,0,won,✓,1,1,0.5845,Spain,1-2,0-1,0,verified,,
2026-10-06,2026-10-06T00:00:00Z,2026-10-05T15:16:06Z,Football,CONCACAF Nations League,Grenada,Bonaire,Grenada,home,0.5838,58.4,Lean,,Board,0,0,lost,✗,0,0,0.5838,Bonaire,1-4,2-1,0,verified,,
2026-10-06,2026-10-06T18:45:00Z,2026-10-06T13:35:38Z,Football,Isthmian League Premier,Chatham Town,Leatherhead,Chatham Town,home,0.5821,58.2,Lean,,Board,0,0,won,✓,1,1,0.5821,Chatham Town,3-0,2-1,0,verified,,
2026-10-06,2026-10-06T11:30:00Z,2026-10-06T09:26:52Z,Football,League One,Heilongjiang Lava Spring,Meizhou Kejia,Heilongjiang Lava Spring,home,0.567,56.7,Lean,,Board,0,0,lost,✗,0,0,0.567,Draw,0-0,2-1,0,verified,,
2026-10-06,2026-10-06T17:00:00Z,2026-10-06T15:50:44Z,Football,UEFA U21 Championship qualifying,Andorra U21,Slovakia U21,Slovakia U21,away,0.5538,55.4,No read,,Board,0,0,won,✓,1,1,0.5538,Slovakia U21,1-2,0-1,0,verified,celtic,
2026-10-06,2026-10-06T18:45:00Z,2026-10-06T15:50:44Z,Football,UEFA Nations League,Estonia,Iceland,Iceland,away,0.5465,54.6,No read,,Board,0,0,won,✓,1,0,0.7706,Draw,0-0,1-1,1,verified,,
2026-10-06,2026-10-06T11:00:00Z,2026-10-06T09:26:52Z,Football,League One,Wuxi Wugou,Suzhou Dongwu,Wuxi Wugou,home,0.5407,54.1,No read,,Board,0,0,lost,✗,0,0,0.5407,Draw,2-2,1-0,0,verified,celtic,
2026-10-06,2026-10-06T00:00:00Z,2026-10-05T15:16:06Z,Football,CONCACAF Nations League,Guatemala,Suriname,Guatemala,home,0.5361,53.6,No read,,Board,0,0,won,✓,1,1,0.7899,Guatemala,1-0,1-1,0,verified,,
2026-10-06,2026-10-06T18:00:00Z,2026-10-06T13:35:38Z,Football,EFL Trophy,Sheffield Wednesday,Sunderland U21,Sunderland U21,away,0.536,53.6,No read,,Board,0,0,lost,✗,0,0,0.536,Sheffield Wednesday,2-0,0-1,0,verified,celtic,
2026-10-06,2026-10-06T18:00:00Z,2026-10-06T15:50:44Z,Football,EFL Trophy,Wycombe Wanderers,Bristol Rovers,Wycombe Wanderers,home,0.5337,53.4,No read,,Board,0,0,won,✓,1,1,0.778,Wycombe Wanderers,4-1,1-1,0,verified,celtic,
2026-10-06,2026-10-06T17:00:00Z,2026-10-06T13:35:38Z,Football,Primera C,Central Ballester,Deportivo Muñiz,Central Ballester,home,0.5293,52.9,No read,,Board,0,0,lost,✗,0,0,0.5293,Deportivo Muñiz,1-2,1-0,0,verified,,
2026-10-06,2026-10-06T18:00:00Z,2026-10-06T13:35:38Z,Football,EFL Trophy,Peterborough United,Ipswich Town U21,Ipswich Town U21,away,0.5262,52.6,No read,,Board,0,0,lost,✗,0,0,0.7816,Peterborough United,4-1,1-1,0,verified,celtic,
2026-10-06,2026-10-06T18:45:00Z,2026-10-06T13:35:38Z,Football,Isthmian League Premier,Dartford,Ramsgate,Dartford,home,0.5229,52.3,No read,,Board,0,0,lost,✗,0,0,0.7638,Ramsgate,1-2,1-1,0,verified,,
2026-10-06,2026-10-06T18:45:00Z,2026-10-06T13:35:38Z,Football,Isthmian League Premier,Stanway Rovers,Enfield Town,Enfield Town,away,0.5172,51.7,No read,,Board,0,0,won,✓,1,1,0.7487,Enfield Town,1-2,1-1,0,verified,celtic,
2026-10-06,2026-10-06T18:00:00Z,2026-10-06T15:50:44Z,Football,EFL Trophy,AFC Wimbledon,Barnet,AFC Wimbledon,home,0.5163,51.6,No read,,Board,0,0,lost,✗,0,0,0.5163,Draw,0-0,1-0,0,verified,,
2026-10-06,2026-10-06T17:00:00Z,2026-10-06T15:50:44Z,Football,UEFA U21 Championship qualifying,Republic of Ireland U21,England U21,England U21,away,0.506,50.6,No read,,Board,0,0,lost,✗,0,0,0.506,Republic of Ireland U21,3-1,0-1,0,verified,celtic,
2026-10-06,2026-10-06T18:00:00Z,2026-10-06T13:35:38Z,Football,EFL Trophy,Huddersfield Town,Rochdale,Huddersfield Town,home,0.4986,49.9,No read,,Board,0,0,won,✓,1,1,0.768,Huddersfield Town,5-0,1-1,0,verified,celtic,
2026-10-06,2026-10-06T17:00:00Z,2026-10-06T13:35:38Z,Football,Primera C,Leandro N. Alem,Centro Español,Centro Español,away,0.4937,49.4,No read,,Board,0,0,won,✓,1,1,0.7454,Centro Español,1-5,1-1,0,verified,,
2026-10-06,2026-10-06T18:00:00Z,2026-10-06T13:35:38Z,Football,EFL Trophy,Milton Keynes Dons,Brentford U21,Brentford U21,away,0.4912,49.1,No read,,Board,0,0,lost,✗,0,0,0.7417,Milton Keynes Dons,7-1,1-1,0,verified,celtic,
2026-10-06,2026-10-06T18:00:00Z,2026-10-06T13:35:38Z,Football,EFL Trophy,Doncaster Rovers,Liverpool U21,Liverpool U21,away,0.4894,48.9,No read,,Board,0,0,lost,✗,0,0,0.7516,Doncaster Rovers,1-0,1-1,0,verified,celtic,
2026-10-06,2026-10-06T11:30:00Z,2026-10-06T09:26:52Z,Football,League One,Nantong Zhiyun,Ningbo Professional,Nantong Zhiyun,home,0.4876,48.8,No read,,Board,0,0,won,✓,1,1,0.4876,Nantong Zhiyun,1-0,1-0,0,verified,celtic,
2026-10-06,2026-10-06T14:00:00Z,2026-10-06T13:35:38Z,Football,UEFA Nations League,Kazakhstan,Faroe Islands,Kazakhstan,home,0.4876,48.8,No read,,Board,0,0,lost,✗,0,0,0.4876,Draw,2-2,1-0,0,verified,,
2026-10-06,2026-10-06T18:00:00Z,2026-10-06T15:50:44Z,Football,EFL Trophy,Shrewsbury Town,Stockport County,Stockport County,away,0.4848,48.5,No read,,Board,0,0,won,✓,1,1,0.7621,Stockport County,0-2,1-1,0,verified,celtic,
2026-10-06,2026-10-06T18:45:00Z,2026-10-06T13:35:38Z,Football,Northern Premier League,Alfreton Town,United of Manchester,Alfreton Town,home,0.4841,48.4,No read,,Board,0,0,won,✓,1,1,0.765,Alfreton Town,1-0,1-1,0,verified,celtic,
2026-10-06,2026-10-06T18:45:00Z,2026-10-06T15:50:44Z,Football,UEFA Nations League,Scotland,Slovenia,Scotland,home,0.4769,47.7,No read,,Board,0,0,lost,✗,0,0,0.4769,Slovenia,1-2,1-0,0,verified,,
2026-10-06,2026-10-06T11:35:00Z,2026-10-06T09:26:52Z,Football,International friendly,China,Tajikistan,China,home,0.4694,46.9,No read,,Board,0,0,lost,✗,0,0,0.4694,Tajikistan,0-1,1-0,0,verified,,
2026-10-06,2026-10-06T18:45:00Z,2026-10-06T13:35:38Z,Football,Northern Premier League,Ilkeston Town,Guiseley,Guiseley,away,0.4641,46.4,No read,,Board,0,0,won,✓,1,1,0.7534,Guiseley,0-2,1-1,0,verified,,
2026-10-06,2026-10-06T18:00:00Z,2026-10-06T15:50:44Z,Football,EFL Trophy,Cambridge United,Northampton Town,Cambridge United,home,0.464,46.4,No read,,Board,0,0,won,✓,1,1,0.464,Cambridge United,2-1,1-0,0,verified,celtic,
2026-10-06,2026-10-06T18:00:00Z,2026-10-06T15:50:44Z,Football,EFL Trophy,Grimsby Town,Burton Albion,Grimsby Town,home,0.4633,46.3,No read,,Board,0,0,won,✓,1,0,0.7337,Draw,0-0,1-1,1,verified,celtic,
2026-10-06,2026-10-06T18:45:00Z,2026-10-06T13:35:38Z,Football,National League South,Ebbsfleet United,Folkestone Invicta,Ebbsfleet United,home,0.4621,46.2,No read,,Board,0,0,won,✓,1,1,0.7409,Ebbsfleet United,1-0,1-1,0,verified,celtic,
2026-10-06,2026-10-06T18:45:00Z,2026-10-06T15:50:44Z,Football,EFL Trophy,Crawley Town,Bromley,Bromley,away,0.4616,46.2,No read,,Board,0,0,lost,✗,0,0,0.7452,Crawley Town,4-0,1-1,0,verified,,
2026-10-06,2026-10-06T22:15:00Z,2026-10-06T22:00:37Z,Football,División Profesional,Club Olimpia,Nacional Asunción,Club Olimpia,home,0.4612,46.1,No read,,Board,0,0,won,✓,1,0,0.7382,Draw,1-1,1-1,1,verified,celtic,
2026-10-06,2026-10-06T23:00:00Z,2026-10-06T22:00:37Z,Football,CONCACAF Nations League,Antigua and Barbuda,Aruba,Antigua and Barbuda,home,0.4573,45.7,No read,,Board,0,0,won,✓,1,1,0.6995,Antigua and Barbuda,3-2,1-1,0,verified,,
2026-10-06,2026-10-06T18:45:00Z,2026-10-06T13:35:38Z,Football,Isthmian League Premier,Maldon & Tiptree,Welling United,Welling United,away,0.4551,45.5,No read,,Board,0,0,won,✓,1,1,0.7007,Welling United,0-1,1-1,0,verified,,
2026-10-06,2026-10-06T11:30:00Z,2026-10-06T09:26:52Z,Football,League Two,Shenzhen 2028,Shandong Taishan II,Shenzhen 2028,home,0.4543,45.4,No read,,Board,0,0,lost,✗,0,0,0.7236,Shandong Taishan II,0-2,1-1,0,verified,,
2026-10-06,2026-10-06T18:45:00Z,2026-10-06T13:35:38Z,Football,Northern Premier League,Curzon Ashton,Redcar Athletic,Redcar Athletic,away,0.4518,45.2,No read,,Board,0,0,lost,✗,0,0,0.7352,Curzon Ashton,3-1,1-1,0,verified,celtic,
2026-10-06,2026-10-06T07:30:00Z,2026-10-06T07:19:02Z,Football,League Two,Qingdao Red Lions,Wuhan Three Towns II,Qingdao Red Lions,home,0.4507,45.1,No read,,Board,0,0,lost,✗,0,0,0.4507,Wuhan Three Towns II,0-2,1-0,0,verified,celtic,
2026-10-06,2026-10-06T18:45:00Z,2026-10-06T15:50:44Z,Football,FA Cup qualifying,Scarborough Athletic,Macclesfield,Scarborough Athletic,home,0.4506,45.1,No read,,Board,0,0,lost,✗,0,0,0.7216,Macclesfield,1-2,1-1,0,verified,,
2026-10-06,2026-10-06T11:30:00Z,2026-10-06T09:26:52Z,Football,League One,Hebei Kungfu,Dalian Huayi,Hebei Kungfu,home,0.4477,44.8,No read,,Board,0,0,won,✓,1,1,0.4477,Hebei Kungfu,1-0,1-0,0,verified,,
2026-10-06,2026-10-06T18:45:00Z,2026-10-06T13:35:38Z,Football,Northern Premier League,Warrington Town,Workington,Warrington Town,home,0.4428,44.3,No read,,Board,0,0,won,✓,1,0,0.711,Draw,2-2,1-1,1,verified,,
2026-10-06,2026-10-06T22:30:00Z,2026-10-06T22:00:37Z,Football,Serie B,Sport,São Bernardo,Sport,home,0.4333,43.3,No read,,Board,0,0,won,✓,1,1,0.7342,Sport,2-1,1-1,0,verified,celtic,
2026-10-06,2026-10-06T02:00:00Z,2026-10-05T15:16:06Z,Football,CONCACAF Nations League,Honduras,Jamaica,Honduras,home,0.4229,42.3,No read,,Board,0,0,won,✓,1,0,0.7329,Draw,1-1,1-1,1,verified,,
2026-10-06,2026-10-06T18:45:00Z,2026-10-06T13:35:38Z,Football,National League South,Farnham Town,Truro City,Farnham Town,home,0.4171,41.7,No read,,Board,0,0,won,✓,1,0,0.7079,Draw,2-2,1-1,1,verified,celtic,
2026-10-06,2026-10-06T18:00:00Z,2026-10-06T15:50:44Z,Football,EFL Trophy,Rotherham United,Bradford City,Rotherham United,home,0.4161,41.6,No read,,Board,0,0,lost,✗,0,0,0.7136,Bradford City,0-4,1-1,0,verified,celtic,
2026-10-06,2026-10-06T00:15:00Z,2026-10-05T15:16:06Z,Football,Liga Profesional,Banfield,Rosario Central,Rosario Central,away,0.4142,41.4,No read,,Board,0,0,won,✓,1,0,0.7239,Draw,1-1,1-1,1,verified,celtic,
2026-10-06,2026-10-06T18:45:00Z,2026-10-06T13:35:38Z,Football,Northern Premier League,Quorn,Ashton United,Quorn,home,0.4136,41.4,No read,,Board,0,0,won,✓,1,0,0.7014,Draw,2-2,1-1,1,verified,celtic,
2026-10-06,2026-10-06T18:00:00Z,2026-10-06T15:50:44Z,Football,EFL Trophy,Stevenage,Leicester City,Stevenage,home,0.4115,41.1,No read,,Board,0,0,won,✓,1,1,0.6951,Stevenage,2-1,1-1,0,verified,celtic,
2026-10-06,2026-10-06T18:00:00Z,2026-10-06T15:50:44Z,Football,EFL Trophy,Blackpool,Crewe Alexandra,Blackpool,home,0.4082,40.8,No read,,Board,0,0,won,✓,1,0,0.6987,Draw,2-2,1-1,1,verified,celtic,
2026-10-06,2026-10-06T17:00:00Z,2026-10-06T13:35:38Z,Football,Primera C,Claypole,Deportivo Español,Deportivo Español,away,0.4066,40.7,No read,,Board,0,0,won,✓,1,0,0.7531,Draw,1-1,0-0,1,verified,,
2026-10-06,2026-10-06T09:00:00Z,2026-10-06T08:56:20Z,Football,League Two,Hubei Chufeng Heli,Rizhao Yuqi,Hubei Chufeng Heli,home,0.4042,40.4,No read,,Board,0,0,won,✓,1,1,0.7335,Hubei Chufeng Heli,2-0,0-0,0,verified,,
2026-10-06,2026-10-06T01:00:00Z,2026-10-05T00:38:55Z,Football,Premier League,Arnett Gardens,Portmore United,Arnett Gardens,home,0.4012,40.1,No read,,Board,0,0,won,✓,1,0,0.6781,Draw,1-1,1-1,1,verified,,
2026-10-06,2026-10-06T18:00:00Z,2026-10-06T15:50:44Z,Football,EFL Trophy,Fleetwood Town,Barnsley,Fleetwood Town,home,0.3997,40.0,No read,,Board,0,0,won,✓,1,1,0.6881,Fleetwood Town,4-1,1-1,0,verified,celtic,
2026-10-06,2026-10-06T11:30:00Z,2026-10-06T09:26:52Z,Football,League Two,Guangdong Mingtu,Dalian Yingbo B,Guangdong Mingtu,home,0.3954,39.5,No read,,Board,0,0,won,✓,1,0,0.7314,Draw,1-1,0-0,1,verified,celtic,
2026-10-06,2026-10-06T16:00:00Z,2026-10-06T15:50:44Z,Football,International friendly,Russia,Nigeria,Russia,home,0.395,39.5,No read,,Board,0,0,won,✓,1,0,0.7077,Draw,3-3,1-1,1,verified,,
2026-10-06,2026-10-06T18:45:00Z,2026-10-06T13:35:38Z,Football,Northern Premier League,Stockton Town,Bury,Bury,away,0.3936,39.4,No read,,Board,0,0,lost,✗,0,0,0.6828,Stockton Town,1-0,1-1,0,verified,,
2026-10-06,2026-10-06T18:00:00Z,2026-10-06T15:50:44Z,Football,EFL Trophy,Accrington Stanley,Salford City,Salford City,away,0.3883,38.8,No read,,Board,0,0,won,✓,1,0,0.6658,Draw,1-1,1-1,1,verified,,
2026-10-06,2026-10-06T07:30:00Z,2026-10-06T07:19:02Z,Football,League Two,BIT,Chengdu Rongcheng II,Chengdu Rongcheng II,away,0.3877,38.8,No read,,Board,0,0,lost,✗,0,0,0.6723,BIT,2-0,1-1,0,verified,,
2026-10-06,2026-10-06T18:00:00Z,2026-10-06T15:50:44Z,Football,EFL Trophy,Port Vale,Mansfield Town,Port Vale,home,0.387,38.7,No read,,Board,0,0,won,✓,1,1,0.6874,Port Vale,2-0,1-1,0,verified,celtic,
2026-10-06,2026-10-06T17:00:00Z,2026-10-06T15:50:44Z,Football,International friendly,Jordan,Venezuela,Jordan,home,0.386,38.6,No read,,Board,0,0,won,✓,1,0,0.7135,Draw,0-0,1-1,1,verified,,
2026-10-06,2026-10-06T11:30:00Z,2026-10-06T09:26:52Z,Football,League Two,Guizhou Zhucheng,Shanghai Port II,Guizhou Zhucheng,home,0.3831,38.3,No read,,Board,0,0,won,✓,1,1,0.682,Guizhou Zhucheng,2-1,1-1,0,verified,,
2026-10-06,2026-10-06T18:00:00Z,2026-10-06T15:50:44Z,Football,EFL Trophy,Newport County,Plymouth Argyle,Plymouth Argyle,away,0.381,38.1,No read,,Board,0,0,won,✓,1,0,0.6619,Draw,2-2,1-1,1,verified,celtic,
2026-10-06,2026-10-06T18:00:00Z,2026-10-06T15:50:44Z,Football,EFL Trophy,Exeter City,Oxford United,Exeter City,home,0.3804,38.0,No read,,Board,0,0,won,✓,1,0,0.6912,Draw,2-2,1-1,1,verified,celtic,
2026-10-06,2026-10-06T00:00:00Z,2026-10-05T15:16:06Z,Football,Primera A,Independiente Medellín,Independiente Santa Fe,Independiente Medellín,home,0.3796,38.0,No read,,Board,0,0,lost,✗,0,0,0.6937,Independiente Santa Fe,0-1,1-1,0,verified,celtic,
2026-10-06,2026-10-06T07:30:00Z,2026-10-06T07:19:02Z,Football,League Two,Shanghai Second,Yichun Grand Tiger,Shanghai Second,home,0.3793,37.9,No read,,Board,0,0,won,✓,1,0,0.695,Draw,1-1,1-1,1,verified,,
2026-10-06,2026-10-06T18:45:00Z,2026-10-06T15:50:44Z,Football,FA Cup qualifying,Wingate & Finchley,Bedford Town,Wingate & Finchley,home,0.3774,37.7,No read,,Board,0,0,lost,✗,0,0,0.6454,Bedford Town,1-3,1-1,0,verified,celtic,
2026-10-06,2026-10-06T18:45:00Z,2026-10-06T13:35:38Z,Football,Northern Premier League,Whitby Town,Gainsborough Trinity,Gainsborough Trinity,away,0.3773,37.7,No read,,Board,0,0,won,✓,1,1,0.6661,Gainsborough Trinity,2-6,1-1,0,verified,,
2026-10-06,2026-10-06T11:00:00Z,2026-10-06T09:26:52Z,Football,League One,Changchun Yatai,Yanbian Longding,Changchun Yatai,home,0.3762,37.6,No read,,Board,0,0,won,✓,1,0,0.657,Draw,1-1,1-1,1,verified,celtic,
2026-10-06,2026-10-06T18:45:00Z,2026-10-06T15:50:44Z,Football,UEFA Nations League,Luxembourg,Bulgaria,Luxembourg,home,0.374,37.4,No read,,Board,0,0,lost,✗,0,0,0.7026,Bulgaria,0-2,1-1,0,verified,,
2026-10-06,2026-10-06T18:45:00Z,2026-10-06T13:35:38Z,Football,Northern Premier League,Leek Town,Rylands,Leek Town,home,0.3736,37.4,No read,,Board,0,0,won,✓,1,0,0.6583,Draw,3-3,1-1,1,verified,,
2026-10-06,2026-10-06T11:30:00Z,2026-10-06T09:26:52Z,Football,League Two,Langfang Glory City,Xi'an Ronghai,Xi'an Ronghai,away,0.3643,36.4,No read,,Board,0,0,won,✓,1,0,0.668,Draw,0-0,1-1,1,verified,,
2026-10-06,2026-10-06T18:45:00Z,2026-10-06T13:35:38Z,Football,Isthmian League Premier,Cheshunt,Aveley,Aveley,away,0.3635,36.4,No read,,Board,0,0,lost,✗,0,0,0.6433,Cheshunt,2-1,1-1,0,verified,,
2026-10-06,2026-10-06T00:30:00Z,2026-10-05T00:38:55Z,Football,Primera B,Orsomarso,Quindio,Quindio,away,0.3624,36.2,No read,,Board,0,0,won,✓,1,1,0.715,Quindio,0-1,0-0,0,verified,,
2026-10-06,2026-10-06T07:00:00Z,2026-10-05T00:38:55Z,Football,League Two,Changchun Xidu,Guangzhou Dandelion,Changchun Xidu,home,0.3598,36.0,No read,,Board,0,0,won,✓,1,0,0.6821,Draw,1-1,1-1,1,verified,,
2026-10-06,2026-10-06T17:00:00Z,2026-10-06T13:35:38Z,Football,Primera C,Fénix,Atletico Atlas,Fénix,home,0.3562,35.6,No read,,Board,0,0,won,✓,1,1,0.6935,Fénix,1-0,0-0,0,verified,celtic,
2026-10-06,2026-10-06T23:30:00Z,2026-10-06T22:00:37Z,Football,Serie B,Goiás,Athletic,Goiás,home,0.3446,34.5,No read,,Board,0,0,won,✓,1,1,0.6759,Goiás,2-1,0-0,0,verified,celtic,
2026-10-06,2026-10-06T18:45:00Z,2026-10-06T15:50:44Z,Football,UEFA Nations League,Belarus,Finland,Finland,away,0.3446,34.5,No read,,Board,0,0,lost,✗,0,0,0.6888,Belarus,1-0,1-1,0,verified,,
2026-10-07,2026-10-07T13:00:00Z,2026-10-06T13:35:38Z,Football,Premier League,Lijabatho,Manonyane,Lijabatho,home,0.8059,80.6,Strong,,Daily List,1,0,won,✓,1,1,0.8059,Lijabatho,1-0,2-0,0,verified,,
2026-10-07,2026-10-07T14:00:00Z,2026-10-06T13:35:38Z,Football,Super League,Neftchi,Xorazm,Neftchi,home,0.7867,78.7,Strong,,Daily List,1,0,lost,✗,0,0,0.7867,Draw,2-2,2-0,0,verified,,
2026-10-07,2026-10-07T23:00:00Z,2026-10-07T22:38:28Z,Football,Canadian Premier League,Forge,Pacific,Forge,home,0.7571,75.7,Strong,,Daily List,1,0,won,✓,1,1,0.7571,Forge,3-0,2-0,0,verified,,
2026-10-07,2026-10-07T02:30:00Z,2026-10-06T22:00:37Z,Football,International friendly,Mexico,Chile,Mexico,home,0.7333,73.3,Strong,,Reserve,0,1,lost,✗,0,0,0.7333,Chile,0-2,2-0,0,verified,,
2026-10-07,2026-10-07T02:00:00Z,2026-10-06T22:00:37Z,Football,CONCACAF Nations League,French Guiana,Belize,French Guiana,home,0.6969,69.7,Firm,,Reserve,0,1,won,✓,1,1,0.6969,French Guiana,1-0,2-0,0,verified,,
2026-10-07,2026-10-07T11:30:00Z,2026-10-06T13:35:38Z,Football,Birinci Dasta,Şahdağ,Zaqatala,Şahdağ,home,0.6583,65.8,Firm,,Reserve,0,1,won,✓,1,1,0.6583,Şahdağ,6-0,2-0,0,verified,,
2026-10-07,2026-10-07T11:30:00Z,2026-10-06T13:35:38Z,Football,League One,Dongguan United,Guangxi Hengchen,Guangxi Hengchen,away,0.6212,62.1,Lean,,Board,0,0,lost,✗,0,0,0.6212,Dongguan United,1-0,0-2,0,verified,celtic,
2026-10-07,2026-10-07T18:45:00Z,2026-10-07T17:12:29Z,Football,Northern Premier League,Avro,Lancaster City,Avro,home,0.607,60.7,Lean,,Board,0,0,won,✓,1,1,0.607,Avro,5-3,2-1,0,verified,,
2026-10-07,2026-10-07T00:35:00Z,2026-10-06T22:00:37Z,Football,Serie B,Ponte Preta,Juventude,Juventude,away,0.585,58.5,No read,,Board,0,0,won,✓,1,1,0.585,Juventude,0-2,0-1,0,verified,celtic,
2026-10-07,2026-10-07T19:00:00Z,2026-10-07T17:12:29Z,Football,Ligue 1,CR Belouizdad,Khenchela,CR Belouizdad,home,0.5816,58.2,Lean,,Board,0,0,won,✓,1,1,0.5816,CR Belouizdad,1-0,1-0,0,verified,,
2026-10-07,2026-10-07T13:00:00Z,2026-10-06T13:35:38Z,Football,Premier League,Kitara,Kigezi HomeBoyz,Kitara,home,0.5765,57.6,Lean,,Board,0,0,won,✓,1,1,0.5765,Kitara,1-0,1-0,0,verified,,
2026-10-07,2026-10-07T17:45:00Z,2026-10-07T17:12:29Z,Football,1. Liga Classic - Group 3,Freienbach,Eschen / Mauren,Freienbach,home,0.5751,57.5,Lean,,Board,0,0,lost,✗,0,0,0.5751,Draw,0-0,2-1,0,verified,,
2026-10-07,2026-10-07T08:00:00Z,2026-10-06T13:35:38Z,Football,League Two,Tai'an Tiankuang,Shangyu Pterosaur,Tai'an Tiankuang,home,0.5566,55.7,Lean,,Board,0,0,won,✓,1,1,0.5566,Tai'an Tiankuang,3-0,1-0,0,verified,,
2026-10-07,2026-10-07T00:00:00Z,2026-10-06T13:35:38Z,Football,Primera Division,San Marcos,Diriangén,Diriangén,away,0.5309,53.1,No read,,Board,0,0,won,✓,1,1,0.7831,Diriangén,1-2,1-1,0,verified,,
2026-10-07,2026-10-07T13:00:00Z,2026-10-06T13:35:38Z,Football,Premier League,Kataka,SC Villa,SC Villa,away,0.5231,52.3,No read,,Board,0,0,lost,✗,0,0,0.5231,Draw,1-1,0-1,0,verified,,
2026-10-07,2026-10-07T18:00:00Z,2026-10-07T17:12:29Z,Football,1. Liga Classic - Group 3,Kosova,Dietikon,Kosova,home,0.5099,51.0,No read,,Board,0,0,won,✓,1,1,0.5099,Kosova,1-0,2-1,0,verified,,
2026-10-07,2026-10-07T00:00:00Z,2026-10-06T22:00:37Z,Football,International friendly,United States,Canada,United States,home,0.5029,50.3,No read,,Board,0,0,won,✓,1,1,0.7468,United States,1-0,1-1,0,verified,,
2026-10-07,2026-10-07T18:15:00Z,2026-10-07T17:12:29Z,Football,Tercera División RFEF - Group 7,Las Rozas,RC Alcobendas,Las Rozas,home,0.4905,49.0,No read,,Board,0,0,won,✓,1,1,0.7384,Las Rozas,3-0,1-1,0,verified,,
2026-10-07,2026-10-07T11:30:00Z,2026-10-06T13:35:38Z,Football,League Two,Nantong Haimen Codion,Xiamen Feilu,Nantong Haimen Codion,home,0.4895,48.9,No read,,Board,0,0,won,✓,1,1,0.7512,Nantong Haimen Codion,2-0,1-1,0,verified,,
2026-10-07,2026-10-07T13:00:00Z,2026-10-06T13:35:38Z,Football,Premier League,Maroons,Lugazi,Maroons,home,0.4893,48.9,No read,,Board,0,0,won,✓,1,1,0.4893,Maroons,3-0,1-0,0,verified,,
2026-10-07,2026-10-07T13:00:00Z,2026-10-06T13:35:38Z,Football,Serie D - Girone A,Bra,Celle Varazze,Bra,home,0.4879,48.8,No read,,Board,0,0,won,✓,1,1,0.4879,Bra,2-0,1-0,0,verified,,
2026-10-07,2026-10-07T23:30:00Z,2026-10-07T22:38:28Z,Football,Serie A,Botafogo FR,CR Vasco da Gama,Botafogo FR,home,0.4877,48.8,No read,,Board,0,0,lost,✗,0,0,0.7404,CR Vasco da Gama,1-2,1-1,0,verified,,
2026-10-07,2026-10-07T23:00:00Z,2026-10-07T22:38:28Z,Football,Serie A,EC Vitória,Chapecoense AF,EC Vitória,home,0.4642,46.4,No read,,Board,0,0,won,✓,1,1,0.7453,EC Vitória,4-0,1-1,0,verified,celtic,
2026-10-07,2026-10-07T22:30:00Z,2026-10-07T22:06:59Z,Football,Serie B,Operário PR,Botafogo-SP,Operário PR,home,0.4568,45.7,No read,,Board,0,0,lost,✗,0,0,0.7526,Botafogo-SP,1-2,1-1,0,verified,celtic,
2026-10-07,2026-10-07T15:00:00Z,2026-10-07T14:12:55Z,Football,Canadian Premier League,York United,Supra du Quebec,York United,home,0.4525,45.2,No read,,Board,0,0,lost,✗,0,0,0.6881,Supra du Quebec,1-2,1-1,0,verified,,
2026-10-07,2026-10-07T10:00:00Z,2026-10-06T13:35:38Z,Football,Segunda División RFEF - Group 5,Real Madrid III,Guadalajara,Guadalajara,away,0.4511,45.1,No read,,Board,0,0,won,✓,1,0,0.7364,Draw,1-1,1-1,1,verified,celtic,
2026-10-07,2026-10-07T11:30:00Z,2026-10-06T13:35:38Z,Football,League One,Nanjing City,Shaanxi Union,Shaanxi Union,away,0.4475,44.8,No read,,Board,0,0,won,✓,1,1,0.7359,Shaanxi Union,1-4,1-1,0,verified,,
2026-10-07,2026-10-07T23:30:00Z,2026-10-07T22:38:28Z,Football,Serie B,América Mineiro,Fortaleza,Fortaleza,away,0.4448,44.5,No read,,Board,0,0,won,✓,1,1,0.4448,Fortaleza,0-1,0-1,0,verified,celtic,
2026-10-07,2026-10-07T13:00:00Z,2026-10-06T13:35:38Z,Football,Ýokary Liga,Ahal,Altyn Asyr,Ahal,home,0.4401,44.0,No read,,Board,0,0,lost,✗,0,0,0.7282,Altyn Asyr,0-2,1-1,0,verified,,
2026-10-07,2026-10-07T13:00:00Z,2026-10-06T13:35:38Z,Football,Premier Soccer League,Triangle United,Dynamos,Dynamos,away,0.4376,43.8,No read,,Board,0,0,lost,✗,0,0,0.4376,Draw,1-1,0-1,0,verified,,
2026-10-07,2026-10-07T00:30:00Z,2026-10-06T22:00:37Z,Football,Major League Soccer,Chicago Fire,Vancouver Whitecaps,Vancouver Whitecaps,away,0.4376,43.8,No read,,Board,0,0,lost,✗,0,0,0.698,Chicago Fire,3-1,1-1,0,verified,,
2026-10-07,2026-10-07T13:00:00Z,2026-10-06T13:35:38Z,Football,Premier League,Ntugasaze,Mbarara City,Ntugasaze,home,0.4219,42.2,No read,,Board,0,0,won,✓,1,1,0.7321,Ntugasaze,1-0,1-1,0,verified,,
2026-10-07,2026-10-07T21:00:00Z,2026-10-07T17:12:29Z,Football,Primera B,Leones,Barranquilla,Barranquilla,away,0.4194,41.9,No read,,Board,0,0,won,✓,1,0,0.7125,Draw,1-1,1-1,1,verified,,
2026-10-07,2026-10-07T23:30:00Z,2026-10-07T22:38:28Z,Football,Serie B,Vila Nova,Cuiabá,Vila Nova,home,0.4186,41.9,No read,,Board,0,0,won,✓,1,0,0.755,Draw,0-0,0-0,1,verified,celtic,
2026-10-07,2026-10-07T11:00:00Z,2026-10-06T13:35:38Z,Football,League One,Shenzhen Juniors,Guangzhou E-Power,Guangzhou E-Power,away,0.4121,41.2,No read,,Board,0,0,won,✓,1,1,0.6825,Guangzhou E-Power,1-4,1-1,0,verified,,
2026-10-07,2026-10-07T22:30:00Z,2026-10-07T22:06:59Z,Football,Serie B,Avaí,Londrina,Avaí,home,0.4083,40.8,No read,,Board,0,0,won,✓,1,1,0.7116,Avaí,2-1,1-1,0,verified,celtic,
2026-10-07,2026-10-07T18:45:00Z,2026-10-07T17:12:29Z,Football,Southern League Premier South,Gosport Borough,Poole Town,Gosport Borough,home,0.3998,40.0,No read,,Board,0,0,lost,✗,0,0,0.6677,Poole Town,1-3,1-1,0,verified,,
2026-10-07,2026-10-07T22:30:00Z,2026-10-07T22:06:59Z,Football,Serie A,Clube do Remo,Grêmio FBPA,Clube do Remo,home,0.3894,38.9,No read,,Board,0,0,won,✓,1,0,0.6874,Draw,1-1,1-1,1,verified,,
2026-10-07,2026-10-07T22:30:00Z,2026-10-07T22:06:59Z,Football,Serie A,SC Internacional,SC Corinthians Paulista,SC Internacional,home,0.3856,38.6,No read,,Board,0,0,won,✓,1,1,0.7137,SC Internacional,2-1,0-0,0,verified,,
2026-10-07,2026-10-07T15:00:00Z,2026-10-07T14:12:55Z,Football,Iraqi League,Mosul,Al Quwa Al Jawiya,Al Quwa Al Jawiya,away,0.3846,38.5,No read,,Board,0,0,won,✓,1,1,0.6621,Al Quwa Al Jawiya,0-3,1-1,0,verified,,
2026-10-07,2026-10-07T17:00:00Z,2026-10-07T14:12:55Z,Football,Ligue 1,Ben Aknoun,JS El Biar,JS El Biar,away,0.382,38.2,No read,,Board,0,0,won,✓,1,0,0.6689,Draw,2-2,1-1,1,verified,celtic,
2026-10-07,2026-10-07T11:30:00Z,2026-10-06T13:35:38Z,Football,League Two,Jiangxi Liansheng,Dalian Kewei,Jiangxi Liansheng,home,0.3776,37.8,No read,,Board,0,0,lost,✗,0,0,0.7211,Dalian Kewei,0-1,0-0,0,verified,,
2026-10-07,2026-10-07T22:00:00Z,2026-10-07T17:12:29Z,Football,Primera B,Popayan,Union Magdalena,Union Magdalena,away,0.3667,36.7,No read,,Board,0,0,won,✓,1,0,0.6469,Draw,1-1,1-1,1,verified,celtic,
2026-10-07,2026-10-07T23:30:00Z,2026-10-07T22:38:28Z,Football,Serie B,CRB,Atlético Goianiense,CRB,home,0.3551,35.5,No read,,Board,0,0,won,✓,1,1,0.6591,CRB,3-1,1-1,0,verified,celtic,
2026-10-07,2026-10-07T17:00:00Z,2026-10-07T14:12:55Z,Football,Ligue 1,CS Constantine,US Biskra,CS Constantine,home,0.3455,34.5,No read,,Board,0,0,won,✓,1,1,0.6629,CS Constantine,4-0,1-1,0,verified,celtic,
2026-10-08,2026-10-08T10:00:00Z,2026-10-08T09:07:11Z,Football,1. Division,Shakhter Karagandy,Akademiya Ontustik,Shakhter Karagandy,home,0.7355,73.6,Strong,,Reserve,0,1,won,✓,1,1,0.7355,Shakhter Karagandy,2-0,2-0,0,verified,,
2026-10-08,2026-10-08T11:30:00Z,2026-10-08T11:11:14Z,Football,Birinci Dasta,Səbail,Karvan,Səbail,home,0.5526,55.3,Lean,,Board,0,0,lost,✗,0,0,0.5526,Draw,1-1,1-0,0,verified,,
2026-10-08,2026-10-08T11:00:00Z,2026-10-08T10:48:59Z,Football,Liga 3,WIT Georgia,Gonio,WIT Georgia,home,0.5078,50.8,No read,,Board,0,0,won,✓,1,1,0.7666,WIT Georgia,2-0,1-1,0,verified,celtic,
2026-10-08,2026-10-08T12:00:00Z,2026-10-08T11:32:52Z,Football,Premier League,Shabab Al Sahel,Tadamon Sour,Shabab Al Sahel,home,0.4952,49.5,No read,,Board,0,0,lost,✗,0,0,0.4952,Tadamon Sour,0-1,1-0,0,verified,,
2026-10-08,2026-10-08T00:00:00Z,2026-10-07T23:42:05Z,Football,Primera Division,UNAN Managua,Real Estelí,Real Estelí,away,0.4624,46.2,No read,,Board,0,0,lost,✗,0,0,0.7461,UNAN Managua,1-0,1-1,0,verified,,
2026-10-08,2026-10-08T11:00:00Z,2026-10-08T10:48:59Z,Football,Ligi kuu Bara,Mashujaa,Polisi Tanzania,Polisi Tanzania,away,0.44,44.0,No read,,Board,0,0,lost,✗,0,0,0.44,Mashujaa,2-1,0-1,0,verified,,
2026-10-08,2026-10-08T11:00:00Z,2026-10-08T10:48:59Z,Football,1. Division,Aktobe Jas,Tobol 2,Aktobe Jas,home,0.4067,40.7,No read,,Board,0,0,won,✓,1,0,0.6052,Draw,4-4,2-2,1,verified,,
2026-10-08,2026-10-08T10:00:00Z,2026-10-08T09:07:11Z,Football,1. Division,Yelimay Semey 2,Arys,Arys,away,0.3974,39.7,No read,,Board,0,0,won,✓,1,1,0.6666,Arys,2-3,1-1,0,verified,,
2026-10-08,2026-10-08T11:00:00Z,2026-10-08T10:48:59Z,Football,1. Division,Kaspij Aktau 2,Astana II,Kaspij Aktau 2,home,0.3971,39.7,No read,,Board,0,0,won,✓,1,1,0.6387,Kaspij Aktau 2,6-0,1-1,0,verified,,
