date,start_utc,published_utc,sport,competition,home,away,pick,pick_side,confidence,confidence_pct,tier,tested_rate,group,on_daily_list,on_reserve,result,mark,correct,top_pick_correct,quoted_chance,winner,final_score,predicted_score,draw_read,verification,flags,note
2026-09-22,,2026-09-22T13:04:02Z,Tennis,WTA · Singapore Tennis Open presented by BNP Paribas · Round 1,Linda Fruhvirtova,Maria Sakkari,Maria Sakkari,B,0.6894,68.9,Firm,,Board,0,0,won,✓,1,1,0.6894,Maria Sakkari,,,,published before the start,,(7) Maria Sakkari (GRE) bt Linda Fruhvirtova (CZE) 6-4 6-1
2026-09-22,,2026-09-22T11:02:27Z,Tennis,WTA · Delta Motors Tolentino Open · Round 1,Alicia Herrero Linana,Barbora Palicova,Alicia Herrero Linana,A,0.584,58.4,Lean,,Board,0,0,lost,✗,0,0,0.584,Barbora Palicova,,,,published before the start,,Barbora Palicova (CZE) bt Alicia Herrero Linana (ESP) 6-7 (5-7) 6-1 7-5
2026-09-22,,2026-09-22T11:53:40Z,Tennis,WTA · Turk Telekom Ankara Open · Round 1,Carole Monnet,Fiona Crawley,Fiona Crawley,B,0.573,57.3,Lean,,Board,0,0,lost,✗,0,0,0.573,Carole Monnet,,,,published before the start,,Carole Monnet (FRA) bt Fiona Crawley (USA) 6-1 7-6 (7-4)
2026-09-22,,2026-09-22T14:35:44Z,Tennis,WTA · Delta Motors Tolentino Open · Round 1,Julia Grabher,Jennifer Ruggeri,Jennifer Ruggeri,B,0.5558,55.6,Lean,,Board,0,0,lost,✗,0,0,0.5558,Julia Grabher,,,,published before the start,,(3) Julia Grabher (AUT) bt Jennifer Ruggeri (ITA) 4-6 7-5 6-3
2026-09-22,,2026-09-22T13:04:02Z,Tennis,WTA · Delta Motors Tolentino Open · Round 1,Laura Pigossi,Ekaterine Gorgodze,Ekaterine Gorgodze,B,0.5554,55.5,Lean,,Board,0,0,won,✓,1,1,0.5554,Ekaterine Gorgodze,,,,published before the start,,(7) Ekaterine Gorgodze (GEO) bt Laura Pigossi (BRA) 6-1 5-7 6-3
2026-09-22,,2026-09-22T13:04:02Z,Tennis,WTA · Eupago Porto Open · Round 1,Carol Young Suh Lee,Harmony Tan,Carol Young Suh Lee,A,0.5302,53.0,No read,,Board,0,0,lost,✗,0,0,0.5302,Harmony Tan,,,,published before the start,,Harmony Tan (FRA) bt (4) Carol Young Suh Lee (USA) 6-3 7-5
2026-09-22,,2026-09-22T13:04:02Z,Tennis,WTA · Eupago Porto Open · Round 1,Gabriela Andrea Knutson,Katherine Sebov,Katherine Sebov,B,0.5236,52.4,No read,,Board,0,0,lost,✗,0,0,0.5236,Gabriela Andrea Knutson,,,,published before the start,,(7) Gabriela Knutson (CZE) bt Katherine Sebov (CAN) 6-4 6-2
2026-09-22,,2026-09-22T11:02:27Z,Tennis,WTA · Delta Motors Tolentino Open · Round 1,Katerina Tsygourova,Veronika Erjavec,Katerina Tsygourova,A,0.5184,51.8,No read,,Board,0,0,lost,✗,0,0,0.5184,Veronika Erjavec,,,,published before the start,,(6) Veronika Erjavec (SLO) bt Katerina Tsygourova (SUI) 4-6 6-3 6-4
2026-09-22,,2026-09-22T13:14:09Z,Tennis,WTA · Eupago Porto Open · Round 1,Mia Pohankova,Francisca Jorge,Francisca Jorge,B,0.5042,50.4,No read,,Board,0,0,lost,✗,0,0,0.5042,Mia Pohankova,,,,published before the start,,Mia Pohankova (SVK) bt Francisca Jorge (POR) 6-2 6-1
2026-09-22,,2026-09-22T14:35:44Z,Tennis,WTA · Eupago Porto Open · Round 1,Naiktha Bains,Victoria Jimenez Kasintseva,Naiktha Bains,A,0.5023,50.2,No read,,Board,0,0,won,✓,1,1,0.5023,Naiktha Bains,,,,published before the start,retired,Naiktha Bains (GBR) bt (8) Victoria Jimenez Kasintseva (AND) 5-2 ret
2026-09-23,,2026-09-23T09:59:41Z,Tennis,WTA · Singapore Tennis Open presented by BNP Paribas · Round 2,Aliaksandra Sasnovich,Mirra Andreeva,Mirra Andreeva,B,0.7636,76.4,Strong,,Board,0,0,won,✓,1,1,0.7636,Mirra Andreeva,,,,published before the start,,(1) Mirra Andreeva (RUS) bt Aliaksandra Sasnovich (BLR) 6-2 6-2
2026-09-23,,2026-09-23T09:59:41Z,Tennis,WTA · Singapore Tennis Open presented by BNP Paribas · Round 2,Leylah Fernandez,Alycia Parks,Leylah Fernandez,A,0.6504,65.0,Firm,,Board,0,0,won,✓,1,1,0.6504,Leylah Fernandez,,,,published before the start,,(6) Leylah Fernandez (CAN) bt Alycia Parks (USA) 6-4 6-3
2026-09-23,,2026-09-22T14:35:44Z,Tennis,ATP · Chengdu Open · Qualifying Final,Pavel Kotov,Shintaro Mochizuki,Pavel Kotov,A,0.6469,64.7,Firm,,Board,0,0,lost,✗,0,0,0.6469,Shintaro Mochizuki,,,,published before the start,,Shintaro Mochizuki (JPN) bt Pavel Kotov (RUS) 7-5 6-3
2026-09-23,,2026-09-22T14:35:44Z,Tennis,WTA · Korea Open · Round 2,Sohyun Park,Lanlana Tararudee,Lanlana Tararudee,B,0.6357,63.6,Firm,,Board,0,0,won,✓,1,1,0.6357,Lanlana Tararudee,,,,published before the start,,(3) Lanlana Tararudee (THA) bt Sohyun Park (KOR) 7-6 (7-5) 6-0
2026-09-23,,2026-09-22T14:35:44Z,Tennis,WTA · Korea Open · Round 2,Maya Joint,Dayeon Back,Maya Joint,A,0.6325,63.2,Firm,,Board,0,0,won,✓,1,1,0.6325,Maya Joint,,,,published before the start,,(5) Maya Joint (AUS) bt Dayeon Back (KOR) 6-2 6-1
2026-09-23,,2026-09-23T09:59:41Z,Tennis,WTA · Turk Telekom Ankara Open · Round 2,Polina Iatcenko,Weronika Falkowska,Polina Iatcenko,A,0.626,62.6,Firm,,Board,0,0,won,✓,1,1,0.626,Polina Iatcenko,,,,published before the start,,(2) Polina Iatcenko (RUS) bt Weronika Falkowska (POL) 6-3 6-4
2026-09-23,,2026-09-23T09:59:41Z,Tennis,WTA · Delta Motors Tolentino Open · Round 2,Mia Ristic,Noemi Basiletti,Noemi Basiletti,B,0.6105,61.1,Lean,,Board,0,0,lost,✗,0,0,0.6105,Mia Ristic,,,,published before the start,,Mia Ristic (SER) bt Noemi Basiletti (ITA) 6-3 3-6 6-3
2026-09-23,,2026-09-22T14:35:44Z,Tennis,ATP · AITO Hangzhou Open · Qualifying Final,Rio Noguchi,Dalibor Svrcina,Dalibor Svrcina,B,0.5656,56.6,Lean,,Board,0,0,won,✓,1,1,0.5656,Dalibor Svrcina,,,,published before the start,,Dalibor Svrcina (CZE) bt Rio Noguchi (JPN) 6-4 6-1
2026-09-23,,2026-09-22T14:35:44Z,Tennis,ATP · Chengdu Open · Round 1,Jenson Brooksby,Sebastian Baez,Jenson Brooksby,A,0.562,56.2,Lean,,Board,0,0,won,✓,1,1,0.562,Jenson Brooksby,,,,published before the start,,Jenson Brooksby (USA) bt (8) Sebastian Baez (ARG) 7-5 7-5
2026-09-23,,2026-09-23T09:59:41Z,Tennis,WTA · Eupago Porto Open · Round 2,Elena Malygina,Oceane Dodin,Oceane Dodin,B,0.5457,54.6,No read,,Board,0,0,lost,✗,0,0,0.5457,Elena Malygina,,,,published before the start,,Elena Malygina (EST) bt Oceane Dodin (FRA) 2-6 6-4 6-2
2026-09-23,,2026-09-23T09:59:41Z,Tennis,ATP · AITO Hangzhou Open · Round 1,Adam Walton,Valentin Royer,Adam Walton,A,0.5395,53.9,No read,,Board,0,0,lost,✗,0,0,0.5395,Valentin Royer,,,,published before the start,,Valentin Royer (FRA) bt Adam Walton (AUS) 6-3 6-4
2026-09-23,,2026-09-22T14:35:44Z,Tennis,WTA · Korea Open · Round 2,Katie Volynets,Kamilla Rakhimova,Kamilla Rakhimova,B,0.5343,53.4,No read,,Board,0,0,lost,✗,0,0,0.5343,Katie Volynets,,,,published before the start,,Katie Volynets (USA) bt (8) Kamilla Rakhimova (UZB) 6-3 6-0
2026-09-23,,2026-09-22T14:35:44Z,Tennis,ATP · AITO Hangzhou Open · Round 1,Kyrian Jacquet,Aleksandar Vukic,Aleksandar Vukic,B,0.5322,53.2,No read,,Board,0,0,lost,✗,0,0,0.5322,Kyrian Jacquet,,,,published before the start,,Kyrian Jacquet (FRA) bt Aleksandar Vukic (AUS) 7-6 (7-5) 3-6 6-3
2026-09-23,,2026-09-23T09:59:41Z,Tennis,WTA · Eupago Porto Open · Round 2,Sinja Kraus,Matilde Jorge,Sinja Kraus,A,0.5274,52.7,No read,,Board,0,0,won,✓,1,1,0.5274,Sinja Kraus,,,,published before the start,,(2) Sinja Kraus (AUT) bt Matilde Jorge (POR) 6-4 7-5
2026-09-23,,2026-09-23T09:59:41Z,Tennis,WTA · Eupago Porto Open · Round 2,Kajsa Rinaldo Persson,Maria Timofeeva,Maria Timofeeva,B,0.5248,52.5,No read,,Board,0,0,won,✓,1,1,0.5248,Maria Timofeeva,,,,published before the start,,(1) Maria Timofeeva (UZB) bt Kajsa Rinaldo Persson (SWE) 6-3 6-0
2026-09-23,,2026-09-22T14:35:44Z,Tennis,ATP · Chengdu Open · Qualifying Final,Alexis Galarneau,Lloyd Harris,Lloyd Harris,B,0.5203,52.0,No read,,Board,0,0,won,✓,1,1,0.5203,Lloyd Harris,,,,published before the start,,Lloyd Harris (RSA) bt Alexis Galarneau (CAN) 6-3 7-5
2026-09-23,,2026-09-22T14:35:44Z,Tennis,WTA · Singapore Tennis Open presented by BNP Paribas · Round 2,Maja Chwalinska,Oleksandra Oliynykova,Maja Chwalinska,A,0.5179,51.8,No read,,Board,0,0,won,✓,1,1,0.5179,Maja Chwalinska,,,,published before the start,,(5) Maja Chwalinska (POL) bt Oleksandra Oliynykova (UKR) 6-0 6-1
2026-09-23,,2026-09-23T09:59:41Z,Tennis,WTA · Delta Motors Tolentino Open · Round 2,Leyre Romero Gormaz,Jessica Pieri,Leyre Romero Gormaz,A,0.5164,51.6,No read,,Board,0,0,lost,✗,0,0,0.5164,Jessica Pieri,,,,published before the start,,Jessica Pieri (ITA) bt (5) Leyre Romero Gormaz (ESP) 3-6 6-4 6-1
2026-09-23,,2026-09-22T14:35:44Z,Tennis,ATP · Chengdu Open · Qualifying Final,Federico Cina,Nikoloz Basilashvili,Federico Cina,A,0.5059,50.6,No read,,Board,0,0,lost,✗,0,0,0.5059,Nikoloz Basilashvili,,,,published before the start,,Nikoloz Basilashvili (GEO) bt Federico Cina (ITA) 6-3 6-2
2026-09-23,,2026-09-22T14:35:44Z,Tennis,WTA,Barbora Krejcikova,Elise Mertens,,,,,,,Board,0,0,void,–,,,,,,,,published before the start,,(4) Elise Mertens (BEL) bt Barbora Krejcikova (CZE) w/o
2026-09-24,,2026-09-24T10:02:29Z,Tennis,ATP · Chengdu Open · Round 1,Shintaro Mochizuki,Martin Damm,Martin Damm,B,0.7218,72.2,Strong,,Board,0,0,won,✓,1,1,0.7218,Martin Damm,,,,published before the start,,Martin Damm (USA) bt Shintaro Mochizuki (JPN) 6-1 6-4
2026-09-24,,2026-09-24T10:02:29Z,Tennis,WTA · Singapore Tennis Open presented by BNP Paribas · Round 2,Nao Hibino,Maria Sakkari,Maria Sakkari,B,0.7194,71.9,Strong,,Board,0,0,won,✓,1,1,0.7194,Maria Sakkari,,,,published before the start,,(7) Maria Sakkari (GRE) bt Nao Hibino (JPN) 7-5 6-1
2026-09-24,,2026-09-24T10:02:29Z,Tennis,WTA · Singapore Tennis Open presented by BNP Paribas · Round 2,Alexandra Eala,Tatiana Prozorova,Alexandra Eala,A,0.703,70.3,Strong,,Board,0,0,lost,✗,0,0,0.703,Tatiana Prozorova,,,,published before the start,,Tatiana Prozorova (RUS) bt (3) Alexandra Eala (PHI) 4-6 7-5 6-3
2026-09-24,,2026-09-23T21:46:07Z,Tennis,WTA · Korea Open · Round 2,Elena Gabriela Ruse,Yeon Woo Ku,Elena Gabriela Ruse,A,0.6956,69.6,Firm,,Board,0,0,won,✓,1,1,0.6956,Elena Gabriela Ruse,,,,published before the start,,(4) Elena-Gabriela Ruse (ROM) bt Yeonwoo Ku (KOR) 2-6 7-6 (7-1) 6-1
2026-09-24,,2026-09-24T10:02:29Z,Tennis,ATP · Chengdu Open · Round 1,Hubert Hurkacz,Alexander Shevchenko,Hubert Hurkacz,A,0.6534,65.3,Firm,,Board,0,0,won,✓,1,1,0.6534,Hubert Hurkacz,,,,published before the start,,(5) Hubert Hurkacz (POL) bt Aleksandr Shevchenko (KAZ) 6-3 7-6 (12-10)
2026-09-24,,2026-09-24T10:02:29Z,Tennis,WTA · Delta Motors Tolentino Open · Round 2,Oksana Selekhmeteva,Samira De Stefano,Samira De Stefano,B,0.6356,63.6,Firm,,Board,0,0,lost,✗,0,0,0.6356,Oksana Selekhmeteva,,,,published before the start,,(2) Oksana Selekhmeteva (ESP) bt Samira De Stefano (ITA) 5-7 6-1 6-2
2026-09-24,,2026-09-23T21:46:07Z,Tennis,ATP · Chengdu Open · Round 1,Lorenzo Sonego,James Duckworth,Lorenzo Sonego,A,0.6262,62.6,Firm,,Board,0,0,won,✓,1,1,0.6262,Lorenzo Sonego,,,,published before the start,,Lorenzo Sonego (ITA) bt James Duckworth (AUS) 6-4 6-4
2026-09-24,,2026-09-24T10:02:29Z,Tennis,WTA · Delta Motors Tolentino Open · Round 2,Julia Grabher,Alice Tubello,Alice Tubello,B,0.6088,60.9,Lean,,Board,0,0,lost,✗,0,0,0.6088,Julia Grabher,,,,published before the start,,(3) Julia Grabher (AUT) bt Alice Tubello (FRA) 3-6 6-3 6-4
2026-09-24,,2026-09-23T21:46:07Z,Tennis,WTA · Korea Open · Round 2,Taylah Preston,Jelena Ostapenko,Jelena Ostapenko,B,0.6046,60.5,Lean,,Board,0,0,lost,✗,0,0,0.6046,Taylah Preston,,,,published before the start,,Taylah Preston (AUS) bt (1) Jelena Ostapenko (LAT) 6-4 6-1
2026-09-24,,2026-09-23T21:46:07Z,Tennis,ATP · AITO Hangzhou Open · Round 1,Kamil Majchrzak,Mattia Bellucci,Kamil Majchrzak,A,0.5964,59.6,Lean,,Board,0,0,won,✓,1,1,0.5964,Kamil Majchrzak,,,,published before the start,,(8) Kamil Majchrzak (POL) bt Mattia Bellucci (ITA) 6-3 6-4
2026-09-24,,2026-09-23T21:46:07Z,Tennis,ATP · Chengdu Open · Round 1,Nikoloz Basilashvili,Miomir Kecmanovic,Miomir Kecmanovic,B,0.586,58.6,Lean,,Board,0,0,lost,✗,0,0,0.586,Nikoloz Basilashvili,,,,published before the start,,Nikoloz Basilashvili (GEO) bt Miomir Kecmanovic (SER) 7-6 (7-3) 6-4
2026-09-24,,2026-09-23T21:46:07Z,Tennis,ATP · AITO Hangzhou Open · Round 1,Terence Atmane,Jaime Faria,Terence Atmane,A,0.5826,58.3,Lean,,Board,0,0,lost,✗,0,0,0.5826,Jaime Faria,,,,published before the start,,(7) Jaime Faria (POR) bt Terence Atmane (FRA) 3-6 7-6 (11-9) 6-4
2026-09-24,,2026-09-23T21:46:07Z,Tennis,ATP · AITO Hangzhou Open · Round 1,Alex Bolt,Fabian Marozsan,Fabian Marozsan,B,0.579,57.9,Lean,,Board,0,0,won,✓,1,1,0.579,Fabian Marozsan,,,,published before the start,,(6) Fabian Marozsan (HUN) bt Alex Bolt (AUS) 6-4 6-2
2026-09-24,,2026-09-24T10:02:29Z,Tennis,WTA · Delta Motors Tolentino Open · Round 2,Barbora Palicova,Ekaterine Gorgodze,Ekaterine Gorgodze,B,0.5787,57.9,Lean,,Board,0,0,won,✓,1,1,0.5787,Ekaterine Gorgodze,,,,published before the start,,(7) Ekaterine Gorgodze (GEO) bt Barbora Palicova (CZE) 7-5 7-5
2026-09-24,,2026-09-23T21:46:07Z,Tennis,WTA · Singapore Tennis Open presented by BNP Paribas · Round 2,Viktoria Morvayova,Talia Gibson,Talia Gibson,B,0.5786,57.9,Lean,,Board,0,0,won,✓,1,1,0.5786,Talia Gibson,,,,published before the start,,Talia Gibson (AUS) bt Viktoria Morvayova (SVK) 7-6 (7-2) 7-6 (7-1)
2026-09-24,,2026-09-23T21:46:07Z,Tennis,WTA · Korea Open · Round 2,Alina Charaeva,Anna Bondar,Anna Bondar,B,0.5693,56.9,Lean,,Board,0,0,won,✓,1,1,0.5693,Anna Bondar,,,,published before the start,,(6) Anna Bondar (HUN) bt Alina Charaeva (ARM) 6-4 6-7 (6-8) 7-6 (7-5)
2026-09-24,,2026-09-23T21:46:07Z,Tennis,ATP · AITO Hangzhou Open · Round 1,Dalibor Svrcina,Rinky Hijikata,Dalibor Svrcina,A,0.5646,56.5,Lean,,Board,0,0,lost,✗,0,0,0.5646,Rinky Hijikata,,,,published before the start,,Rinky Hijikata (AUS) bt Dalibor Svrcina (CZE) 7-6 (7-4) 6-4
2026-09-24,,2026-09-23T21:46:07Z,Tennis,WTA · Turk Telekom Ankara Open · Round 2,Anastasia Gasanova,Carole Monnet,Anastasia Gasanova,A,0.5621,56.2,Lean,,Board,0,0,won,✓,1,1,0.5621,Anastasia Gasanova,,,,published before the start,,(6) Anastasia Gasanova (RUS) bt Carole Monnet (FRA) 6-2 6-1
2026-09-24,,2026-09-23T21:46:07Z,Tennis,ATP · AITO Hangzhou Open · Round 1,Michael Zheng,Bu Yunchaokete,Bu Yunchaokete,B,0.5403,54.0,No read,,Board,0,0,won,✓,1,1,0.5403,Bu Yunchaokete,,,,published before the start,,Yunchaokete Bu (CHN) bt Michael Zheng (USA) 6-4 6-3
2026-09-24,,2026-09-24T10:02:29Z,Tennis,WTA · Delta Motors Tolentino Open · Round 2,Nuria Brancaccio,Veronika Erjavec,Veronika Erjavec,B,0.5361,53.6,No read,,Board,0,0,lost,✗,0,0,0.5361,Nuria Brancaccio,,,,published before the start,retired,Nuria Brancaccio (ITA) bt (6) Veronika Erjavec (SLO) 5-7 5-3 ret
2026-09-24,,2026-09-24T10:02:29Z,Tennis,ATP · Chengdu Open · Round 1,Aleksandar Kovacevic,Lloyd Harris,Lloyd Harris,B,0.5346,53.5,No read,,Board,0,0,won,✓,1,1,0.5346,Lloyd Harris,,,,published before the start,,Lloyd Harris (RSA) bt Aleksandar Kovacevic (USA) 6-3 6-4
2026-09-24,,2026-09-23T21:46:07Z,Tennis,ATP · AITO Hangzhou Open · Round 1,Taro Daniel,Dane Sweeny,Dane Sweeny,B,0.5279,52.8,No read,,Board,0,0,lost,✗,0,0,0.5279,Taro Daniel,,,,published before the start,,Taro Daniel (JPN) bt Dane Sweeny (AUS) 7-6 (8-6) 6-2
2026-09-24,,2026-09-23T21:46:07Z,Tennis,ATP · Chengdu Open · Round 1,Alexandre Muller,Moise Kouame,Alexandre Muller,A,0.5268,52.7,No read,,Board,0,0,won,✓,1,1,0.5268,Alexandre Muller,,,,published before the start,,Alexandre Muller (FRA) bt Moise Kouame (FRA) 6-4 6-0
2026-09-24,,2026-09-24T10:02:29Z,Tennis,WTA · Eupago Porto Open · Round 2,Mia Pohankova,Veronika Podrez,Mia Pohankova,A,0.5162,51.6,No read,,Board,0,0,won,✓,1,1,0.5162,Mia Pohankova,,,,published before the start,,Mia Pohankova (SVK) bt (3) Veronika Podrez (UKR) 6-3 6-4
2026-09-24,,2026-09-23T21:46:07Z,Tennis,ATP · AITO Hangzhou Open · Round 1,Hugo Gaston,Sho Shimabukuro,Hugo Gaston,A,0.5145,51.4,No read,,Board,0,0,won,✓,1,1,0.5145,Hugo Gaston,,,,published before the start,,Hugo Gaston (FRA) bt Sho Shimabukuro (JPN) 6-4 6-4
2026-09-24,,2026-09-24T10:02:29Z,Tennis,WTA · Eupago Porto Open · Round 2,Katie Swan,Valentina Steiner,Valentina Steiner,B,0.512,51.2,No read,,Board,0,0,lost,✗,0,0,0.512,Katie Swan,,,,published before the start,,(9) Katie Swan (GBR) bt Valentina Steiner (GER) 6-1 6-0
2026-09-24,,2026-09-23T21:46:07Z,Tennis,ATP · Chengdu Open · Round 1,Denis Shapovalov,Tallon Griekspoor,Tallon Griekspoor,B,0.5114,51.1,No read,,Board,0,0,lost,✗,0,0,0.5114,Denis Shapovalov,,,,published before the start,,(7) Denis Shapovalov (CAN) bt Tallon Griekspoor (NED) 6-4 7-6 (7-3)
2026-09-24,,2026-09-23T21:46:07Z,Tennis,WTA · Turk Telekom Ankara Open · Round 2,Elena Ruxandra Bertea,Teodora Kostovic,Teodora Kostovic,B,0.5041,50.4,No read,,Board,0,0,won,✓,1,1,0.5041,Teodora Kostovic,,,,published before the start,,(5) Teodora Kostovic (SER) bt Elena Ruxandra Bertea (ROM) 6-3 6-1
2026-09-25,,2026-09-24T10:02:29Z,Tennis,ATP · AITO Hangzhou Open · Round 2,Andrey Rublev,Rinky Hijikata,Andrey Rublev,A,0.6948,69.5,Firm,,Board,0,0,won,✓,1,1,0.6948,Andrey Rublev,,,,published before the start,,(2) Andrey Rublev (RUS) bt Rinky Hijikata (AUS) 6-3 6-3
2026-09-25,,2026-09-25T10:12:31Z,Tennis,WTA · Singapore Tennis Open presented by BNP Paribas · Quarterfinal,Leylah Fernandez,Mirra Andreeva,Mirra Andreeva,B,0.692,69.2,Firm,,Board,0,0,lost,✗,0,0,0.692,Leylah Fernandez,,,,published before the start,,(6) Leylah Fernandez (CAN) bt (1) Mirra Andreeva (RUS) 6-2 7-5
2026-09-25,,2026-09-24T10:02:29Z,Tennis,ATP · AITO Hangzhou Open · Round 2,Taro Daniel,Fabian Marozsan,Fabian Marozsan,B,0.6583,65.8,Firm,,Board,0,0,won,✓,1,1,0.6583,Fabian Marozsan,,,,published before the start,,(6) Fabian Marozsan (HUN) bt Taro Daniel (JPN) 6-7 (2-7) 7-5 7-6 (7-1)
2026-09-25,,2026-09-24T10:02:29Z,Tennis,ATP · AITO Hangzhou Open · Round 2,Tomas Martin Etcheverry,Kyrian Jacquet,Tomas Martin Etcheverry,A,0.6438,64.4,Firm,,Board,0,0,lost,✗,0,0,0.6438,Kyrian Jacquet,,,,published before the start,,Kyrian Jacquet (FRA) bt (3) Tomas Martin Etcheverry (ARG) 6-2 6-3
2026-09-25,,2026-09-25T10:12:31Z,Tennis,WTA · Eupago Porto Open · Quarterfinal,Katie Swan,Mia Pohankova,Mia Pohankova,B,0.6182,61.8,Lean,,Board,0,0,won,✓,1,1,0.6182,Mia Pohankova,,,,published before the start,,Mia Pohankova (SVK) bt (9) Katie Swan (GBR) 3-6 7-5 6-1
2026-09-25,,2026-09-25T10:12:31Z,Tennis,WTA · Delta Motors Tolentino Open · Quarterfinal,Rebeka Masarova,Guiomar Maristany Zuleta De Reales,Rebeka Masarova,A,0.6115,61.2,Lean,,Board,0,0,lost,✗,0,0,0.6115,Guiomar Maristany Zuleta De Reales,,,,published before the start,,(9) Guiomar Maristany Zuleta De Reales (ESP) bt (8) Rebeka Masarova (SUI) 6-4 6-3
2026-09-25,,2026-09-24T10:02:29Z,Tennis,WTA · Singapore Tennis Open presented by BNP Paribas · Quarterfinal,Maja Chwalinska,Elise Mertens,Elise Mertens,B,0.5897,59.0,Lean,,Board,0,0,lost,✗,0,0,0.5897,Maja Chwalinska,,,,published before the start,,(5) Maja Chwalinska (POL) bt (4) Elise Mertens (BEL) 6-2 6-2
2026-09-25,,2026-09-25T10:12:31Z,Tennis,WTA · Singapore Tennis Open presented by BNP Paribas · Quarterfinal,Talia Gibson,Maria Sakkari,Maria Sakkari,B,0.5854,58.5,Lean,,Board,0,0,lost,✗,0,0,0.5854,Talia Gibson,,,,published before the start,,Talia Gibson (AUS) bt (7) Maria Sakkari (GRE) 6-1 4-6 6-2
2026-09-25,,2026-09-24T10:02:29Z,Tennis,ATP · Chengdu Open · Round 2,Denis Shapovalov,Vit Kopriva,Denis Shapovalov,A,0.5737,57.4,Lean,,Board,0,0,won,✓,1,1,0.5737,Denis Shapovalov,,,,published before the start,,(7) Denis Shapovalov (CAN) bt Vit Kopriva (CZE) 6-2 6-3
2026-09-25,,2026-09-25T10:12:31Z,Tennis,WTA · Delta Motors Tolentino Open · Quarterfinal,Julia Grabher,Nuria Brancaccio,Julia Grabher,A,0.5549,55.5,Lean,,Board,0,0,won,✓,1,1,0.5549,Julia Grabher,,,,published before the start,,(3) Julia Grabher (AUT) bt Nuria Brancaccio (ITA) 2-6 6-1 6-4
2026-09-25,,2026-09-25T10:12:31Z,Tennis,ATP · AITO Hangzhou Open · Round 2,Hugo Gaston,Jaime Faria,Jaime Faria,B,0.5537,55.4,Lean,,Board,0,0,lost,✗,0,0,0.5537,Hugo Gaston,,,,published before the start,,Hugo Gaston (FRA) bt (7) Jaime Faria (POR) 4-6 7-6 (7-5) 6-4
2026-09-25,,2026-09-25T10:12:31Z,Tennis,WTA · Eupago Porto Open · Quarterfinal,Gabriela Andrea Knutson,Maria Timofeeva,Gabriela Andrea Knutson,A,0.5534,55.3,Lean,,Board,0,0,lost,✗,0,0,0.5534,Maria Timofeeva,,,,published before the start,,(1) Maria Timofeeva (UZB) bt (7) Gabriela Knutson (CZE) 6-1 6-2
2026-09-25,,2026-09-25T10:12:31Z,Tennis,WTA · Eupago Porto Open · Quarterfinal,Sinja Kraus,Elena Malygina,Sinja Kraus,A,0.5488,54.9,No read,,Board,0,0,won,✓,1,1,0.5488,Sinja Kraus,,,,published before the start,,(2) Sinja Kraus (AUT) bt Elena Malygina (EST) 6-7 (5-7) 6-3 6-4
2026-09-25,,2026-09-24T10:02:29Z,Tennis,ATP · Chengdu Open · Round 2,Lorenzo Sonego,Jenson Brooksby,Jenson Brooksby,B,0.5398,54.0,No read,,Board,0,0,won,✓,1,1,0.5398,Jenson Brooksby,,,,published before the start,,Jenson Brooksby (USA) bt Lorenzo Sonego (ITA) 5-7 7-5 6-2
2026-09-25,,2026-09-25T10:12:31Z,Tennis,WTA · Delta Motors Tolentino Open · Quarterfinal,Jessica Pieri,Mia Ristic,Mia Ristic,B,0.5289,52.9,No read,,Board,0,0,lost,✗,0,0,0.5289,Jessica Pieri,,,,published before the start,,Jessica Pieri (ITA) bt Mia Ristic (SER) 6-4 6-4
2026-09-25,,2026-09-25T10:12:31Z,Tennis,WTA · Delta Motors Tolentino Open · Quarterfinal,Oksana Selekhmeteva,Ekaterine Gorgodze,Oksana Selekhmeteva,A,0.5084,50.8,No read,,Board,0,0,won,✓,1,1,0.5084,Oksana Selekhmeteva,,,,published before the start,,(2) Oksana Selekhmeteva (ESP) bt (7) Ekaterine Gorgodze (GEO) 6-1 2-6 6-2
2026-09-26,,2026-09-26T09:55:47Z,Tennis,ATP · AITO Hangzhou Open · Round 2,Valentin Royer,Daniil Medvedev,Daniil Medvedev,B,0.7976,79.8,Strong,,Board,0,0,won,✓,1,1,0.7976,Daniil Medvedev,,,,published before the start,,(1) Daniil Medvedev (RUS) bt Valentin Royer (FRA) 7-6 (8-6) 6-3
2026-09-26,,2026-09-25T10:12:31Z,Tennis,ATP · Chengdu Open · Round 2,Lloyd Harris,Valentin Vacherot,Valentin Vacherot,B,0.7081,70.8,Strong,,Board,0,0,lost,✗,0,0,0.7081,Lloyd Harris,,,,published before the start,,Lloyd Harris (RSA) bt (1) Valentin Vacherot (MON) 6-4 7-6 (7-5)
2026-09-26,,2026-09-25T10:12:31Z,Tennis,ATP · Chengdu Open · Round 2,Alejandro Davidovich Fokina,Juan Manuel Cerundolo,Alejandro Davidovich Fokina,A,0.6573,65.7,Firm,,Board,0,0,won,✓,1,1,0.6573,Alejandro Davidovich Fokina,,,,published before the start,,(2) Alejandro Davidovich Fokina (ESP) bt Juan Manuel Cerundolo (ARG) 6-4 6-4
2026-09-26,,2026-09-26T09:55:47Z,Tennis,WTA · Adana Open · Qualifying 1st Round,Elena Micic,Isabella Shinikova,Elena Micic,A,0.6326,63.3,Firm,,Board,0,0,won,✓,1,1,0.6326,Elena Micic,,,,published before the start,,Elena Micic (AUS) bt Isabella Shinikova (BUL) 6-2 6-1
2026-09-26,,2026-09-26T09:55:47Z,Tennis,ATP · AITO Hangzhou Open · Round 2,Adolfo Daniel Vallejo,Chak Lam Coleman Wong,Adolfo Daniel Vallejo,A,0.621,62.1,Firm,,Board,0,0,lost,✗,0,0,0.621,Chak Lam Coleman Wong,,,,published before the start,,Chak Lam Coleman Wong (HKG) bt (5) Adolfo Daniel Vallejo (PAR) 7-6 (7-2) 4-6 6-3
2026-09-26,,2026-09-25T10:12:31Z,Tennis,ATP · Chengdu Open · Round 2,Hubert Hurkacz,Martin Damm,Hubert Hurkacz,A,0.6201,62.0,Firm,,Board,0,0,won,✓,1,1,0.6201,Hubert Hurkacz,,,,published before the start,,(5) Hubert Hurkacz (POL) bt Martin Damm (USA) 4-6 6-3 6-4
2026-09-26,,2026-09-26T09:55:47Z,Tennis,WTA · Eupago Porto Open · Semifinal,Mia Pohankova,Maria Timofeeva,Mia Pohankova,A,0.6049,60.5,Lean,,Board,0,0,lost,✗,0,0,0.6049,Maria Timofeeva,,,,published before the start,,(1) Maria Timofeeva (UZB) bt Mia Pohankova (SVK) 6-2 6-7 (3-7) 6-3
2026-09-26,,2026-09-25T10:12:31Z,Tennis,WTA · Korea Open · Quarterfinal,Alina Korneeva,Taylah Preston,Taylah Preston,B,0.5937,59.4,Lean,,Board,0,0,lost,✗,0,0,0.5937,Alina Korneeva,,,,published before the start,,Alina Korneeva (RUS) bt Taylah Preston (AUS) 6-1 6-4
2026-09-26,,2026-09-25T10:12:31Z,Tennis,ATP · AITO Hangzhou Open · Round 2,Kamil Majchrzak,Bu Yunchaokete,Kamil Majchrzak,A,0.5891,58.9,Lean,,Board,0,0,lost,✗,0,0,0.5891,Bu Yunchaokete,,,,published before the start,,Yunchaokete Bu (CHN) bt (8) Kamil Majchrzak (POL) 7-6 (7-4) 6-7 (5-7) 6-2
2026-09-26,,2026-09-25T10:12:31Z,Tennis,WTA · Korea Open · Quarterfinal,Kimberly Birrell,Katie Volynets,Kimberly Birrell,A,0.5876,58.8,Lean,,Board,0,0,won,✓,1,1,0.5876,Kimberly Birrell,,,,published before the start,,(2) Kimberly Birrell (AUS) bt Katie Volynets (USA) 2-6 6-2 7-5
2026-09-26,,2026-09-25T10:12:31Z,Tennis,ATP · Chengdu Open · Round 2,Alexandre Muller,Federico Cina,Alexandre Muller,A,0.5687,56.9,Lean,,Board,0,0,won,✓,1,1,0.5687,Alexandre Muller,,,,published before the start,,Alexandre Muller (FRA) bt Federico Cina (ITA) 7-6 (7-3) 6-1
2026-09-26,,2026-09-26T09:55:47Z,Tennis,WTA · Delta Motors Tolentino Open · Semifinal,Oksana Selekhmeteva,Julia Grabher,Oksana Selekhmeteva,A,0.5669,56.7,Lean,,Board,0,0,lost,✗,0,0,0.5669,Julia Grabher,,,,published before the start,,(3) Julia Grabher (AUT) bt (2) Oksana Selekhmeteva (ESP) 7-6 (7-5) 6-1
2026-09-26,,2026-09-25T10:12:31Z,Tennis,WTA · Korea Open · Quarterfinal,Maya Joint,Lanlana Tararudee,Maya Joint,A,0.5601,56.0,Lean,,Board,0,0,won,✓,1,1,0.5601,Maya Joint,,,,published before the start,,(5) Maya Joint (AUS) bt (3) Lanlana Tararudee (THA) 6-4 6-3
2026-09-26,,2026-09-26T09:55:47Z,Tennis,WTA · Turk Telekom Ankara Open · Semifinal,Polina Iatcenko,Teodora Kostovic,Polina Iatcenko,A,0.5596,56.0,Lean,,Board,0,0,lost,✗,0,0,0.5596,Teodora Kostovic,,,,published before the start,,(5) Teodora Kostovic (SER) bt (2) Polina Iatcenko (RUS) 7-5 7-5
2026-09-26,,2026-09-25T10:12:31Z,Tennis,WTA · Korea Open · Quarterfinal,Elena Gabriela Ruse,Anna Bondar,Elena Gabriela Ruse,A,0.5579,55.8,Lean,,Board,0,0,lost,✗,0,0,0.5579,Anna Bondar,,,,published before the start,,(6) Anna Bondar (HUN) bt (4) Elena-Gabriela Ruse (ROM) 6-4 1-6 6-2
2026-09-26,,2026-09-26T09:55:47Z,Tennis,WTA · Singapore Tennis Open presented by BNP Paribas · Semifinal,Maja Chwalinska,Leylah Fernandez,Leylah Fernandez,B,0.5228,52.3,No read,,Board,0,0,won,✓,1,1,0.5228,Leylah Fernandez,,,,published before the start,,(6) Leylah Fernandez (CAN) bt (5) Maja Chwalinska (POL) 1-6 6-4 6-2
2026-09-26,,2026-09-25T10:12:31Z,Tennis,WTA · Jingshan Tennis Open · Qualifying 1st Round,Hiroko Kuwata,Amelia Rajecki,Amelia Rajecki,B,0.5175,51.7,No read,,Board,0,0,won,✓,1,1,0.5175,Amelia Rajecki,,,,published before the start,,Amelia Rajecki (GBR) bt Hiroko Kuwata (JPN) 6-1 1-6 6-1
2026-09-26,,2026-09-25T10:12:31Z,Tennis,ATP · AITO Hangzhou Open · Round 2,Roman Safiullin,Quentin Halys,Roman Safiullin,A,0.5023,50.2,No read,,Board,0,0,won,✓,1,1,0.5023,Roman Safiullin,,,,published before the start,,Roman Safiullin (RUS) bt (4) Quentin Halys (FRA) 5-7 6-3 6-4
2026-09-26,,2026-09-26T09:55:47Z,Tennis,WTA · Delta Motors Tolentino Open · Semifinal,Jessica Pieri,Guiomar Maristany Zuleta De Reales,Guiomar Maristany Zuleta De Reales,B,0.5003,50.0,No read,,Board,0,0,won,✓,1,1,0.5003,Guiomar Maristany Zuleta De Reales,,,,published before the start,,(9) Guiomar Maristany Zuleta De Reales (ESP) bt Jessica Pieri (ITA) 6-1 6-2
2026-09-27,,2026-09-27T10:34:11Z,Tennis,ATP · AITO Hangzhou Open · Quarterfinal,Chak Lam Coleman Wong,Daniil Medvedev,Daniil Medvedev,B,0.7732,77.3,Strong,,Board,0,0,won,✓,1,1,0.7732,Daniil Medvedev,,,,published before the start,,(1) Daniil Medvedev (RUS) bt Chak Lam Coleman Wong (HKG) 6-3 6-7 (2-7) 6-3
2026-09-27,,2026-09-26T09:55:47Z,Tennis,ATP · AITO Hangzhou Open · Quarterfinal,Andrey Rublev,Hugo Gaston,Andrey Rublev,A,0.7437,74.4,Strong,,Board,0,0,won,✓,1,1,0.7437,Andrey Rublev,,,,published before the start,,(2) Andrey Rublev (RUS) bt Hugo Gaston (FRA) 6-7 (6-8) 7-6 (7-4) 6-1
2026-09-27,,2026-09-27T10:34:11Z,Tennis,WTA · Adana Open · Qualifying Final,Anastasia Tikhonova,Viktoria Hruncakova,Viktoria Hruncakova,B,0.702,70.2,Strong,,Board,0,0,lost,✗,0,0,0.702,Anastasia Tikhonova,,,,published before the start,,Anastasia Tikhonova (RUS) bt Viktoria Hruncakova (SVK) 6-1 6-2
2026-09-27,,2026-09-27T10:34:11Z,Tennis,WTA · Adana Open · Qualifying Final,Lois Boisson,Fiona Crawley,Lois Boisson,A,0.6758,67.6,Firm,,Board,0,0,lost,✗,0,0,0.6758,Fiona Crawley,,,,published before the start,,Fiona Crawley (USA) bt Lois Boisson (FRA) 2-6 6-3 7-5
2026-09-27,,2026-09-27T10:34:11Z,Tennis,ATP · Chengdu Open · Quarterfinal,Hubert Hurkacz,Lloyd Harris,Hubert Hurkacz,A,0.6596,66.0,Firm,,Board,0,0,won,✓,1,1,0.6596,Hubert Hurkacz,,,,published before the start,,(5) Hubert Hurkacz (POL) bt Lloyd Harris (RSA) 7-6 (12-10) 6-4
2026-09-27,,2026-09-26T09:55:47Z,Tennis,ATP · Chengdu Open · Quarterfinal,Alejandro Davidovich Fokina,Alexandre Muller,Alejandro Davidovich Fokina,A,0.6432,64.3,Firm,,Board,0,0,won,✓,1,1,0.6432,Alejandro Davidovich Fokina,,,,published before the start,,(2) Alejandro Davidovich Fokina (ESP) bt Alexandre Muller (FRA) 6-1 7-5
2026-09-27,,2026-09-26T09:55:47Z,Tennis,ATP · Chengdu Open · Quarterfinal,Nikoloz Basilashvili,Jenson Brooksby,Jenson Brooksby,B,0.6227,62.3,Firm,,Board,0,0,lost,✗,0,0,0.6227,Nikoloz Basilashvili,,,,published before the start,,Nikoloz Basilashvili (GEO) bt Jenson Brooksby (USA) 6-4 7-6 (7-4)
2026-09-27,,2026-09-26T09:55:47Z,Tennis,ATP · Chengdu Open · Quarterfinal,Denis Shapovalov,Adrian Mannarino,Denis Shapovalov,A,0.5978,59.8,Lean,,Board,0,0,won,✓,1,1,0.5978,Denis Shapovalov,,,,published before the start,,(7) Denis Shapovalov (CAN) bt Adrian Mannarino (FRA) 6-7 (6-8) 6-3 6-2
2026-09-27,,2026-09-27T10:34:11Z,Tennis,WTA · Adana Open · Qualifying Final,Elena Micic,Erika Andreeva,Elena Micic,A,0.5951,59.5,Lean,,Board,0,0,lost,✗,0,0,0.5951,Erika Andreeva,,,,published before the start,,Erika Andreeva (RUS) bt Elena Micic (AUS) 6-2 6-2
2026-09-27,,2026-09-26T09:55:47Z,Tennis,ATP · AITO Hangzhou Open · Quarterfinal,Kyrian Jacquet,Fabian Marozsan,Fabian Marozsan,B,0.586,58.6,Lean,,Board,0,0,lost,✗,0,0,0.586,Kyrian Jacquet,,,,published before the start,,Kyrian Jacquet (FRA) bt (6) Fabian Marozsan (HUN) 7-6 (14-12) 6-4
2026-09-27,,2026-09-27T10:34:11Z,Tennis,WTA · Delta Motors Tolentino Open · Final,Julia Grabher,Guiomar Maristany Zuleta De Reales,Guiomar Maristany Zuleta De Reales,B,0.5338,53.4,No read,,Board,0,0,lost,✗,0,0,0.5338,Julia Grabher,,,,published before the start,,(3) Julia Grabher (AUT) bt (9) Guiomar Maristany Zuleta De Reales (ESP) 7-6 (7-5) 6-2
2026-09-27,,2026-09-27T10:34:11Z,Tennis,ATP · AITO Hangzhou Open · Quarterfinal,Bu Yunchaokete,Roman Safiullin,Roman Safiullin,B,0.533,53.3,No read,,Board,0,0,won,✓,1,1,0.533,Roman Safiullin,,,,published before the start,,Roman Safiullin (RUS) bt Yunchaokete Bu (CHN) 6-3 6-3
2026-09-28,,2026-09-27T23:48:09Z,Tennis,ATP · AITO Hangzhou Open · Semifinal,Roman Safiullin,Daniil Medvedev,Daniil Medvedev,B,0.816,81.6,Strong,0.8559,Daily List,1,0,won,✓,1,1,0.816,Daniil Medvedev,,,,published before the start,,(1) Daniil Medvedev (RUS) bt Roman Safiullin (RUS) 7-5 6-4
2026-09-28,,2026-09-27T23:48:09Z,Tennis,ATP · Kinoshita Group Japan Open Tennis Championships · Qualifying 1st Round,Martin Damm,Arthur Fils,Arthur Fils,B,0.7831,78.3,Strong,0.8316,Board,0,0,won,✓,1,1,0.7831,Arthur Fils,,,,published before the start,,Arthur Fils (FRA) bt Martin Damm (USA) 2-6 6-1 6-1
2026-09-28,,2026-09-27T23:48:09Z,Tennis,ATP · Chengdu Open · Semifinal,Alejandro Davidovich Fokina,Nikoloz Basilashvili,Alejandro Davidovich Fokina,A,0.7193,71.9,Strong,0.7867,Daily List,1,0,won,✓,1,1,0.7193,Alejandro Davidovich Fokina,,,,published before the start,,(2) Alejandro Davidovich Fokina (ESP) bt Nikoloz Basilashvili (GEO) 4-6 6-4 6-3
2026-09-28,,2026-09-27T23:48:09Z,Tennis,ATP · AITO Hangzhou Open · Semifinal,Andrey Rublev,Kyrian Jacquet,Andrey Rublev,A,0.6995,70.0,Firm,0.7688,Daily List,1,0,won,✓,1,1,0.6995,Andrey Rublev,,,,published before the start,,(2) Andrey Rublev (RUS) bt Kyrian Jacquet (FRA) 7-6 (7-0) 6-1
2026-09-28,,2026-09-27T23:48:09Z,Tennis,WTA · Adana Open · Round 1,Suzan Lamens,Leolia Jeanjean,Suzan Lamens,A,0.6964,69.6,Firm,0.7681,Board,0,0,lost,✗,0,0,0.6964,Leolia Jeanjean,,,,published before the start,,(4) Leolia Jeanjean (FRA) bt Suzan Lamens (NED) 4-6 6-3 6-2
2026-09-28,,2026-09-27T23:48:09Z,Tennis,WTA · Adana Open · Round 1,Vendula Valdmannova,Antonia Ruzic,Antonia Ruzic,B,0.6792,67.9,Firm,0.7681,Board,0,0,won,✓,1,1,0.6792,Antonia Ruzic,,,,published before the start,,(1) Antonia Ruzic (CRO) bt Vendula Valdmannova (CZE) 6-4 6-3
2026-09-28,,2026-09-27T23:48:09Z,Tennis,ATP · Kinoshita Group Japan Open Tennis Championships · Qualifying 1st Round,Yoshihito Nishioka,Stefanos Tsitsipas,Stefanos Tsitsipas,B,0.668,66.8,Firm,0.7688,Board,0,0,won,✓,1,1,0.668,Stefanos Tsitsipas,,,,published before the start,,Stefanos Tsitsipas (GRE) bt Yoshihito Nishioka (JPN) 7-5 6-2
2026-09-28,,2026-09-27T23:48:09Z,Tennis,ATP · China Open · Qualifying 1st Round,Valentin Royer,Botic Van De Zandschulp,Botic Van De Zandschulp,B,0.6454,64.5,Firm,0.7328,Board,0,0,won,✓,1,1,0.6454,Botic Van De Zandschulp,,,,published before the start,,Botic Van De Zandschulp (NED) bt Valentin Royer (FRA) 4-6 6-2 6-4
2026-09-28,,2026-09-27T23:48:09Z,Tennis,WTA · China Open · Qualifying 1st Round,Varvara Lepchenko,Ulrikke Eikeri,Varvara Lepchenko,A,0.6434,64.3,Firm,0.7151,Board,0,0,won,✓,1,1,0.6434,Varvara Lepchenko,,,,published before the start,,Varvara Lepchenko (USA) bt Ulrikke Eikeri (NOR) 6-2 6-4
2026-09-28,,2026-09-27T23:48:09Z,Tennis,ATP · Kinoshita Group Japan Open Tennis Championships · Qualifying 1st Round,Jaime Faria,Shintaro Mochizuki,Jaime Faria,A,0.6345,63.4,Firm,0.7328,Board,0,0,won,✓,1,1,0.6345,Jaime Faria,,,,published before the start,,Jaime Faria (POR) bt Shintaro Mochizuki (JPN) 6-2 6-4
2026-09-28,,2026-09-27T23:48:09Z,Tennis,ATP · Kinoshita Group Japan Open Tennis Championships · Qualifying 1st Round,Taro Daniel,Adolfo Daniel Vallejo,Adolfo Daniel Vallejo,B,0.6217,62.2,Firm,0.7328,Board,0,0,won,✓,1,1,0.6217,Adolfo Daniel Vallejo,,,,published before the start,,Adolfo Daniel Vallejo (PAR) bt Taro Daniel (JPN) 6-3 6-2
2026-09-28,,2026-09-27T23:48:09Z,Tennis,WTA · China Open · Qualifying 1st Round,Ellen Perez,Elvina Kalieva,Elvina Kalieva,B,0.6004,60.0,Lean,0.7151,Board,0,0,won,✓,1,1,0.6004,Elvina Kalieva,,,,published before the start,,Elvina Kalieva (USA) bt Ellen Perez (AUS) 6-2 6-4
2026-09-28,,2026-09-27T23:48:09Z,Tennis,WTA · China Open · Qualifying 1st Round,Anna Lena Friedsam,Anastasia Kulikova,Anastasia Kulikova,B,0.5994,59.9,Lean,0.6829,Board,0,0,lost,✗,0,0,0.5994,Anna Lena Friedsam,,,,published before the start,,Anna-Lena Friedsam (GER) bt Anastasia Kulikova (FIN) 6-4 7-6 (9-7)
2026-09-28,,2026-09-27T23:48:09Z,Tennis,ATP · China Open · Qualifying 1st Round,Marco Trungelliti,Martin Landaluce,Martin Landaluce,B,0.5895,59.0,Lean,0.6938,Board,0,0,lost,✗,0,0,0.5895,Marco Trungelliti,,,,published before the start,,Marco Trungelliti (ARG) bt Martin Landaluce (ESP) 6-1 6-7 (9-11) 7-6 (7-2)
2026-09-28,,2026-09-27T23:48:09Z,Tennis,WTA · Adana Open · Round 1,Anna Blinkova,Emiliana Arango,Anna Blinkova,A,0.5749,57.5,Lean,0.6829,Board,0,0,won,✓,1,1,0.5749,Anna Blinkova,,,,published before the start,,(2) Anna Blinkova (RUS) bt Emiliana Arango (COL) 7-6 (7-4) 6-2
2026-09-28,,2026-09-27T23:48:09Z,Tennis,WTA · Adana Open · Round 1,Anastasia Gasanova,Viktoria Hruncakova,Anastasia Gasanova,A,0.5702,57.0,Lean,0.6829,Board,0,0,lost,✗,0,0,0.5702,Viktoria Hruncakova,,,,published before the start,retired,Viktoria Hruncakova (SVK) bt Anastasia Gasanova (RUS) 4-2 ret
2026-09-28,,2026-09-27T23:48:09Z,Tennis,ATP · Chengdu Open · Semifinal,Denis Shapovalov,Hubert Hurkacz,Hubert Hurkacz,B,0.5494,54.9,No read,,Board,0,0,won,✓,1,1,0.5494,Hubert Hurkacz,,,,published before the start,,(5) Hubert Hurkacz (POL) bt (7) Denis Shapovalov (CAN) 6-7 (8-10) 6-3 6-3
2026-09-28,,2026-09-27T23:48:09Z,Tennis,WTA · China Open · Qualifying 1st Round,Jodie Burrage,Rebecca Sramkova,Rebecca Sramkova,B,0.5487,54.9,No read,,Board,0,0,lost,✗,0,0,0.5487,Jodie Burrage,,,,published before the start,,Jodie Burrage (GBR) bt Rebecca Sramkova (SVK) 6-4 6-4
2026-09-28,,2026-09-27T23:48:09Z,Tennis,ATP · China Open · Qualifying 1st Round,Tomas Machac,Yannick Hanfmann,Tomas Machac,A,0.5404,54.0,No read,,Board,0,0,won,✓,1,1,0.5404,Tomas Machac,,,,published before the start,,Tomas Machac (CZE) bt Yannick Hanfmann (GER) 7-6 (9-7) 6-7 (6-8) 6-4
2026-09-28,,2026-09-27T23:48:09Z,Tennis,WTA · Jingshan Tennis Open · Round 1,Chenting Zhu,Sara Saito,Sara Saito,B,0.5303,53.0,No read,,Board,0,0,lost,✗,0,0,0.5303,Chenting Zhu,,,,published before the start,,Chenting Zhu (CHN) bt Sara Saito (JPN) 6-2 6-3
2026-09-28,,2026-09-27T23:48:09Z,Tennis,WTA · Adana Open · Round 1,Anna Siskova,Julia Riera,Julia Riera,B,0.5288,52.9,No read,,Board,0,0,won,✓,1,1,0.5288,Julia Riera,,,,published before the start,,Julia Riera (ARG) bt Anna Siskova (CZE) 7-5 6-2
2026-09-28,,2026-09-27T23:48:09Z,Tennis,WTA · Adana Open · Round 1,Fiona Crawley,Noma Noha Akugue,Noma Noha Akugue,B,0.5255,52.5,No read,,Board,0,0,lost,✗,0,0,0.5255,Fiona Crawley,,,,published before the start,,Fiona Crawley (USA) bt (7) Noma Noha Akugue (GER) 6-3 6-1
2026-09-28,,2026-09-27T23:48:09Z,Tennis,ATP · Kinoshita Group Japan Open Tennis Championships · Qualifying 1st Round,Aleksandar Kovacevic,Zachary Svajda,Zachary Svajda,B,0.525,52.5,No read,,Board,0,0,lost,✗,0,0,0.525,Aleksandar Kovacevic,,,,published before the start,,Aleksandar Kovacevic (USA) bt Zachary Svajda (USA) 6-7 (7-9) 6-2 6-4
2026-09-28,,2026-09-27T23:48:09Z,Tennis,ATP · Kinoshita Group Japan Open Tennis Championships · Qualifying 1st Round,Camilo Ugo Carabelli,Rinky Hijikata,Camilo Ugo Carabelli,A,0.5248,52.5,No read,,Board,0,0,lost,✗,0,0,0.5248,Rinky Hijikata,,,,published before the start,,Rinky Hijikata (AUS) bt Camilo Ugo Carabelli (ARG) 6-2 6-3
2026-09-28,,2026-09-27T23:48:09Z,Tennis,ATP · Kinoshita Group Japan Open Tennis Championships · Qualifying 1st Round,Marcos Giron,Jaume Munar,Jaume Munar,B,0.5209,52.1,No read,,Board,0,0,won,✓,1,1,0.5209,Jaume Munar,,,,published before the start,,Jaume Munar (ESP) bt Marcos Giron (USA) 5-7 6-1 6-4
2026-09-28,,2026-09-27T23:48:09Z,Tennis,ATP · China Open · Qualifying 1st Round,Vit Kopriva,Alex Molcan,Alex Molcan,B,0.5199,52.0,No read,,Board,0,0,won,✓,1,1,0.5199,Alex Molcan,,,,published before the start,,Alex Molcan (SVK) bt Vit Kopriva (CZE) 7-6 (7-3) 2-6 7-6 (10-8)
2026-09-28,,2026-09-27T23:48:09Z,Tennis,ATP · Kinoshita Group Japan Open Tennis Championships · Qualifying 1st Round,Kamil Majchrzak,Lorenzo Sonego,Lorenzo Sonego,B,0.5143,51.4,No read,,Board,0,0,lost,✗,0,0,0.5143,Kamil Majchrzak,,,,published before the start,,Kamil Majchrzak (POL) bt Lorenzo Sonego (ITA) 7-5 6-2
2026-09-28,,2026-09-27T23:48:09Z,Tennis,WTA · Adana Open · Round 1,Lucrezia Stefanini,Elena Ruxandra Bertea,Elena Ruxandra Bertea,B,0.5124,51.2,No read,,Board,0,0,lost,✗,0,0,0.5124,Lucrezia Stefanini,,,,published before the start,,(6) Lucrezia Stefanini (ITA) bt Elena Ruxandra Bertea (ROM) 3-6 6-4 6-2
2026-09-28,,2026-09-27T23:48:09Z,Tennis,WTA · China Open · Qualifying 1st Round,Vivian Wolff,Carol Zhao,Vivian Wolff,A,0.5082,50.8,No read,,Board,0,0,won,✓,1,1,0.5082,Vivian Wolff,,,,published before the start,,Vivian Wolff (USA) bt Carol Zhao (CAN) 6-1 6-1
2026-09-28,,2026-09-27T23:48:09Z,Tennis,ATP · China Open · Qualifying 1st Round,Adrian Mannarino,Miomir Kecmanovic,Adrian Mannarino,A,0.5072,50.7,No read,,Board,0,0,won,✓,1,1,0.5072,Adrian Mannarino,,,,published before the start,,Adrian Mannarino (FRA) bt Miomir Kecmanovic (SER) 7-6 (8-6) 3-6 7-6 (7-5)
2026-09-29,,2026-09-28T16:58:06Z,Tennis,ATP · Kinoshita Group Japan Open Tennis Championships · Qualifying Final,Kamil Majchrzak,Arthur Fils,Arthur Fils,B,0.768,76.8,Strong,0.8316,Board,0,0,won,✓,1,1,0.768,Arthur Fils,,,,published before the start,,Arthur Fils (FRA) bt Kamil Majchrzak (POL) 6-2 3-6 6-1
2026-09-29,,2026-09-28T16:58:06Z,Tennis,WTA · China Open · Qualifying Final,Varvara Lepchenko,Aliaksandra Sasnovich,Aliaksandra Sasnovich,B,0.7331,73.3,Strong,0.8021,Board,0,0,won,✓,1,1,0.7331,Aliaksandra Sasnovich,,,,published before the start,,Aliaksandra Sasnovich (BLR) bt Varvara Lepchenko (USA) 6-4 6-1
2026-09-29,,2026-09-28T16:58:06Z,Tennis,WTA · China Open · Qualifying Final,Linda Fruhvirtova,Andrea Lazaro Garcia,Andrea Lazaro Garcia,B,0.6622,66.2,Firm,0.7681,Board,0,0,won,✓,1,1,0.6622,Andrea Lazaro Garcia,,,,published before the start,,Andrea Lazaro Garcia (ESP) bt Linda Fruhvirtova (CZE) 6-1 6-3
2026-09-29,,2026-09-28T16:58:06Z,Tennis,ATP · Kinoshita Group Japan Open Tennis Championships · Qualifying Final,Rinky Hijikata,Stefanos Tsitsipas,Stefanos Tsitsipas,B,0.662,66.2,Firm,0.7688,Board,0,0,won,✓,1,1,0.662,Stefanos Tsitsipas,,,,published before the start,,Stefanos Tsitsipas (GRE) bt Rinky Hijikata (AUS) 6-4 6-3
2026-09-29,,2026-09-28T16:58:06Z,Tennis,ATP · China Open · Qualifying Final,Arthur Gea,Tomas Machac,Tomas Machac,B,0.6545,65.5,Firm,0.7688,Board,0,0,lost,✗,0,0,0.6545,Arthur Gea,,,,published before the start,,Arthur Gea (FRA) bt Tomas Machac (CZE) 6-3 6-4
2026-09-29,,2026-09-28T16:58:06Z,Tennis,ATP · China Open · Qualifying Final,Alex Molcan,Marco Trungelliti,Alex Molcan,A,0.6446,64.5,Firm,0.7328,Board,0,0,won,✓,1,1,0.6446,Alex Molcan,,,,published before the start,,Alex Molcan (SVK) bt Marco Trungelliti (ARG) 6-4 7-5
2026-09-29,,2026-09-29T11:22:57Z,Tennis,ATP · AITO Hangzhou Open · Final,Andrey Rublev,Daniil Medvedev,Daniil Medvedev,B,0.6361,63.6,Firm,0.7328,Board,0,0,won,✓,1,1,0.6361,Daniil Medvedev,,,,published before the start,,(1) Daniil Medvedev (RUS) bt (2) Andrey Rublev (RUS) 7-5 6-4
2026-09-29,,2026-09-28T16:58:06Z,Tennis,WTA · Adana Open · Round 1,Simona Waltert,Anastasia Tikhonova,Simona Waltert,A,0.628,62.8,Firm,0.7151,Board,0,0,won,✓,1,1,0.628,Simona Waltert,,,,published before the start,,(3) Simona Waltert (SUI) bt Anastasia Tikhonova (RUS) 3-6 7-6 (7-4) 6-3
2026-09-29,,2026-09-28T16:58:06Z,Tennis,WTA · Adana Open · Round 1,Erika Andreeva,Polina Iatcenko,Polina Iatcenko,B,0.6182,61.8,Lean,0.7151,Board,0,0,lost,✗,0,0,0.6182,Erika Andreeva,,,,published before the start,,Erika Andreeva (RUS) bt Polina Iatcenko (RUS) 6-3 6-2
2026-09-29,,2026-09-28T16:58:06Z,Tennis,WTA · Adana Open · Round 1,Melisa Ercan,Lola Radivojevic,Melisa Ercan,A,0.6127,61.3,Lean,0.7151,Board,0,0,won,✓,1,1,0.6127,Melisa Ercan,,,,published before the start,,Melisa Ercan (AUS) bt Lola Radivojevic (SER) 6-2 6-2
2026-09-29,,2026-09-28T16:58:06Z,Tennis,WTA · Jingshan Tennis Open · Round 1,Sara Sorribes Tormo,Viktoria Morvayova,Sara Sorribes Tormo,A,0.6069,60.7,Lean,0.7151,Board,0,0,won,✓,1,1,0.6069,Sara Sorribes Tormo,,,,published before the start,,(8) Sara Sorribes Tormo (ESP) bt Viktoria Morvayova (SVK) 6-0 2-6 7-6 (7-1)
2026-09-29,,2026-09-28T16:58:06Z,Tennis,WTA · Jingshan Tennis Open · Round 1,Sofya Lansere,Katarina Zavatska,Sofya Lansere,A,0.5943,59.4,Lean,0.6829,Board,0,0,won,✓,1,1,0.5943,Sofya Lansere,,,,published before the start,,Sofya Lansere (RUS) bt Katarina Zavatska (UKR) 6-3 6-0
2026-09-29,,2026-09-28T16:58:06Z,Tennis,WTA · China Open · Qualifying Final,Valeria Savinykh,Katarzyna Kawa,Katarzyna Kawa,B,0.592,59.2,Lean,0.6829,Board,0,0,won,✓,1,1,0.592,Katarzyna Kawa,,,,published before the start,,Katarzyna Kawa (POL) bt Valeria Savinykh (RUS) 6-3 7-5
2026-09-29,,2026-09-28T16:58:06Z,Tennis,WTA · China Open · Qualifying Final,Mai Hontama,Jodie Burrage,Jodie Burrage,B,0.5894,58.9,Lean,0.6829,Board,0,0,lost,✗,0,0,0.5894,Mai Hontama,,,,published before the start,,Mai Hontama (JPN) bt Jodie Burrage (GBR) 2-6 6-1 6-2
2026-09-29,,2026-09-28T16:58:06Z,Tennis,ATP · Kinoshita Group Japan Open Tennis Championships · Qualifying Final,Aleksandar Kovacevic,Jaume Munar,Jaume Munar,B,0.5887,58.9,Lean,0.6938,Board,0,0,won,✓,1,1,0.5887,Jaume Munar,,,,published before the start,,Jaume Munar (ESP) bt Aleksandar Kovacevic (USA) 6-2 6-3
2026-09-29,,2026-09-28T16:58:06Z,Tennis,WTA · China Open · Qualifying Final,Anna Lena Friedsam,Robin Montgomery,Anna Lena Friedsam,A,0.5834,58.3,Lean,0.6829,Board,0,0,lost,✗,0,0,0.5834,Robin Montgomery,,,,published before the start,,Robin Montgomery (USA) bt Anna-Lena Friedsam (GER) 6-3 6-2
2026-09-29,,2026-09-28T16:58:06Z,Tennis,WTA · Adana Open · Round 1,Ayla Aksu,Elena Pridankina,Ayla Aksu,A,0.5697,57.0,Lean,0.6829,Board,0,0,lost,✗,0,0,0.5697,Elena Pridankina,,,,published before the start,,Elena Pridankina (RUS) bt Ayla Aksu (TUR) 6-3 6-3
2026-09-29,,2026-09-28T16:58:06Z,Tennis,WTA · Adana Open · Round 1,Lois Boisson,Lucia Bronzetti,Lois Boisson,A,0.5687,56.9,Lean,0.6829,Board,0,0,won,✓,1,1,0.5687,Lois Boisson,,,,published before the start,,Lois Boisson (FRA) bt (8) Lucia Bronzetti (ITA) 6-1 6-2
2026-09-29,,2026-09-28T16:58:06Z,Tennis,WTA · Adana Open · Round 1,Martyna Kubka,Ksenia Efremova,Ksenia Efremova,B,0.5683,56.8,Lean,0.6829,Board,0,0,lost,✗,0,0,0.5683,Martyna Kubka,,,,published before the start,,Martyna Kubka (POL) bt Ksenia Efremova (FRA) 6-3 4-6 6-4
2026-09-29,,2026-09-28T16:58:06Z,Tennis,WTA · Jingshan Tennis Open · Round 1,Sofia Costoulas,Kristina Mladenovic,Sofia Costoulas,A,0.5579,55.8,Lean,0.6829,Board,0,0,won,✓,1,1,0.5579,Sofia Costoulas,,,,published before the start,,(5) Sofia Costoulas (BEL) bt Kristina Mladenovic (FRA) 6-2 7-5
2026-09-29,,2026-09-28T16:58:06Z,Tennis,WTA · Jingshan Tennis Open · Round 1,Aliona Falei,Tyra Caterina Grant,Tyra Caterina Grant,B,0.5545,55.5,Lean,0.6829,Board,0,0,lost,✗,0,0,0.5545,Aliona Falei,,,,published before the start,,Aliona Falei (BLR) bt (4) Tyra Caterina Grant (ITA) 6-4 6-1
2026-09-29,,2026-09-28T16:58:06Z,Tennis,ATP · Kinoshita Group Japan Open Tennis Championships · Qualifying Final,Jaime Faria,Adolfo Daniel Vallejo,Adolfo Daniel Vallejo,B,0.5528,55.3,Lean,0.6938,Board,0,0,won,✓,1,1,0.5528,Adolfo Daniel Vallejo,,,,published before the start,,Adolfo Daniel Vallejo (PAR) bt Jaime Faria (POR) 6-4 5-7 7-5
2026-09-29,,2026-09-29T11:22:57Z,Tennis,WTA · Adana Open · Round 1,Cagla Buyukakcay,Carole Monnet,Cagla Buyukakcay,A,0.5516,55.2,Lean,0.6829,Board,0,0,won,✓,1,1,0.5516,Cagla Buyukakcay,,,,published before the start,,Cagla Buyukakcay (TUR) bt Carole Monnet (FRA) 2-6 6-3 7-6 (7-5)
2026-09-29,,2026-09-28T16:58:06Z,Tennis,ATP · China Open · Qualifying Final,Pablo Carreno Busta,Adrian Mannarino,Pablo Carreno Busta,A,0.5333,53.3,No read,,Board,0,0,won,✓,1,1,0.5333,Pablo Carreno Busta,,,,published before the start,,Pablo Carreno Busta (ESP) bt Adrian Mannarino (FRA) 6-3 6-4
2026-09-29,,2026-09-28T16:58:06Z,Tennis,ATP · Chengdu Open · Final,Alejandro Davidovich Fokina,Hubert Hurkacz,Alejandro Davidovich Fokina,A,0.5284,52.8,No read,,Board,0,0,won,✓,1,1,0.5284,Alejandro Davidovich Fokina,,,,published before the start,,(2) Alejandro Davidovich Fokina (ESP) bt (5) Hubert Hurkacz (POL) 6-4 7-6 (9-7)
2026-09-29,,2026-09-28T16:58:06Z,Tennis,WTA · China Open · Qualifying Final,Vivian Wolff,Elsa Jacquemot,Vivian Wolff,A,0.5205,52.0,No read,,Board,0,0,lost,✗,0,0,0.5205,Elsa Jacquemot,,,,published before the start,,Elsa Jacquemot (FRA) bt Vivian Wolff (USA) 6-3 6-4
2026-09-29,,2026-09-28T16:58:06Z,Tennis,WTA · Adana Open · Round 1,Elena Micic,Dalma Galfi,Elena Micic,A,0.5167,51.7,No read,,Board,0,0,lost,✗,0,0,0.5167,Dalma Galfi,,,,published before the start,,Dalma Galfi (HUN) bt Elena Micic (AUS) 7-5 6-0
2026-09-29,,2026-09-28T16:58:06Z,Tennis,WTA · Adana Open · Round 1,Berfu Cengiz,Teodora Kostovic,Teodora Kostovic,B,0.5166,51.7,No read,,Board,0,0,lost,✗,0,0,0.5166,Berfu Cengiz,,,,published before the start,,Berfu Cengiz (TUR) bt (5) Teodora Kostovic (SER) 2-6 6-4 7-5
2026-09-30,,2026-09-29T22:09:38Z,Tennis,ATP · China Open · Round 1,Novak Djokovic,Nuno Borges,Novak Djokovic,A,0.8513,85.1,Strong,0.9194,Daily List,1,0,won,✓,1,1,0.8513,Novak Djokovic,,,,published before the start,,(6) Novak Djokovic (SER) bt Nuno Borges (POR) 6-3 7-6 (7-2)
2026-09-30,,2026-09-29T22:09:38Z,Tennis,ATP · Kinoshita Group Japan Open Tennis Championships · Round 1,Luca Van Assche,Arthur Fils,Arthur Fils,B,0.8115,81.2,Strong,0.8559,Daily List,1,0,won,✓,1,1,0.8115,Arthur Fils,,,,published before the start,,Arthur Fils (FRA) bt Luca Van Assche (FRA) 6-3 6-2
2026-09-30,,2026-09-29T22:09:38Z,Tennis,WTA · China Open · Round 1,Zeynep Sonmez,Maddison Inglis,Zeynep Sonmez,A,0.733,73.3,Strong,0.8021,Board,0,0,lost,✗,0,0,0.733,Maddison Inglis,,,,published before the start,,Maddison Inglis (AUS) bt Zeynep Sonmez (TUR) 6-4 6-4
2026-09-30,,2026-09-29T22:09:38Z,Tennis,ATP · Kinoshita Group Japan Open Tennis Championships · Round 1,Rei Sakamoto,Matteo Arnaldi,Matteo Arnaldi,B,0.7252,72.5,Strong,0.7867,Board,0,0,won,✓,1,1,0.7252,Matteo Arnaldi,,,,published before the start,,Matteo Arnaldi (ITA) bt Rei Sakamoto (JPN) 2-6 6-4 6-4
2026-09-30,,2026-09-29T22:09:38Z,Tennis,WTA · China Open · Round 1,Katie Boulter,Mai Hontama,Katie Boulter,A,0.7231,72.3,Strong,0.8021,Board,0,0,won,✓,1,1,0.7231,Katie Boulter,,,,published before the start,,Katie Boulter (GBR) bt Mai Hontama (JPN) 6-3 6-4
2026-09-30,,2026-09-29T22:09:38Z,Tennis,WTA · China Open · Round 1,Maria Timofeeva,Darja Vidmanova,Maria Timofeeva,A,0.7134,71.3,Strong,0.8021,Board,0,0,won,✓,1,1,0.7134,Maria Timofeeva,,,,published before the start,,Maria Timofeeva (UZB) bt Darja Vidmanova (CZE) 6-3 6-3
2026-09-30,,2026-09-29T22:09:38Z,Tennis,WTA · China Open · Round 1,Elvina Kalieva,Viktorija Golubic,Viktorija Golubic,B,0.7094,70.9,Strong,0.8021,Board,0,0,won,✓,1,1,0.7094,Viktorija Golubic,,,,published before the start,,Viktorija Golubic (SUI) bt Elvina Kalieva (USA) 6-3 6-1
2026-09-30,,2026-09-29T22:09:38Z,Tennis,WTA · Adana Open · Round 2,Melisa Ercan,Leolia Jeanjean,Melisa Ercan,A,0.6795,68.0,Firm,0.7681,Board,0,0,lost,✗,0,0,0.6795,Leolia Jeanjean,,,,published before the start,,(4) Leolia Jeanjean (FRA) bt Melisa Ercan (AUS) 3-6 7-5 6-4
2026-09-30,,2026-09-29T22:09:38Z,Tennis,ATP · Kinoshita Group Japan Open Tennis Championships · Round 1,Tommy Paul,Alejandro Tabilo,Tommy Paul,A,0.6783,67.8,Firm,0.7688,Board,0,0,lost,✗,0,0,0.6783,Alejandro Tabilo,,,,published before the start,,Alejandro Tabilo (CHI) bt (7) Tommy Paul (USA) 6-1 6-2
2026-09-30,,2026-09-29T22:09:38Z,Tennis,ATP · China Open · Round 1,Felix Auger Aliassime,Karen Khachanov,Felix Auger Aliassime,A,0.6631,66.3,Firm,0.7688,Board,0,0,lost,✗,0,0,0.6631,Karen Khachanov,,,,published before the start,,Karen Khachanov (RUS) bt (2) Felix Auger-Aliassime (CAN) 6-3 6-3
2026-09-30,,2026-09-29T22:09:38Z,Tennis,WTA · Adana Open · Round 2,Martyna Kubka,Lois Boisson,Lois Boisson,B,0.6278,62.8,Firm,0.7151,Board,0,0,won,✓,1,1,0.6278,Lois Boisson,,,,published before the start,,Lois Boisson (FRA) bt Martyna Kubka (POL) 6-3 6-2
2026-09-30,,2026-09-29T22:09:38Z,Tennis,WTA · China Open · Round 1,Magdalena Frech,Elsa Jacquemot,Magdalena Frech,A,0.6153,61.5,Lean,0.7151,Board,0,0,won,✓,1,1,0.6153,Magdalena Frech,,,,published before the start,,Magdalena Frech (POL) bt Elsa Jacquemot (FRA) 7-5 3-6 6-4
2026-09-30,,2026-09-29T22:09:38Z,Tennis,WTA · China Open · Round 1,Katarzyna Kawa,Daria Snigur,Daria Snigur,B,0.6063,60.6,Lean,0.7151,Board,0,0,won,✓,1,1,0.6063,Daria Snigur,,,,published before the start,,Daria Snigur (UKR) bt Katarzyna Kawa (POL) 3-6 6-4 7-5
2026-09-30,,2026-09-29T22:09:38Z,Tennis,WTA · Adana Open · Round 2,Julia Riera,Antonia Ruzic,Antonia Ruzic,B,0.6035,60.4,Lean,0.7151,Board,0,0,won,✓,1,1,0.6035,Antonia Ruzic,,,,published before the start,,(1) Antonia Ruzic (CRO) bt Julia Riera (ARG) 6-3 6-4
2026-09-30,,2026-09-29T22:09:38Z,Tennis,WTA · China Open · Round 1,Tamara Korpatsch,Taylah Preston,Taylah Preston,B,0.5979,59.8,Lean,0.6829,Board,0,0,won,✓,1,1,0.5979,Taylah Preston,,,,published before the start,,Taylah Preston (AUS) bt Tamara Korpatsch (GER) 6-2 7-6 (7-4)
2026-09-30,,2026-09-29T22:09:38Z,Tennis,WTA · China Open · Round 1,Sinja Kraus,Maya Joint,Maya Joint,B,0.5876,58.8,Lean,0.6829,Board,0,0,lost,✗,0,0,0.5876,Sinja Kraus,,,,published before the start,,Sinja Kraus (AUT) bt Maya Joint (AUS) 6-3 3-6 7-5
2026-09-30,,2026-09-29T22:09:38Z,Tennis,ATP · Kinoshita Group Japan Open Tennis Championships · Round 1,Alexander Blockx,Valentin Vacherot,Valentin Vacherot,B,0.5874,58.7,Lean,0.6938,Board,0,0,won,✓,1,1,0.5874,Valentin Vacherot,,,,published before the start,,(8) Valentin Vacherot (MON) bt Alexander Blockx (BEL) 7-6 (7-2) 7-6 (7-4)
2026-09-30,,2026-09-29T22:09:38Z,Tennis,WTA · China Open · Round 1,Polina Kudermetova,Mayar Sherif,Polina Kudermetova,A,0.5846,58.5,Lean,0.6829,Board,0,0,won,✓,1,1,0.5846,Polina Kudermetova,,,,published before the start,,Polina Kudermetova (UZB) bt YeXin Ma (CHN) 6-7 (2-7) 6-3 6-2
2026-09-30,,2026-09-29T22:09:38Z,Tennis,WTA · Adana Open · Round 2,Dalma Galfi,Teodora Kostovic,Teodora Kostovic,B,0.5559,55.6,Lean,0.6829,Board,0,0,won,✓,1,1,0.5559,Teodora Kostovic,,,,published before the start,,Teodora Kostovic (SER) bt Dalma Galfi (HUN) 4-6 7-6 (7-1) 6-4
2026-09-30,,2026-09-29T22:09:38Z,Tennis,WTA · Adana Open · Round 2,Anna Blinkova,Viktoria Hruncakova,Anna Blinkova,A,0.5505,55.0,Lean,0.6829,Board,0,0,won,✓,1,1,0.5505,Anna Blinkova,,,,published before the start,,(2) Anna Blinkova (RUS) bt Viktoria Hruncakova (SVK) 6-2 6-0
2026-09-30,,2026-09-29T22:09:38Z,Tennis,WTA · Jingshan Tennis Open · Round 2,Emerson Jones,Chenting Zhu,Emerson Jones,A,0.5457,54.6,No read,,Board,0,0,won,✓,1,1,0.5457,Emerson Jones,,,,published before the start,,(3) Emerson Jones (AUS) bt Chenting Zhu (CHN) 6-1 6-4
2026-09-30,,2026-09-29T22:09:38Z,Tennis,WTA · China Open · Round 1,Talia Gibson,Aliaksandra Sasnovich,Talia Gibson,A,0.5446,54.5,No read,,Board,0,0,lost,✗,0,0,0.5446,Aliaksandra Sasnovich,,,,published before the start,,Aliaksandra Sasnovich (BLR) bt Talia Gibson (AUS) 6-1 6-4
2026-09-30,,2026-09-29T22:09:38Z,Tennis,WTA · China Open · Round 1,Renata Zarazua,Anna Bondar,Anna Bondar,B,0.5417,54.2,No read,,Board,0,0,lost,✗,0,0,0.5417,Renata Zarazua,,,,published before the start,,Renata Zarazua (MEX) bt Anna Bondar (HUN) 7-6 (7-4) 6-3
2026-09-30,,2026-09-29T22:09:38Z,Tennis,ATP · China Open · Round 1,Thiago Agustin Tirante,Jan Lennard Struff,Thiago Agustin Tirante,A,0.5339,53.4,No read,,Board,0,0,lost,✗,0,0,0.5339,Jan-Lennard Struff,,,,published before the start,,Jan-Lennard Struff (GER) bt Thiago Agustin Tirante (ARG) 6-1 6-4
2026-09-30,,2026-09-29T22:09:38Z,Tennis,WTA · Adana Open · Round 2,Elena Pridankina,Fiona Crawley,Fiona Crawley,B,0.5337,53.4,No read,,Board,0,0,lost,✗,0,0,0.5337,Elena Pridankina,,,,published before the start,,Elena Pridankina (RUS) bt Fiona Crawley (USA) 7-5 2-6 6-4
2026-09-30,,2026-09-29T22:09:38Z,Tennis,WTA · Adana Open · Round 2,Simona Waltert,Erika Andreeva,Simona Waltert,A,0.5199,52.0,No read,,Board,0,0,lost,✗,0,0,0.5199,Erika Andreeva,,,,published before the start,,Erika Andreeva (RUS) bt (3) Simona Waltert (SUI) 6-3 6-1
2026-09-30,,2026-09-29T22:09:38Z,Tennis,ATP · China Open · Round 1,Bu Yunchaokete,Juan Manuel Cerundolo,Juan Manuel Cerundolo,B,0.5187,51.9,No read,,Board,0,0,lost,✗,0,0,0.5187,Bu Yunchaokete,,,,published before the start,,Yunchaokete Bu (CHN) bt Juan Manuel Cerundolo (ARG) 6-2 5-7 6-4
2026-09-30,,2026-09-29T22:09:38Z,Tennis,WTA · China Open · Round 1,Dayana Yastremska,Caty Mcnally,Dayana Yastremska,A,0.5137,51.4,No read,,Board,0,0,won,✓,1,1,0.5137,Dayana Yastremska,,,,published before the start,,Dayana Yastremska (UKR) bt Catherine McNally (USA) 6-3 6-4
2026-09-30,,2026-09-29T22:09:38Z,Tennis,WTA · China Open · Round 1,Lilli Tagger,Elena Gabriela Ruse,Lilli Tagger,A,0.5132,51.3,No read,,Board,0,0,lost,✗,0,0,0.5132,Elena Gabriela Ruse,,,,published before the start,,Elena-Gabriela Ruse (ROM) bt Lilli Tagger (AUT) 6-4 6-2
2026-09-30,,2026-09-29T22:09:38Z,Tennis,WTA · Adana Open · Round 2,Lucrezia Stefanini,Cagla Buyukakcay,Lucrezia Stefanini,A,0.508,50.8,No read,,Board,0,0,won,✓,1,1,0.508,Lucrezia Stefanini,,,,published before the start,,(6) Lucrezia Stefanini (ITA) bt Cagla Buyukakcay (TUR) 6-7 (5-7) 6-3 6-3
2026-09-30,,2026-09-29T22:09:38Z,Tennis,WTA · China Open · Round 1,Anhelina Kalinina,Janice Tjen,Janice Tjen,B,0.502,50.2,No read,,Board,0,0,won,✓,1,1,0.502,Janice Tjen,,,,published before the start,,Janice Tjen (INA) bt Anhelina Kalinina (UKR) 2-6 7-5 6-4
2026-10-01,,2026-10-01T00:14:39Z,Tennis,ATP · Kinoshita Group Japan Open Tennis Championships · Round 1,Alex Michelsen,Carlos Alcaraz,Carlos Alcaraz,B,0.8665,86.7,Strong,0.9194,Daily List,1,0,won,✓,1,1,0.8665,Carlos Alcaraz,,,,published before the start,,(1) Carlos Alcaraz (ESP) bt Alex Michelsen (USA) 7-6 (7-1) 4-6 6-1
2026-10-01,,2026-10-01T00:14:39Z,Tennis,ATP · China Open · Round 1,Cameron Norrie,Alexander Zverev,Alexander Zverev,B,0.8075,80.8,Strong,0.8559,Daily List,1,0,won,✓,1,1,0.8075,Alexander Zverev,,,,published before the start,,(1) Alexander Zverev (GER) bt Cameron Norrie (GBR) 7-6 (7-1) 6-4
2026-10-01,,2026-10-01T00:14:39Z,Tennis,ATP · China Open · Round 1,Mariano Navone,Alex De Minaur,Alex De Minaur,B,0.7598,76.0,Strong,0.8316,Reserve,0,1,lost,✗,0,0,0.7598,Alex de Minaur,,,,published before the start,,(5) Alex de Minaur (AUS) bt Mariano Navone (ARG) 7-6 (7-4) 6-2
2026-10-01,,2026-10-01T00:14:39Z,Tennis,ATP · Kinoshita Group Japan Open Tennis Championships · Round 1,Sho Shimabukuro,Denis Shapovalov,Denis Shapovalov,B,0.7314,73.1,Strong,0.7867,Reserve,0,1,won,✓,1,1,0.7314,Denis Shapovalov,,,,published before the start,,Denis Shapovalov (CAN) bt Sho Shimabukuro (JPN) 7-5 6-1
2026-10-01,,2026-10-01T00:14:39Z,Tennis,ATP · China Open · Round 1,Flavio Cobolli,Roman Safiullin,Flavio Cobolli,A,0.7165,71.7,Strong,0.7867,Reserve,0,1,lost,✗,0,0,0.7165,Roman Safiullin,,,,published before the start,,Roman Safiullin (RUS) bt (4) Flavio Cobolli (ITA) 6-3 6-2
2026-10-01,,2026-10-01T00:14:39Z,Tennis,ATP · Kinoshita Group Japan Open Tennis Championships · Round 1,Jaume Munar,Taylor Fritz,Taylor Fritz,B,0.713,71.3,Strong,0.7867,Reserve,0,1,lost,✗,0,0,0.713,Jaume Munar,,,,published before the start,,Jaume Munar (ESP) bt (3) Taylor Fritz (USA) 6-7 (7-9) 6-4 6-3
2026-10-01,,2026-10-01T00:14:39Z,Tennis,WTA · China Open · Round 1,Kamilla Rakhimova,Marina Bassols Ribera,Kamilla Rakhimova,A,0.7028,70.3,Strong,0.8021,Reserve,0,1,won,✓,1,1,0.7028,Kamilla Rakhimova,,,,published before the start,,Kamilla Rakhimova (UZB) bt Marina Bassols Ribera (ESP) 6-4 7-6 (7-2)
2026-10-01,,2026-10-01T00:14:39Z,Tennis,ATP · Kinoshita Group Japan Open Tennis Championships · Round 1,Rafael Jodar,Adolfo Daniel Vallejo,Rafael Jodar,A,0.6762,67.6,Firm,0.7688,Reserve,0,1,lost,✗,0,0,0.6762,Adolfo Daniel Vallejo,,,,published before the start,,Adolfo Daniel Vallejo (PAR) bt (4) Rafael Jodar (ESP) 6-1 6-3
2026-10-01,,2026-10-01T00:14:39Z,Tennis,ATP · Kinoshita Group Japan Open Tennis Championships · Round 1,Frances Tiafoe,Kei Nishikori,Frances Tiafoe,A,0.6717,67.2,Firm,0.7688,Reserve,0,1,won,✓,1,1,0.6717,Frances Tiafoe,,,,published before the start,,(2) Frances Tiafoe (USA) bt Kei Nishikori (JPN) 6-4 6-4
2026-10-01,,2026-10-01T00:14:39Z,Tennis,WTA · China Open · Round 1,Alina Charaeva,Yuliia Starodubtseva,Yuliia Starodubtseva,B,0.6706,67.1,Firm,0.7681,Board,0,0,lost,✗,0,0,0.6706,Alina Charaeva,,,,published before the start,,Alina Charaeva (ARM) bt Yuliia Starodubtseva (UKR) 5-7 7-5 6-2
2026-10-01,,2026-10-01T00:14:39Z,Tennis,WTA · China Open · Round 1,Camila Osorio,Lanlana Tararudee,Camila Osorio,A,0.6462,64.6,Firm,0.7151,Reserve,0,1,won,✓,1,1,0.6462,Camila Osorio,,,,published before the start,,Camila Osorio (COL) bt Lanlana Tararudee (THA) 6-3 6-3
2026-10-01,,2026-10-01T00:14:39Z,Tennis,ATP · Kinoshita Group Japan Open Tennis Championships · Round 1,Casper Ruud,Luciano Darderi,Casper Ruud,A,0.646,64.6,Firm,0.7328,Reserve,0,1,lost,✗,0,0,0.646,Luciano Darderi,,,,published before the start,,Luciano Darderi (ITA) bt (6) Casper Ruud (NOR) 7-6 (7-3) 6-3
2026-10-01,,2026-10-01T00:14:39Z,Tennis,ATP · Kinoshita Group Japan Open Tennis Championships · Round 1,Zizou Bergs,Jiri Lehecka,Jiri Lehecka,B,0.6363,63.6,Firm,0.7328,Reserve,0,1,won,✓,1,1,0.6363,Jiri Lehecka,,,,published before the start,,Jiri Lehecka (CZE) bt Zizou Bergs (BEL) 6-3 6-7 (3-7) 6-3
2026-10-01,,2026-10-01T00:14:39Z,Tennis,ATP · Kinoshita Group Japan Open Tennis Championships · Round 1,Kyrian Jacquet,Holger Rune,Holger Rune,B,0.6313,63.1,Firm,0.7328,Reserve,0,1,lost,✗,0,0,0.6313,Kyrian Jacquet,,,,published before the start,,Kyrian Jacquet (FRA) bt Holger Rune (DEN) 6-3 6-1
2026-10-01,,2026-10-01T00:14:39Z,Tennis,ATP · China Open · Round 1,Andrey Rublev,Tallon Griekspoor,Andrey Rublev,A,0.6116,61.2,Lean,0.7328,Board,0,0,won,✓,1,1,0.6116,Andrey Rublev,,,,published before the start,,Andrey Rublev (RUS) bt Tallon Griekspoor (NED) 6-4 5-7 7-6 (8-6)
2026-10-01,,2026-10-01T00:14:39Z,Tennis,ATP · China Open · Round 1,Francisco Cerundolo,Botic Van De Zandschulp,Francisco Cerundolo,A,0.6113,61.1,Lean,0.7328,Board,0,0,won,✓,1,1,0.6113,Francisco Cerundolo,,,,published before the start,,Francisco Cerundolo (ARG) bt Botic Van De Zandschulp (NED) 5-7 6-4 6-3
2026-10-01,,2026-10-01T00:14:39Z,Tennis,WTA · China Open · Round 1,Daria Kasatkina,Paula Badosa,Paula Badosa,B,0.6099,61.0,Lean,0.7151,Board,0,0,won,✓,1,1,0.6099,Paula Badosa,,,,published before the start,,Paula Badosa (ESP) bt Daria Kasatkina (AUS) 4-6 7-6 (9-7) 6-4
2026-10-01,,2026-10-01T00:14:39Z,Tennis,WTA · China Open · Round 1,Andrea Lazaro Garcia,Sonay Kartal,Sonay Kartal,B,0.5841,58.4,Lean,0.6829,Board,0,0,won,✓,1,1,0.5841,Sonay Kartal,,,,published before the start,,Sonay Kartal (GBR) bt Andrea Lazaro Garcia (ESP) 6-2 6-3
2026-10-01,,2026-10-01T00:14:39Z,Tennis,WTA · China Open · Round 1,Kimberly Birrell,Aoi Ito,Kimberly Birrell,A,0.5728,57.3,Lean,0.6829,Board,0,0,won,✓,1,1,0.5728,Kimberly Birrell,,,,published before the start,,Kimberly Birrell (AUS) bt Aoi Ito (JPN) 6-1 6-1
2026-10-01,,2026-10-01T00:14:39Z,Tennis,ATP · China Open · Round 1,Hubert Hurkacz,Learner Tien,Learner Tien,B,0.5654,56.5,Lean,0.6938,Board,0,0,lost,✗,0,0,0.5654,Hubert Hurkacz,,,,published before the start,,Hubert Hurkacz (POL) bt (7) Learner Tien (USA) 5-7 6-3 6-4
2026-10-01,,2026-10-01T11:41:35Z,Tennis,ATP · China Open · Round 1,Jakub Mensik,Alexander Bublik,Jakub Mensik,A,0.5631,56.3,Lean,0.6938,Board,0,0,won,✓,1,1,0.5631,Jakub Mensik,,,,published before the start,,(8) Jakub Mensik (CZE) bt Alexander Bublik (KAZ) 6-4 7-6 (7-5)
2026-10-01,,2026-10-01T00:14:39Z,Tennis,WTA · Adana Open · Quarterfinal,Anna Blinkova,Lois Boisson,Lois Boisson,B,0.5626,56.3,Lean,0.6829,Board,0,0,won,✓,1,1,0.5626,Lois Boisson,,,,published before the start,,Lois Boisson (FRA) bt (2) Anna Blinkova (RUS) 6-0 6-1
2026-10-01,,2026-10-01T00:14:39Z,Tennis,ATP · China Open · Round 1,Quentin Halys,Ignacio Buse,Ignacio Buse,B,0.5606,56.1,Lean,0.6938,Board,0,0,lost,✗,0,0,0.5606,Quentin Halys,,,,published before the start,,Quentin Halys (FRA) bt Ignacio Buse (PER) 6-1 7-6 (7-3)
2026-10-01,,2026-10-01T00:14:39Z,Tennis,WTA · China Open · Round 1,Ashlyn Krueger,Sofia Kenin,Ashlyn Krueger,A,0.5429,54.3,No read,,Board,0,0,won,✓,1,1,0.5429,Ashlyn Krueger,,,,published before the start,,Ashlyn Krueger (USA) bt Sofia Kenin (USA) 6-3 6-3
2026-10-01,,2026-10-01T00:14:39Z,Tennis,ATP · Kinoshita Group Japan Open Tennis Championships · Round 1,Stefanos Tsitsipas,Tomas Martin Etcheverry,Stefanos Tsitsipas,A,0.5334,53.3,No read,,Board,0,0,won,✓,1,1,0.5334,Stefanos Tsitsipas,,,,published before the start,,Stefanos Tsitsipas (GRE) bt Tomas Martin Etcheverry (ARG) 4-6 6-3 6-4
2026-10-01,,2026-10-01T00:14:39Z,Tennis,WTA · Jingshan Tennis Open · Round 2,Kyoka Okamura,Alevtina Ibragimova,Alevtina Ibragimova,B,0.53,53.0,No read,,Board,0,0,lost,✗,0,0,0.53,Kyoka Okamura,,,,published before the start,,Kyoka Okamura (JPN) bt (7) Alevtina Ibragimova (RUS) 6-7 (7-9) 6-1 6-3
2026-10-01,,2026-10-01T00:14:39Z,Tennis,WTA · China Open · Round 1,Robin Montgomery,Katie Volynets,Katie Volynets,B,0.5282,52.8,No read,,Board,0,0,won,✓,1,1,0.5282,Katie Volynets,,,,published before the start,,Katie Volynets (USA) bt Robin Montgomery (USA) 7-5 7-5
2026-10-01,,2026-10-01T00:14:39Z,Tennis,WTA · Jingshan Tennis Open · Round 2,Kristiana Sidorova,Aliona Falei,Kristiana Sidorova,A,0.5274,52.7,No read,,Board,0,0,lost,✗,0,0,0.5274,Aliona Falei,,,,published before the start,,Aliona Falei (BLR) bt Kristiana Sidorova (RUS) 4-6 7-6 (7-2) 6-4
2026-10-01,,2026-10-01T00:14:39Z,Tennis,WTA · Jingshan Tennis Open · Round 2,Sofia Costoulas,Sofya Lansere,Sofia Costoulas,A,0.5229,52.3,No read,,Board,0,0,lost,✗,0,0,0.5229,Sofya Lansere,,,,published before the start,,Sofya Lansere (RUS) bt (5) Sofia Costoulas (BEL) 6-3 6-4
2026-10-01,,2026-10-01T00:14:39Z,Tennis,ATP · China Open · Round 1,Arthur Rinderknech,Alex Molcan,Arthur Rinderknech,A,0.5228,52.3,No read,,Board,0,0,lost,✗,0,0,0.5228,Alex Molcan,,,,published before the start,,Alex Molcan (SVK) bt Tomas Machac (CZE) 6-3 6-2
2026-10-01,,2026-10-01T00:14:39Z,Tennis,ATP · Kinoshita Group Japan Open Tennis Championships · Round 1,Arthur Fery,Jaime Faria,Arthur Fery,A,0.515,51.5,No read,,Board,0,0,lost,✗,0,0,0.515,Jaime Faria,,,,published before the start,,Jaime Faria (POR) bt Arthur Fery (GBR) 6-4 3-6 6-4
2026-10-01,,2026-10-01T00:14:39Z,Tennis,WTA · China Open · Round 1,Katerina Siniakova,Magda Linette,Katerina Siniakova,A,0.5085,50.8,No read,,Board,0,0,won,✓,1,1,0.5085,Katerina Siniakova,,,,published before the start,,Katerina Siniakova (CZE) bt Magda Linette (POL) 6-4 6-3
2026-10-01,,2026-10-01T00:14:39Z,Tennis,ATP · Kinoshita Group Japan Open Tennis Championships · Round 1,Matteo Berrettini,Alejandro Davidovich Fokina,Alejandro Davidovich Fokina,B,0.5069,50.7,No read,,Board,0,0,lost,✗,0,0,0.5069,Matteo Berrettini,,,,published before the start,retired,Matteo Berrettini (ITA) bt Alejandro Davidovich Fokina (ESP) 1-6 7-6 (7-1) 6-4
2026-10-01,,2026-10-01T00:14:39Z,Tennis,ATP · Kinoshita Group Japan Open Tennis Championships · Round 1,Ugo Humbert,Brandon Nakashima,Brandon Nakashima,B,0.501,50.1,No read,,Board,0,0,lost,✗,0,0,0.501,Ugo Humbert,,,,published before the start,,Ugo Humbert (FRA) bt (5) Brandon Nakashima (USA) 6-3 6-2
2026-10-02,,2026-10-01T11:41:35Z,Tennis,WTA · China Open · Round 2,Aryna Sabalenka,Renata Zarazua,Aryna Sabalenka,A,0.9237,92.4,Strong,0.9032,Daily List,1,0,won,✓,1,1,0.9237,Aryna Sabalenka,,,,published before the start,,(2) Aryna Sabalenka (BLR) bt Renata Zarazua (MEX) 6-1 6-3
2026-10-02,,2026-10-02T11:11:04Z,Tennis,ATP · China Open · Round 2,Novak Djokovic,Bu Yunchaokete,Novak Djokovic,A,0.8838,88.4,Strong,0.9194,Daily List,1,0,won,✓,1,1,0.8838,Novak Djokovic,,,,published before the start,,(6) Novak Djokovic (SER) bt Yunchaokete Bu (CHN) 4-6 7-6 (7-2) 6-2
2026-10-02,,2026-10-01T11:41:35Z,Tennis,ATP · China Open · Round 1,Pablo Carreno Busta,Daniil Medvedev,Daniil Medvedev,B,0.7771,77.7,Strong,0.8316,Reserve,0,1,won,✓,1,1,0.7771,Daniil Medvedev,,,,published before the start,,(3) Daniil Medvedev (RUS) bt Pablo Carreno Busta (ESP) 6-4 6-2
2026-10-02,,2026-10-01T11:41:35Z,Tennis,WTA · China Open · Round 2,Naomi Osaka,Maria Timofeeva,Naomi Osaka,A,0.7652,76.5,Strong,0.8103,Reserve,0,1,won,✓,1,1,0.7652,Naomi Osaka,,,,published before the start,,(12) Naomi Osaka (JPN) bt Maria Timofeeva (UZB) 6-3 3-6 6-3
2026-10-02,,2026-10-01T11:41:35Z,Tennis,WTA · China Open · Round 2,Katie Boulter,Karolina Muchova,Karolina Muchova,B,0.7628,76.3,Strong,0.8103,Reserve,0,1,won,✓,1,1,0.7628,Karolina Muchova,,,,published before the start,,(7) Karolina Muchova (CZE) bt Katie Boulter (GBR) 7-6 (7-3) 6-1
2026-10-02,,2026-10-01T11:41:35Z,Tennis,WTA · China Open · Round 2,Maddison Inglis,Sara Bejlek,Sara Bejlek,B,0.7189,71.9,Strong,0.8021,Reserve,0,1,won,✓,1,1,0.7189,Sara Bejlek,,,,published before the start,,(20) Sara Bejlek (CZE) bt Maddison Inglis (AUS) 6-3 7-5
2026-10-02,,2026-10-01T11:41:35Z,Tennis,WTA · China Open · Round 2,Polina Kudermetova,Clara Tauson,Clara Tauson,B,0.7179,71.8,Strong,0.8021,Reserve,0,1,lost,✗,0,0,0.7179,Polina Kudermetova,,,,published before the start,,Polina Kudermetova (UZB) bt (32) Clara Tauson (DEN) 6-4 4-6 6-4
2026-10-02,,2026-10-01T11:41:35Z,Tennis,WTA · China Open · Round 2,Liudmila Samsonova,Linda Fruhvirtova,Liudmila Samsonova,A,0.713,71.3,Strong,0.8021,Reserve,0,1,won,✓,1,1,0.713,Liudmila Samsonova,,,,published before the start,,(29) Liudmila Samsonova (RUS) bt Linda Fruhvirtova (CZE) 6-2 3-6 6-3
2026-10-02,,2026-10-01T11:41:35Z,Tennis,WTA · China Open · Round 2,Daria Snigur,Jasmine Paolini,Jasmine Paolini,B,0.7096,71.0,Strong,0.8021,Reserve,0,1,lost,✗,0,0,0.7096,Daria Snigur,,,,published before the start,,Daria Snigur (UKR) bt (14) Jasmine Paolini (ITA) 3-6 7-6 (7-5) 6-2
2026-10-02,,2026-10-01T11:41:35Z,Tennis,WTA · China Open · Round 2,Elena Gabriela Ruse,Linda Noskova,Linda Noskova,B,0.7053,70.5,Strong,0.8021,Reserve,0,1,won,✓,1,1,0.7053,Linda Noskova,,,,published before the start,,(5) Linda Noskova (CZE) bt Elena-Gabriela Ruse (ROM) 6-4 6-1
2026-10-02,,2026-10-01T11:41:35Z,Tennis,WTA · China Open · Round 2,Sinja Kraus,Anastasia Potapova,Anastasia Potapova,B,0.7045,70.5,Strong,0.8021,Reserve,0,1,lost,✗,0,0,0.7045,Sinja Kraus,,,,published before the start,retired,Sinja Kraus (AUT) bt (16) Anastasia Potapova (AUT) 4-1 ret
2026-10-02,,2026-10-01T11:41:35Z,Tennis,WTA · China Open · Round 2,Diana Shnaider,Janice Tjen,Diana Shnaider,A,0.6623,66.2,Firm,0.7681,Reserve,0,1,won,✓,1,1,0.6623,Diana Shnaider,,,,published before the start,,(11) Diana Shnaider (RUS) bt Janice Tjen (INA) 6-0 6-4
2026-10-02,,2026-10-01T11:41:35Z,Tennis,WTA · China Open · Round 2,Aliaksandra Sasnovich,Ekaterina Alexandrova,Ekaterina Alexandrova,B,0.607,60.7,Lean,0.7151,Board,0,0,won,✓,1,1,0.607,Ekaterina Alexandrova,,,,published before the start,,(19) Ekaterina Alexandrova (RUS) bt Aliaksandra Sasnovich (BLR) 6-1 6-4
2026-10-02,,2026-10-01T11:41:35Z,Tennis,WTA · China Open · Round 2,Peyton Stearns,Viktorija Golubic,Peyton Stearns,A,0.6066,60.7,Lean,0.7151,Board,0,0,lost,✗,0,0,0.6066,Viktorija Golubic,,,,published before the start,,Viktorija Golubic (SUI) bt (28) Peyton Stearns (USA) 6-4 3-6 6-3
2026-10-02,,2026-10-02T11:11:04Z,Tennis,WTA · Adana Open · Quarterfinal,Teodora Kostovic,Antonia Ruzic,Antonia Ruzic,B,0.6037,60.4,Lean,0.7151,Board,0,0,won,✓,1,1,0.6037,Antonia Ruzic,,,,published before the start,,(1) Antonia Ruzic (CRO) bt Teodora Kostovic (SER) 4-6 6-4 6-2
2026-10-02,,2026-10-01T11:41:35Z,Tennis,ATP · Kinoshita Group Japan Open Tennis Championships · Round 2,Jaime Faria,Jaume Munar,Jaume Munar,B,0.6,60.0,Lean,0.6938,Board,0,0,won,✓,1,1,0.6,Jaume Munar,,,,published before the start,,Jaume Munar (ESP) bt Jaime Faria (POR) 6-1 6-1
2026-10-02,,2026-10-01T11:41:35Z,Tennis,WTA · Jingshan Tennis Open · Quarterfinal,Sara Sorribes Tormo,Aliona Falei,Sara Sorribes Tormo,A,0.5971,59.7,Lean,0.6829,Board,0,0,lost,✗,0,0,0.5971,Aliona Falei,,,,published before the start,,Aliona Falei (BLR) bt (8) Sara Sorribes Tormo (ESP) 6-4 6-2
2026-10-02,,2026-10-01T11:41:35Z,Tennis,ATP · Kinoshita Group Japan Open Tennis Championships · Round 2,Frances Tiafoe,Arthur Fils,Arthur Fils,B,0.596,59.6,Lean,0.6938,Board,0,0,won,✓,1,1,0.596,Arthur Fils,,,,published before the start,,Arthur Fils (FRA) bt (2) Frances Tiafoe (USA) 6-3 7-5
2026-10-02,,2026-10-02T11:11:04Z,Tennis,WTA · Adana Open · Quarterfinal,Lucrezia Stefanini,Leolia Jeanjean,Lucrezia Stefanini,A,0.5929,59.3,Lean,0.6829,Board,0,0,lost,✗,0,0,0.5929,Leolia Jeanjean,,,,published before the start,,(4) Leolia Jeanjean (FRA) bt (6) Lucrezia Stefanini (ITA) 6-4 1-6 6-1
2026-10-02,,2026-10-01T11:41:35Z,Tennis,WTA · Jingshan Tennis Open · Quarterfinal,Emerson Jones,Kyoka Okamura,Emerson Jones,A,0.5877,58.8,Lean,0.6829,Board,0,0,won,✓,1,1,0.5877,Emerson Jones,,,,published before the start,,(3) Emerson Jones (AUS) bt Kyoka Okamura (JPN) 7-6 (7-4) 7-6 (7-3)
2026-10-02,,2026-10-01T11:41:35Z,Tennis,WTA · China Open · Round 2,Maja Chwalinska,Dayana Yastremska,Maja Chwalinska,A,0.5677,56.8,Lean,0.6829,Board,0,0,lost,✗,0,0,0.5677,Dayana Yastremska,,,,published before the start,,Dayana Yastremska (UKR) bt (17) Maja Chwalinska (POL) 6-3 6-1
2026-10-02,,2026-10-01T11:41:35Z,Tennis,ATP · China Open · Round 2,Karen Khachanov,Alex Molcan,Karen Khachanov,A,0.5645,56.5,Lean,0.6938,Board,0,0,won,✓,1,1,0.5645,Karen Khachanov,,,,published before the start,,Karen Khachanov (RUS) bt Alex Molcan (SVK) 7-5 6-3
2026-10-02,,2026-10-01T11:41:35Z,Tennis,ATP · Kinoshita Group Japan Open Tennis Championships · Round 2,Stefanos Tsitsipas,Valentin Vacherot,Valentin Vacherot,B,0.5562,55.6,Lean,0.6938,Board,0,0,won,✓,1,1,0.5562,Valentin Vacherot,,,,published before the start,,(8) Valentin Vacherot (MON) bt Stefanos Tsitsipas (GRE) 4-6 7-6 (7-5) 6-4
2026-10-02,,2026-10-01T11:41:35Z,Tennis,ATP · Kinoshita Group Japan Open Tennis Championships · Round 2,Luciano Darderi,Kyrian Jacquet,Luciano Darderi,A,0.5496,55.0,No read,,Board,0,0,lost,✗,0,0,0.5496,Kyrian Jacquet,,,,published before the start,,Kyrian Jacquet (FRA) bt Luciano Darderi (ITA) 6-3 7-6 (7-5)
2026-10-02,,2026-10-01T11:41:35Z,Tennis,WTA · Jingshan Tennis Open · Quarterfinal,Sofya Lansere,Jessica Bouzas Maneiro,Jessica Bouzas Maneiro,B,0.5437,54.4,No read,,Board,0,0,won,✓,1,1,0.5437,Jessica Bouzas Maneiro,,,,published before the start,,(1) Jessica Bouzas Maneiro (ESP) bt Sofya Lansere (RUS) 6-2 6-2
2026-10-02,,2026-10-01T11:41:35Z,Tennis,WTA · China Open · Round 2,Magdalena Frech,Nikola Bartunkova,Nikola Bartunkova,B,0.5402,54.0,No read,,Board,0,0,won,✓,1,1,0.5402,Nikola Bartunkova,,,,published before the start,,(26) Nikola Bartunkova (CZE) bt Magdalena Frech (POL) 6-2 6-2
2026-10-02,,2026-10-02T11:11:04Z,Tennis,WTA · Adana Open · Quarterfinal,Erika Andreeva,Elena Pridankina,Elena Pridankina,B,0.5189,51.9,No read,,Board,0,0,lost,✗,0,0,0.5189,Erika Andreeva,,,,published before the start,,Erika Andreeva (RUS) bt Elena Pridankina (RUS) 1-6 6-1 6-3
2026-10-02,,2026-10-01T11:41:35Z,Tennis,WTA · China Open · Round 2,Diane Parry,Taylah Preston,Taylah Preston,B,0.5034,50.3,No read,,Board,0,0,won,✓,1,1,0.5034,Taylah Preston,,,,published before the start,,Taylah Preston (AUS) bt (22) Diane Parry (FRA) 7-6 (7-4) 6-1
2026-10-03,,2026-10-03T10:31:24Z,Tennis,WTA · China Open · Round 2,Alina Charaeva,Elena Rybakina,Elena Rybakina,B,0.9214,92.1,Strong,0.9032,Board,0,0,lost,✗,0,0,0.9214,Alina Charaeva,,,,published before the start,,Alina Charaeva (ARM) bt (1) Elena Rybakina (KAZ) 3-6 6-4 6-3
2026-10-03,,2026-10-03T00:29:28Z,Tennis,ATP · Kinoshita Group Japan Open Tennis Championships · Round 2,Matteo Arnaldi,Carlos Alcaraz,Carlos Alcaraz,B,0.8854,88.5,Strong,0.9194,Daily List,1,0,won,✓,1,1,0.8854,Carlos Alcaraz,,,,published before the start,,(1) Carlos Alcaraz (ESP) bt Matteo Arnaldi (ITA) 7-6 (8-6) 6-1
2026-10-03,,2026-10-03T00:29:28Z,Tennis,WTA · China Open · Round 2,Anastasia Zakharova,Belinda Bencic,Belinda Bencic,B,0.8376,83.8,Strong,0.8696,Daily List,1,0,won,✓,1,1,0.8376,Belinda Bencic,,,,published before the start,,(9) Belinda Bencic (SUI) bt Anastasia Zakharova (RUS) 6-1 7-6 (7-3)
2026-10-03,,2026-10-02T23:54:37Z,Tennis,ATP · China Open · Round 2,Jan Lennard Struff,Daniil Medvedev,Daniil Medvedev,B,0.803,80.3,Strong,0.8559,Daily List,1,0,won,✓,1,1,0.803,Daniil Medvedev,,,,published before the start,,(3) Daniil Medvedev (RUS) bt Jan-Lennard Struff (GER) 6-4 6-3
2026-10-03,,2026-10-03T00:29:28Z,Tennis,WTA · China Open · Round 2,Camila Osorio,Coco Gauff,Coco Gauff,B,0.8019,80.2,Strong,0.8696,Daily List,1,0,won,✓,1,1,0.8019,Coco Gauff,,,,published before the start,,(3) Coco Gauff (USA) bt Camila Osorio (COL) 7-6 (7-4) 4-6 6-2
2026-10-03,,2026-10-03T00:29:28Z,Tennis,ATP · China Open · Round 2,Quentin Halys,Alex De Minaur,Alex De Minaur,B,0.7815,78.1,Strong,0.8316,Reserve,0,1,lost,✗,0,0,0.7815,Alex de Minaur,,,,published before the start,,(5) Alex de Minaur (AUS) bt Quentin Halys (FRA) 3-6 7-6 (7-5) 7-5
2026-10-03,,2026-10-03T00:29:28Z,Tennis,WTA · China Open · Round 2,Elise Mertens,Katie Volynets,Elise Mertens,A,0.7613,76.1,Strong,0.8103,Reserve,0,1,won,✓,1,1,0.7613,Elise Mertens,,,,published before the start,,(13) Elise Mertens (BEL) bt Katie Volynets (USA) 6-0 4-6 7-5
2026-10-03,,2026-10-03T00:29:28Z,Tennis,WTA · China Open · Round 2,Elina Svitolina,Katerina Siniakova,Elina Svitolina,A,0.7606,76.1,Strong,0.8103,Reserve,0,1,won,✓,1,1,0.7606,Elina Svitolina,,,,published before the start,,(6) Elina Svitolina (UKR) bt Katerina Siniakova (CZE) 1-6 6-4 6-2
2026-10-03,,2026-10-03T00:29:28Z,Tennis,WTA · China Open · Round 2,Harriet Dart,Iva Jovic,Iva Jovic,B,0.7474,74.7,Strong,0.8021,Reserve,0,1,won,✓,1,1,0.7474,Iva Jovic,,,,published before the start,,(10) Iva Jovic (USA) bt Harriet Dart (GBR) 2-6 6-3 6-3
2026-10-03,,2026-10-03T10:31:24Z,Tennis,WTA · Adana Open · Semifinal,Leolia Jeanjean,Antonia Ruzic,Antonia Ruzic,B,0.7421,74.2,Strong,0.8021,Reserve,0,1,lost,✗,0,0,0.7421,Leolia Jeanjean,,,,published before the start,,(4) Leolia Jeanjean (FRA) bt (1) Antonia Ruzic (CRO) 4-6 6-1 6-3
2026-10-03,,2026-10-03T00:29:28Z,Tennis,WTA · China Open · Round 2,Leylah Fernandez,Kamilla Rakhimova,Leylah Fernandez,A,0.7375,73.8,Strong,0.8021,Reserve,0,1,lost,✗,0,0,0.7375,Kamilla Rakhimova,,,,published before the start,,Kamilla Rakhimova (UZB) bt (23) Leylah Fernandez (CAN) 6-2 4-6 6-3
2026-10-03,,2026-10-03T00:29:28Z,Tennis,WTA · China Open · Round 2,Storm Hunter,Maria Sakkari,Maria Sakkari,B,0.6878,68.8,Firm,0.7681,Reserve,0,1,won,✓,1,1,0.6878,Maria Sakkari,,,,published before the start,,(25) Maria Sakkari (GRE) bt Storm Hunter (AUS) 6-2 6-2
2026-10-03,,2026-10-03T00:29:28Z,Tennis,ATP · China Open · Round 2,Roman Safiullin,Andrey Rublev,Andrey Rublev,B,0.6841,68.4,Firm,0.7688,Reserve,0,1,won,✓,1,1,0.6841,Andrey Rublev,,,,published before the start,,Andrey Rublev (RUS) bt Roman Safiullin (RUS) 6-2 3-6 6-4
2026-10-03,,2026-10-03T10:31:24Z,Tennis,WTA · Adana Open · Semifinal,Lois Boisson,Erika Andreeva,Lois Boisson,A,0.6298,63.0,Firm,0.7151,Reserve,0,1,won,✓,1,1,0.6298,Lois Boisson,,,,published before the start,,Lois Boisson (FRA) bt Erika Andreeva (RUS) 6-3 4-6 6-2
2026-10-03,,2026-10-03T00:29:28Z,Tennis,ATP · Kinoshita Group Japan Open Tennis Championships · Round 2,Adolfo Daniel Vallejo,Matteo Berrettini,Matteo Berrettini,B,0.577,57.7,Lean,0.6938,Board,0,0,lost,✗,0,0,0.577,Adolfo Daniel Vallejo,,,,published before the start,retired,Adolfo Daniel Vallejo (PAR) bt Matteo Berrettini (ITA) 7-6 (8-6) 6-1
2026-10-03,,2026-10-03T00:29:28Z,Tennis,WTA · China Open · Round 2,Paula Badosa,Jelena Ostapenko,Paula Badosa,A,0.5663,56.6,Lean,0.6829,Board,0,0,lost,✗,0,0,0.5663,Jelena Ostapenko,,,,published before the start,,(24) Jelena Ostapenko (LAT) bt Paula Badosa (ESP) 7-6 (7-5) 7-5
2026-10-03,,2026-10-02T23:54:37Z,Tennis,ATP · China Open · Round 2,Jakub Mensik,Francisco Cerundolo,Jakub Mensik,A,0.5645,56.5,Lean,0.6938,Board,0,0,lost,✗,0,0,0.5645,Francisco Cerundolo,,,,published before the start,,Francisco Cerundolo (ARG) bt (8) Jakub Mensik (CZE) 6-3 6-3
2026-10-03,,2026-10-02T23:54:37Z,Tennis,WTA · China Open · Round 2,Kimberly Birrell,Marie Bouzkova,Marie Bouzkova,B,0.5636,56.4,Lean,0.6829,Board,0,0,won,✓,1,1,0.5636,Marie Bouzkova,,,,published before the start,,(18) Marie Bouzkova (CZE) bt Kimberly Birrell (AUS) 6-4 6-4
2026-10-03,,2026-10-03T00:29:28Z,Tennis,WTA · Jingshan Tennis Open · Semifinal,Aliona Falei,Jessica Bouzas Maneiro,Jessica Bouzas Maneiro,B,0.5524,55.2,Lean,0.6829,Board,0,0,won,✓,1,1,0.5524,Jessica Bouzas Maneiro,,,,published before the start,,(1) Jessica Bouzas Maneiro (ESP) bt Aliona Falei (BLR) 6-3 6-3
2026-10-03,,2026-10-03T00:29:28Z,Tennis,ATP · Kinoshita Group Japan Open Tennis Championships · Round 2,Jiri Lehecka,Ugo Humbert,Jiri Lehecka,A,0.5412,54.1,No read,,Board,0,0,won,✓,1,1,0.5412,Jiri Lehecka,,,,published before the start,,Jiri Lehecka (CZE) bt Ugo Humbert (FRA) 5-7 6-4 6-4
2026-10-03,,2026-10-03T00:29:28Z,Tennis,WTA · China Open · Round 2,Ann Li,Ashlyn Krueger,Ann Li,A,0.5207,52.1,No read,,Board,0,0,won,✓,1,1,0.5207,Ann Li,,,,published before the start,,(21) Ann Li (USA) bt Ashlyn Krueger (USA) 6-4 6-2
2026-10-03,,2026-10-03T00:29:28Z,Tennis,ATP · Kinoshita Group Japan Open Tennis Championships · Round 2,Alejandro Tabilo,Denis Shapovalov,Alejandro Tabilo,A,0.5166,51.7,No read,,Board,0,0,lost,✗,0,0,0.5166,Denis Shapovalov,,,,published before the start,,Denis Shapovalov (CAN) bt Alejandro Tabilo (CHI) 7-5 3-6 6-4
2026-10-04,,2026-10-03T10:31:24Z,Tennis,WTA · China Open · Round 3,Aryna Sabalenka,Nikola Bartunkova,Aryna Sabalenka,A,0.887,88.7,Strong,0.9032,Daily List,1,0,lost,✗,0,0,0.887,Nikola Bartunkova,,,,published before the start,,(26) Nikola Bartunkova (CZE) bt (2) Aryna Sabalenka (BLR) 6-4 6-3
2026-10-04,,2026-10-03T10:31:24Z,Tennis,ATP · Kinoshita Group Japan Open Tennis Championships · Quarterfinal,Denis Shapovalov,Carlos Alcaraz,Carlos Alcaraz,B,0.878,87.8,Strong,0.9194,Daily List,1,0,won,✓,1,1,0.878,Carlos Alcaraz,,,,published before the start,retired,(1) Carlos Alcaraz (ESP) bt Denis Shapovalov (CAN) 7-6 (7-3) 2-1 ret
2026-10-04,,2026-10-03T10:31:24Z,Tennis,WTA · China Open · Round 3,Mirra Andreeva,Polina Kudermetova,Mirra Andreeva,A,0.8561,85.6,Strong,0.9032,Daily List,1,0,won,✓,1,1,0.8561,Mirra Andreeva,,,,published before the start,,(4) Mirra Andreeva (RUS) bt Polina Kudermetova (UZB) 6-4 6-1
2026-10-04,,2026-10-03T10:31:24Z,Tennis,WTA · China Open · Round 3,Liudmila Samsonova,Karolina Muchova,Karolina Muchova,B,0.7653,76.5,Strong,0.8103,Reserve,0,1,won,✓,1,1,0.7653,Karolina Muchova,,,,published before the start,,(7) Karolina Muchova (CZE) bt (29) Liudmila Samsonova (RUS) 4-6 6-4 6-2
2026-10-04,,2026-10-03T10:31:24Z,Tennis,WTA · China Open · Round 3,Naomi Osaka,Sara Bejlek,Naomi Osaka,A,0.7391,73.9,Strong,0.8021,Reserve,0,1,won,✓,1,1,0.7391,Naomi Osaka,,,,published before the start,,(12) Naomi Osaka (JPN) bt (20) Sara Bejlek (CZE) 7-6 (7-4) 6-4
2026-10-04,,2026-10-03T10:31:24Z,Tennis,WTA · China Open · Round 3,Viktorija Golubic,Linda Noskova,Linda Noskova,B,0.7348,73.5,Strong,0.8021,Reserve,0,1,won,✓,1,1,0.7348,Linda Noskova,,,,published before the start,,(5) Linda Noskova (CZE) bt Viktorija Golubic (SUI) 6-2 6-1
2026-10-04,,2026-10-04T13:29:15Z,Tennis,WTA · Adana Open · Final,Lois Boisson,Leolia Jeanjean,Lois Boisson,A,0.6939,69.4,Firm,0.7681,Reserve,0,1,lost,✗,0,0,0.6939,Leolia Jeanjean,,,,published before the start,,(4) Leolia Jeanjean (FRA) bt Lois Boisson (FRA) 7-6 (7-3) 4-6 6-4
2026-10-04,,2026-10-04T11:10:08Z,Tennis,WTA · Samsun Open · Qualifying 1st Round,Lucija Ciric Bagaric,Dalila Jakupovic,Lucija Ciric Bagaric,A,0.6049,60.5,Lean,0.7151,Board,0,0,lost,✗,0,0,0.6049,Dalila Jakupovic,,,,published before the start,,Dalila Jakupovic (SLO) bt Lucija Ciric Bagaric (CRO) 6-4 6-4
2026-10-04,,2026-10-03T10:31:24Z,Tennis,ATP · China Open · Quarterfinal,Andrey Rublev,Alex De Minaur,Alex De Minaur,B,0.5926,59.3,Lean,0.6938,Board,0,0,lost,✗,0,0,0.5926,Alex de Minaur,,,,published before the start,,(5) Alex de Minaur (AUS) bt Andrey Rublev (RUS) 1-6 6-2 6-3
2026-10-04,,2026-10-03T10:31:24Z,Tennis,ATP · Kinoshita Group Japan Open Tennis Championships · Quarterfinal,Arthur Fils,Valentin Vacherot,Arthur Fils,A,0.582,58.2,Lean,0.6938,Board,0,0,lost,✗,0,0,0.582,Valentin Vacherot,,,,published before the start,,(8) Valentin Vacherot (MON) bt Arthur Fils (FRA) 7-5 4-6 6-4
2026-10-04,,2026-10-03T10:31:24Z,Tennis,WTA · Suzhou Open · Qualifying 1st Round,Kristiana Sidorova,Katarina Zavatska,Kristiana Sidorova,A,0.565,56.5,Lean,0.6829,Board,0,0,lost,✗,0,0,0.565,Katarina Zavatska,,,,published before the start,,Katarina Zavatska (UKR) bt Kristiana Sidorova (RUS) 6-4 6-1
2026-10-04,,2026-10-03T10:31:24Z,Tennis,WTA · China Open · Round 3,Diana Shnaider,Ekaterina Alexandrova,Diana Shnaider,A,0.5594,55.9,Lean,0.6829,Board,0,0,lost,✗,0,0,0.5594,Ekaterina Alexandrova,,,,published before the start,,(19) Ekaterina Alexandrova (RUS) bt (11) Diana Shnaider (RUS) 3-6 6-4 6-3
2026-10-04,,2026-10-03T10:31:24Z,Tennis,WTA · China Open · Round 3,Dayana Yastremska,Sinja Kraus,Dayana Yastremska,A,0.544,54.4,No read,,Board,0,0,lost,✗,0,0,0.544,Sinja Kraus,,,,published before the start,,Sinja Kraus (AUT) bt Dayana Yastremska (UKR) 6-1 6-4
2026-10-04,,2026-10-03T10:31:24Z,Tennis,WTA · Suzhou Open · Qualifying 1st Round,Kyoka Okamura,Priska Madelyn Nugroho,Priska Madelyn Nugroho,B,0.5117,51.2,No read,,Board,0,0,lost,✗,0,0,0.5117,Kyoka Okamura,,,,published before the start,,Kyoka Okamura (JPN) bt Priska Nugroho (INA) 6-3 7-6 (7-5)
2026-10-04,,2026-10-03T10:31:24Z,Tennis,WTA · China Open · Round 3,Taylah Preston,Daria Snigur,Taylah Preston,A,0.5085,50.8,No read,,Board,0,0,lost,✗,0,0,0.5085,Daria Snigur,,,,published before the start,,Daria Snigur (UKR) bt Taylah Preston (AUS) 6-1 6-0
2026-10-04,,2026-10-03T10:31:24Z,Tennis,ATP · Kinoshita Group Japan Open Tennis Championships · Quarterfinal,Kyrian Jacquet,Jaume Munar,Jaume Munar,B,0.5037,50.4,No read,,Board,0,0,won,✓,1,1,0.5037,Jaume Munar,,,,published before the start,,Jaume Munar (ESP) bt Kyrian Jacquet (FRA) 6-4 6-2
2026-10-04,,2026-10-03T10:31:24Z,Tennis,ATP · China Open · Quarterfinal,Karen Khachanov,Hubert Hurkacz,Karen Khachanov,A,0.501,50.1,No read,,Board,0,0,lost,✗,0,0,0.501,Hubert Hurkacz,,,,published before the start,,Hubert Hurkacz (POL) bt Karen Khachanov (RUS) 7-6 (7-2) 6-2
2026-10-05,,2026-10-05T04:23:24Z,Tennis,ATP · Kinoshita Group Japan Open Tennis Championships · Semifinal,Jaume Munar,Carlos Alcaraz,Carlos Alcaraz,B,0.8888,88.9,Strong,0.9194,Daily List,1,0,won,✓,1,1,0.8888,Carlos Alcaraz,,,,published before the start,,(1) Carlos Alcaraz (ESP) bt Jaume Munar (ESP) 5-7 6-3 6-1
2026-10-05,,2026-10-04T22:28:00Z,Tennis,WTA · China Open · Round 3,Iga Swiatek,Donna Vekic,Iga Swiatek,A,0.8451,84.5,Strong,0.8696,Daily List,1,0,won,✓,1,1,0.8451,Iga Swiatek,,,,published before the start,,(8) Iga Swiatek (POL) bt (30) Donna Vekic (CRO) 4-6 7-6 (7-0) 6-2
2026-10-05,,2026-10-05T04:23:24Z,Tennis,WTA · China Open · Round 3,Ann Li,Belinda Bencic,Belinda Bencic,B,0.7447,74.5,Strong,0.8021,Reserve,0,1,lost,✗,0,0,0.7447,Ann Li,,,,published before the start,,(21) Ann Li (USA) bt (9) Belinda Bencic (SUI) 6-4 6-3
2026-10-05,,2026-10-05T04:23:24Z,Tennis,WTA · China Open · Round 3,Sonay Kartal,Alina Charaeva,Sonay Kartal,A,0.7409,74.1,Strong,0.8021,Board,0,0,lost,✗,0,0,0.7409,Alina Charaeva,,,,published before the start,,Alina Charaeva (ARM) bt Sonay Kartal (GBR) 6-4 6-1
2026-10-05,,2026-10-05T04:23:24Z,Tennis,WTA · China Open · Round 3,Elina Svitolina,Maria Sakkari,Elina Svitolina,A,0.7403,74.0,Strong,0.8021,Reserve,0,1,won,✓,1,1,0.7403,Elina Svitolina,,,,published before the start,,(6) Elina Svitolina (UKR) bt (25) Maria Sakkari (GRE) 6-4 7-5
2026-10-05,,2026-10-05T04:23:24Z,Tennis,WTA · China Open · Round 3,Kamilla Rakhimova,Iva Jovic,Iva Jovic,B,0.7177,71.8,Strong,0.8021,Reserve,0,1,won,✓,1,1,0.7177,Iva Jovic,,,,published before the start,,(10) Iva Jovic (USA) bt Kamilla Rakhimova (UZB) 6-1 7-5
2026-10-05,,2026-10-05T00:40:00Z,Tennis,ATP · Rolex Shanghai Masters · Qualifying 1st Round,Aziz Dougaz,Lorenzo Sonego,Lorenzo Sonego,B,0.661,66.1,Firm,0.7688,Board,0,0,lost,✗,0,0,0.661,Aziz Dougaz,,,,published before the start,,Aziz Dougaz (TUN) bt Lorenzo Sonego (ITA) 7-6 (7-5) 5-7 6-4
2026-10-05,,2026-10-05T04:23:24Z,Tennis,ATP · Rolex Shanghai Masters · Qualifying 1st Round,Bernard Tomic,Terence Atmane,Terence Atmane,B,0.6289,62.9,Firm,0.7328,Board,0,0,lost,✗,0,0,0.6289,Bernard Tomic,,,,published before the start,retired,Bernard Tomic (AUS) bt Terence Atmane (FRA) 6-3 4-6 5-3 ret
2026-10-05,,2026-10-05T04:23:24Z,Tennis,ATP · China Open · Semifinal,Hubert Hurkacz,Alex De Minaur,Alex De Minaur,B,0.6208,62.1,Firm,0.7328,Reserve,0,1,lost,✗,0,0,0.6208,Alex de Minaur,,,,published before the start,retired,(5) Alex de Minaur (AUS) bt Hubert Hurkacz (POL) 6-4 3-2 ret
2026-10-05,,2026-10-05T04:23:24Z,Tennis,ATP · Rolex Shanghai Masters · Qualifying 1st Round,Nishesh Basavareddy,Kimmer Coppejans,Nishesh Basavareddy,A,0.6072,60.7,Lean,0.7328,Board,0,0,lost,✗,0,0,0.6072,Kimmer Coppejans,,,,published before the start,,Kimmer Coppejans (BEL) bt Nishesh Basavareddy (USA) 7-6 (10-8) 6-3
2026-10-05,,2026-10-05T04:23:24Z,Tennis,ATP · Rolex Shanghai Masters · Qualifying 1st Round,Pavel Kotov,Martin Damm,Martin Damm,B,0.6065,60.7,Lean,0.7328,Board,0,0,lost,✗,0,0,0.6065,Pavel Kotov,,,,published before the start,,Pavel Kotov (RUS) bt Martin Damm (USA) 7-6 (7-4) 6-7 (4-7) 6-3
2026-10-05,,2026-10-05T04:23:24Z,Tennis,ATP · Rolex Shanghai Masters · Qualifying 1st Round,Dalibor Svrcina,Billy Harris,Dalibor Svrcina,A,0.5988,59.9,Lean,0.6938,Board,0,0,won,✓,1,1,0.5988,Dalibor Svrcina,,,,published before the start,,Dalibor Svrcina (CZE) bt Billy Harris (GBR) 4-6 7-6 (8-6) 7-5
2026-10-05,,2026-10-05T00:40:00Z,Tennis,ATP · Rolex Shanghai Masters · Qualifying 1st Round,Alexis Galarneau,Roman Safiullin,Roman Safiullin,B,0.5917,59.2,Lean,0.6938,Board,0,0,won,✓,1,1,0.5917,Roman Safiullin,,,,published before the start,,Roman Safiullin (RUS) bt Alexis Galarneau (CAN) 6-3 6-0
2026-10-05,,2026-10-05T00:40:00Z,Tennis,WTA · Suzhou Open · Round 1,Rebecca Sramkova,Alevtina Ibragimova,Rebecca Sramkova,A,0.5914,59.1,Lean,0.6829,Board,0,0,won,✓,1,1,0.5914,Rebecca Sramkova,,,,published before the start,,Rebecca Sramkova (SVK) bt Alevtina Ibragimova (RUS) 6-2 6-3
2026-10-05,,2026-10-05T04:23:24Z,Tennis,ATP · China Open · Semifinal,Daniil Medvedev,Novak Djokovic,Novak Djokovic,B,0.59,59.0,Lean,0.6938,Board,0,0,won,✓,1,1,0.59,Novak Djokovic,,,,published before the start,,(6) Novak Djokovic (SER) bt (3) Daniil Medvedev (RUS) 5-3 5-3
2026-10-05,,2026-10-05T04:23:24Z,Tennis,WTA · Samsun Open · Qualifying Final,Mariam Bolkvadze,Mariia Tkacheva,Mariia Tkacheva,B,0.5659,56.6,Lean,0.6829,Board,0,0,lost,✗,0,0,0.5659,Mariam Bolkvadze,,,,published before the start,,Mariam Bolkvadze (GEO) bt Mariia Tkacheva (RUS) 4-6 7-6 (7-5) 6-0
2026-10-05,,2026-10-05T04:23:24Z,Tennis,ATP · Rolex Shanghai Masters · Qualifying 1st Round,Alexandre Muller,Rio Noguchi,Alexandre Muller,A,0.5639,56.4,Lean,0.6938,Board,0,0,won,✓,1,1,0.5639,Alexandre Muller,,,,published before the start,,Alexandre Muller (FRA) bt Rio Noguchi (JPN) 6-3 4-6 6-1
2026-10-05,,2026-10-05T00:40:00Z,Tennis,ATP · Rolex Shanghai Masters · Qualifying 1st Round,Shintaro Mochizuki,Taro Daniel,Taro Daniel,B,0.5631,56.3,Lean,0.6938,Board,0,0,lost,✗,0,0,0.5631,Shintaro Mochizuki,,,,published before the start,,Shintaro Mochizuki (JPN) bt Taro Daniel (JPN) 2-6 6-2 6-2
2026-10-05,,2026-10-05T04:23:24Z,Tennis,WTA · Samsun Open · Round 1,Julia Grabher,Dalma Galfi,Dalma Galfi,B,0.5621,56.2,Lean,0.6829,Board,0,0,won,✓,1,1,0.5621,Dalma Galfi,,,,published before the start,,Dalma Galfi (HUN) bt (4) Julia Grabher (AUT) 6-3 6-4
2026-10-05,,2026-10-05T04:23:24Z,Tennis,WTA · Samsun Open · Qualifying Final,Elena Micic,Noma Noha Akugue,Noma Noha Akugue,B,0.5566,55.7,Lean,0.6829,Board,0,0,won,✓,1,1,0.5566,Noma Noha Akugue,,,,published before the start,,Noma Noha Akugue (GER) bt Elena Micic (AUS) 7-5 6-3
2026-10-05,,2026-10-05T04:23:24Z,Tennis,WTA · China Open · Round 3,Elise Mertens,Jelena Ostapenko,Elise Mertens,A,0.5554,55.5,Lean,0.6829,Board,0,0,won,✓,1,1,0.5554,Elise Mertens,,,,published before the start,,(13) Elise Mertens (BEL) bt (24) Jelena Ostapenko (LAT) 6-2 3-6 6-3
2026-10-05,,2026-10-05T04:23:24Z,Tennis,ATP · Rolex Shanghai Masters · Qualifying 1st Round,Nicolas Mejia,Chun Hsin Tseng,Nicolas Mejia,A,0.5425,54.2,No read,,Board,0,0,won,✓,1,1,0.5425,Nicolas Mejia,,,,published before the start,retired,Nicolas Mejia (COL) bt Chun-Hsin Tseng (TPO) 6-4 0-0 ret
2026-10-05,,2026-10-05T00:40:00Z,Tennis,ATP · Rolex Shanghai Masters · Qualifying 1st Round,Liam Draxl,Hugo Gaston,Hugo Gaston,B,0.539,53.9,No read,,Board,0,0,lost,✗,0,0,0.539,Liam Draxl,,,,published before the start,,Liam Draxl (CAN) bt Hugo Gaston (FRA) 7-5 6-4
2026-10-05,,2026-10-05T04:23:24Z,Tennis,ATP · Rolex Shanghai Masters · Qualifying 1st Round,Federico Agustin Gomez,Michael Zheng,Michael Zheng,B,0.5279,52.8,No read,,Board,0,0,won,✓,1,1,0.5279,Michael Zheng,,,,published before the start,,Michael Zheng (USA) bt Federico Agustin Gomez (ARG) 6-7 (7-9) 6-3 6-3
2026-10-05,,2026-10-05T04:23:24Z,Tennis,WTA · Suzhou Open · Round 1,Claire Liu,Elsa Jacquemot,Claire Liu,A,0.5269,52.7,No read,,Board,0,0,won,✓,1,1,0.5269,Claire Liu,,,,published before the start,,(7) Claire Liu (USA) bt Elsa Jacquemot (FRA) 6-1 6-1
2026-10-05,,2026-10-05T04:23:24Z,Tennis,ATP · Rolex Shanghai Masters · Qualifying 1st Round,Lloyd Harris,Alex Bolt,Lloyd Harris,A,0.525,52.5,No read,,Board,0,0,won,✓,1,1,0.525,Lloyd Harris,,,,published before the start,,Lloyd Harris (RSA) bt Alex Bolt (AUS) 7-5 6-4
2026-10-05,,2026-10-05T04:23:24Z,Tennis,ATP · Rolex Shanghai Masters · Qualifying 1st Round,Rei Sakamoto,Seong Chan Hong,Rei Sakamoto,A,0.5236,52.4,No read,,Board,0,0,won,✓,1,1,0.5236,Rei Sakamoto,,,,published before the start,,Rei Sakamoto (JPN) bt SeongChan Hong (KOR) 6-3 7-5
2026-10-05,,2026-10-05T04:23:24Z,Tennis,WTA · Samsun Open · Round 1,Suzan Lamens,Polina Iatcenko,Suzan Lamens,A,0.5219,52.2,No read,,Board,0,0,lost,✗,0,0,0.5219,Polina Iatcenko,,,,published before the start,,Polina Iatcenko (RUS) bt Suzan Lamens (NED) 6-3 6-1
2026-10-05,,2026-10-05T04:23:24Z,Tennis,ATP · Rolex Shanghai Masters · Qualifying 1st Round,Yoshihito Nishioka,Alexander Shevchenko,Yoshihito Nishioka,A,0.5097,51.0,No read,,Board,0,0,won,✓,1,1,0.5097,Yoshihito Nishioka,,,,published before the start,,Yoshihito Nishioka (JPN) bt Aleksandr Shevchenko (KAZ) 6-2 6-4
2026-10-05,,2026-10-05T04:23:24Z,Tennis,ATP · Rolex Shanghai Masters · Qualifying 1st Round,Elias Ymer,Mattia Bellucci,Mattia Bellucci,B,0.5087,50.9,No read,,Board,0,0,won,✓,1,1,0.5087,Mattia Bellucci,,,,published before the start,,Mattia Bellucci (ITA) bt Elias Ymer (SWE) 4-6 7-5 7-6 (7-3)
2026-10-05,,2026-10-05T04:23:24Z,Tennis,ATP · Rolex Shanghai Masters · Qualifying 1st Round,Tristan Schoolkate,Dane Sweeny,Dane Sweeny,B,0.5077,50.8,No read,,Board,0,0,won,✓,1,1,0.5077,Dane Sweeny,,,,published before the start,,Dane Sweeny (AUS) bt Tristan Schoolkate (AUS) 3-6 6-3 6-2
2026-10-05,,2026-10-05T04:23:24Z,Tennis,ATP · Kinoshita Group Japan Open Tennis Championships · Semifinal,Valentin Vacherot,Jiri Lehecka,Jiri Lehecka,B,0.5061,50.6,No read,,Board,0,0,won,✓,1,1,0.5061,Jiri Lehecka,,,,published before the start,,Jiri Lehecka (CZE) bt (8) Valentin Vacherot (MON) 6-4 6-2
2026-10-05,,2026-10-05T04:23:24Z,Tennis,WTA · Samsun Open · Round 1,Fiona Crawley,Lucia Bronzetti,Fiona Crawley,A,0.5015,50.1,No read,,Board,0,0,won,✓,1,1,0.5015,Fiona Crawley,,,,published before the start,,Fiona Crawley (USA) bt Lucia Bronzetti (ITA) 6-2 6-4
2026-10-05,,2026-10-05T04:23:24Z,Tennis,ATP · Rolex Shanghai Masters · Qualifying 1st Round,Stefanos Sakellaridis,Timofey Skatov,Timofey Skatov,B,0.5006,50.1,No read,,Board,0,0,won,✓,1,1,0.5006,Timofey Skatov,,,,published before the start,,Timofey Skatov (KAZ) bt Stefanos Sakellaridis (GRE) 6-3 6-2
2026-10-05,,2026-10-05T04:23:24Z,Tennis,WTA · Samsun Open · Round 1,Himeno Sakatsume,Dominika Salkova,Dominika Salkova,B,0.5001,50.0,No read,,Board,0,0,lost,✗,0,0,0.5001,Himeno Sakatsume,,,,published before the start,,(7) Himeno Sakatsume (JPN) bt Dominika Salkova (CZE) 6-1 6-4
2026-10-06,,2026-10-05T15:16:32Z,Tennis,ATP · Kinoshita Group Japan Open Tennis Championships · Final,Jiri Lehecka,Carlos Alcaraz,Carlos Alcaraz,B,0.8064,80.6,Strong,0.8559,Daily List,1,0,won,✓,1,1,0.8064,Carlos Alcaraz,,,,published before the start,,(1) Carlos Alcaraz (ESP) bt Jiri Lehecka (CZE) 7-6 (7-4) 6-4
2026-10-06,,2026-10-05T15:16:32Z,Tennis,WTA · China Open · Round 4,Mirra Andreeva,Daria Snigur,Mirra Andreeva,A,0.7706,77.1,Strong,0.8103,Reserve,0,1,won,✓,1,1,0.7706,Mirra Andreeva,,,,published before the start,,(4) Mirra Andreeva (RUS) bt Daria Snigur (UKR) 6-2 6-2
2026-10-06,,2026-10-05T15:16:32Z,Tennis,ATP · Rolex Shanghai Masters · Qualifying Final,Shintaro Mochizuki,Roman Safiullin,Roman Safiullin,B,0.7006,70.1,Strong,0.7867,Board,0,0,won,✓,1,1,0.7006,Roman Safiullin,,,,published before the start,,Roman Safiullin (RUS) bt Shintaro Mochizuki (JPN) 6-2 6-3
2026-10-06,,2026-10-05T15:16:32Z,Tennis,WTA · Suzhou Open · Round 1,Mai Hontama,Emerson Jones,Emerson Jones,B,0.6809,68.1,Firm,0.7681,Reserve,0,1,won,✓,1,1,0.6809,Emerson Jones,,,,published before the start,,Emerson Jones (AUS) bt Mai Hontama (JPN) 6-4 6-0
2026-10-06,,2026-10-05T15:16:32Z,Tennis,ATP · Rolex Shanghai Masters · Qualifying Final,Rei Sakamoto,Kyrian Jacquet,Kyrian Jacquet,B,0.6634,66.3,Firm,0.7688,Board,0,0,lost,✗,0,0,0.6634,Rei Sakamoto,,,,published before the start,,Rei Sakamoto (JPN) bt Kyrian Jacquet (FRA) 7-6 (8-6) 4-6 7-6 (10-8)
2026-10-06,,2026-10-05T15:16:32Z,Tennis,WTA · Suzhou Open · Round 1,Darja Vidmanova,Kyoka Okamura,Kyoka Okamura,B,0.6583,65.8,Firm,0.7681,Board,0,0,won,✓,1,1,0.6583,Kyoka Okamura,,,,published before the start,,Kyoka Okamura (JPN) bt (4) Darja Vidmanova (CZE) 6-2 6-7 (6-8) 6-1
2026-10-06,,2026-10-05T15:16:32Z,Tennis,WTA · Suzhou Open · Round 1,Linda Fruhvirtova,Mananchaya Sawangkaew,Mananchaya Sawangkaew,B,0.6407,64.1,Firm,0.7151,Reserve,0,1,lost,✗,0,0,0.6407,Linda Fruhvirtova,,,,published before the start,retired,Linda Fruhvirtova (CZE) bt (5) Mananchaya Sawangkaew (THA) 6-2 2-0 ret
2026-10-06,,2026-10-05T15:16:32Z,Tennis,ATP · China Open · Final,Alex De Minaur,Novak Djokovic,Novak Djokovic,B,0.6358,63.6,Firm,0.7328,Reserve,0,1,won,✓,1,1,0.6358,Novak Djokovic,,,,published before the start,retired,(6) Novak Djokovic (SER) bt (5) Alex de Minaur (AUS) 7-6 (7-3) 0-1 ret
2026-10-06,,2026-10-05T15:16:32Z,Tennis,WTA · Samsun Open · Round 1,Carole Monnet,Lucrezia Stefanini,Lucrezia Stefanini,B,0.6265,62.6,Firm,0.7151,Board,0,0,won,✓,1,1,0.6265,Lucrezia Stefanini,,,,published before the start,,(8) Lucrezia Stefanini (ITA) bt Carole Monnet (FRA) 7-5 6-4
2026-10-06,,2026-10-05T15:16:32Z,Tennis,WTA · China Open · Round 4,Nikola Bartunkova,Sinja Kraus,Nikola Bartunkova,A,0.6249,62.5,Firm,0.7151,Reserve,0,1,won,✓,1,1,0.6249,Nikola Bartunkova,,,,published before the start,,(26) Nikola Bartunkova (CZE) bt Sinja Kraus (AUT) 6-0 4-6 6-3
2026-10-06,,2026-10-05T15:16:32Z,Tennis,WTA · China Open · Round 4,Ekaterina Alexandrova,Linda Noskova,Linda Noskova,B,0.5962,59.6,Lean,0.6829,Board,0,0,lost,✗,0,0,0.5962,Ekaterina Alexandrova,,,,published before the start,,(19) Ekaterina Alexandrova (RUS) bt (5) Linda Noskova (CZE) 6-2 6-2
2026-10-06,,2026-10-06T09:27:52Z,Tennis,WTA · Samsun Open · Round 1,Oksana Selekhmeteva,Lola Radivojevic,Oksana Selekhmeteva,A,0.5884,58.8,Lean,0.6829,Board,0,0,won,✓,1,1,0.5884,Oksana Selekhmeteva,,,,published before the start,,(5) Oksana Selekhmeteva (ESP) bt Lola Radivojevic (SER) 7-5 7-6 (7-0)
2026-10-06,,2026-10-05T15:16:32Z,Tennis,WTA · China Open · Round 4,Naomi Osaka,Karolina Muchova,Karolina Muchova,B,0.5797,58.0,Lean,0.6829,Board,0,0,won,✓,1,1,0.5797,Karolina Muchova,,,,published before the start,,(7) Karolina Muchova (CZE) bt (12) Naomi Osaka (JPN) 7-5 1-6 7-6 (9-7)
2026-10-06,,2026-10-05T15:16:32Z,Tennis,WTA · Samsun Open · Round 1,Ayla Aksu,Emiliana Arango,Emiliana Arango,B,0.5742,57.4,Lean,0.6829,Board,0,0,lost,✗,0,0,0.5742,Ayla Aksu,,,,published before the start,,Ayla Aksu (TUR) bt Emiliana Arango (COL) 6-3 6-2
2026-10-06,,2026-10-05T15:16:32Z,Tennis,ATP · Rolex Shanghai Masters · Qualifying Final,Timofey Skatov,Bernard Tomic,Timofey Skatov,A,0.5679,56.8,Lean,0.6824,Board,0,0,lost,✗,0,0,0.5679,Bernard Tomic,,,,published before the start,,Bernard Tomic (AUS) bt Timofey Skatov (KAZ) 7-5 6-4
2026-10-06,,2026-10-05T15:16:32Z,Tennis,ATP · Rolex Shanghai Masters · Qualifying Final,Nicolas Mejia,Michael Zheng,Michael Zheng,B,0.5537,55.4,Lean,0.6938,Board,0,0,lost,✗,0,0,0.5537,Nicolas Mejia,,,,published before the start,,Nicolas Mejia (COL) bt Michael Zheng (USA) 6-3 6-4
2026-10-06,,2026-10-05T15:16:32Z,Tennis,WTA · Samsun Open · Round 1,Melisa Ercan,Simona Waltert,Melisa Ercan,A,0.5503,55.0,Lean,0.6829,Board,0,0,lost,✗,0,0,0.5503,Simona Waltert,,,,published before the start,,(3) Simona Waltert (SUI) bt Melisa Ercan (AUS) 6-2 6-2
2026-10-06,,2026-10-06T07:40:27Z,Tennis,ATP · Rolex Shanghai Masters · Qualifying Final,Kimmer Coppejans,Dane Sweeny,Dane Sweeny,B,0.544,54.4,No read,,Board,0,0,lost,✗,0,0,0.544,Kimmer Coppejans,,,,published before the start,,Kimmer Coppejans (BEL) bt Dane Sweeny (AUS) 6-3 6-2
2026-10-06,,2026-10-05T15:16:32Z,Tennis,WTA · Samsun Open · Round 1,Noma Noha Akugue,Teodora Kostovic,Teodora Kostovic,B,0.5223,52.2,No read,,Board,0,0,lost,✗,0,0,0.5223,Noma Noha Akugue,,,,published before the start,,Noma Noha Akugue (GER) bt Elena Micic (AUS) 6-3 6-2
2026-10-06,,2026-10-05T15:16:32Z,Tennis,ATP · Rolex Shanghai Masters · Qualifying Final,Lloyd Harris,Chak Lam Coleman Wong,Lloyd Harris,A,0.5198,52.0,No read,,Board,0,0,lost,✗,0,0,0.5198,Chak Lam Coleman Wong,,,,published before the start,,Chak Lam Coleman Wong (HKG) bt Lloyd Harris (RSA) 6-4 3-6 6-2
2026-10-06,,2026-10-06T07:40:27Z,Tennis,ATP · Rolex Shanghai Masters · Qualifying Final,Alexandre Muller,Mattia Bellucci,Mattia Bellucci,B,0.5163,51.6,No read,,Board,0,0,won,✓,1,1,0.5163,Mattia Bellucci,,,,published before the start,,Mattia Bellucci (ITA) bt Alexandre Muller (FRA) 6-4 6-2
2026-10-06,,2026-10-05T15:16:32Z,Tennis,ATP · Rolex Shanghai Masters · Qualifying Final,Nikoloz Basilashvili,Liam Draxl,Liam Draxl,B,0.5133,51.3,No read,,Board,0,0,lost,✗,0,0,0.5133,Nikoloz Basilashvili,,,,published before the start,,Nikoloz Basilashvili (GEO) bt Liam Draxl (CAN) 5-7 7-5 6-4
2026-10-06,,2026-10-05T15:16:32Z,Tennis,ATP · Rolex Shanghai Masters · Qualifying Final,Dalibor Svrcina,Yoshihito Nishioka,Yoshihito Nishioka,B,0.5118,51.2,No read,,Board,0,0,lost,✗,0,0,0.5118,Dalibor Svrcina,,,,published before the start,retired,Dalibor Svrcina (CZE) bt Yoshihito Nishioka (JPN) 5-2 ret
2026-10-06,,2026-10-05T15:16:32Z,Tennis,ATP · Rolex Shanghai Masters · Qualifying Final,Aleksandar Vukic,Pavel Kotov,Pavel Kotov,B,0.5081,50.8,No read,,Board,0,0,won,✓,1,1,0.5081,Pavel Kotov,,,,published before the start,,Pavel Kotov (RUS) bt Aleksandar Vukic (AUS) 6-3 6-3
2026-10-06,,2026-10-05T15:16:32Z,Tennis,ATP · Rolex Shanghai Masters · Qualifying Final,Federico Cina,Aziz Dougaz,Federico Cina,A,0.5001,50.0,No read,,Board,0,0,won,✓,1,1,0.5001,Federico Cina,,,,published before the start,,Federico Cina (ITA) bt Aziz Dougaz (TUN) 6-3 4-6 6-4
2026-10-07,,2026-10-06T22:00:56Z,Tennis,WTA · China Open · Round 4,Iga Swiatek,Iva Jovic,Iga Swiatek,A,0.7734,77.3,Strong,0.8103,Reserve,0,1,won,✓,1,1,0.7734,Iga Swiatek,,,,published before the start,,(8) Iga Swiatek (POL) bt (10) Iva Jovic (USA) 6-1 6-3
2026-10-07,,2026-10-06T22:00:56Z,Tennis,WTA · China Open · Round 4,Elina Svitolina,Ann Li,Elina Svitolina,A,0.7705,77.0,Strong,0.8103,Reserve,0,1,won,✓,1,1,0.7705,Elina Svitolina,,,,published before the start,,(6) Elina Svitolina (UKR) bt (21) Ann Li (USA) 6-2 6-3
2026-10-07,,2026-10-06T22:00:56Z,Tennis,WTA · China Open · Round 4,Elise Mertens,Coco Gauff,Coco Gauff,B,0.7169,71.7,Strong,0.8021,Reserve,0,1,lost,✗,0,0,0.7169,Elise Mertens,,,,published before the start,,(13) Elise Mertens (BEL) bt (3) Coco Gauff (USA) 6-3 6-3
2026-10-07,,2026-10-06T22:00:56Z,Tennis,ATP · Rolex Shanghai Masters · Round 1,Matteo Berrettini,Aleksandar Kovacevic,Matteo Berrettini,A,0.69,69.0,Firm,0.7688,Reserve,0,1,won,✓,1,1,0.69,Matteo Berrettini,,,,published before the start,,Matteo Berrettini (ITA) bt Aleksandar Kovacevic (USA) 6-7 (3-7) 6-1 6-4
2026-10-07,,2026-10-06T22:00:56Z,Tennis,WTA · Suzhou Open · Round 2,Kyoka Okamura,Tatiana Prozorova,Kyoka Okamura,A,0.6716,67.2,Firm,0.7681,Board,0,0,won,✓,1,1,0.6716,Kyoka Okamura,,,,published before the start,,Kyoka Okamura (JPN) bt Tatiana Prozorova (RUS) 6-4 3-6 7-6 (7-5)
2026-10-07,,2026-10-06T22:00:56Z,Tennis,ATP · Rolex Shanghai Masters · Round 1,Federico Cina,Alex Molcan,Alex Molcan,B,0.6595,66.0,Firm,0.7688,Reserve,0,1,won,✓,1,1,0.6595,Alex Molcan,,,,published before the start,,Alex Molcan (SVK) bt Federico Cina (ITA) 4-6 6-1 6-2
2026-10-07,,2026-10-06T22:00:56Z,Tennis,ATP · Rolex Shanghai Masters · Round 1,Daniel Altmaier,Holger Rune,Holger Rune,B,0.6522,65.2,Firm,0.7688,Reserve,0,1,lost,✗,0,0,0.6522,Daniel Altmaier,,,,published before the start,,Daniel Altmaier (GER) bt Holger Rune (DEN) 1-6 7-6 (7-5) 6-4
2026-10-07,,2026-10-06T22:00:56Z,Tennis,ATP · Rolex Shanghai Masters · Round 1,Miomir Kecmanovic,Sho Shimabukuro,Miomir Kecmanovic,A,0.6372,63.7,Firm,0.7328,Reserve,0,1,won,✓,1,1,0.6372,Miomir Kecmanovic,,,,published before the start,,Miomir Kecmanovic (SER) bt Sho Shimabukuro (JPN) 6-2 6-4
2026-10-07,,2026-10-06T22:00:56Z,Tennis,WTA · Suzhou Open · Round 2,Aliaksandra Sasnovich,Linda Fruhvirtova,Aliaksandra Sasnovich,A,0.6204,62.0,Firm,0.7151,Reserve,0,1,won,✓,1,1,0.6204,Aliaksandra Sasnovich,,,,published before the start,,Aliaksandra Sasnovich (BLR) bt Linda Fruhvirtova (CZE) 6-0 6-2
2026-10-07,,2026-10-07T14:13:15Z,Tennis,WTA · Samsun Open · Round 2,Himeno Sakatsume,Viktoria Hruncakova,Himeno Sakatsume,A,0.6118,61.2,Lean,0.7151,Board,0,0,won,✓,1,1,0.6118,Himeno Sakatsume,,,,published before the start,,(7) Himeno Sakatsume (JPN) bt Viktoria Hruncakova (SVK) 7-5 6-2
2026-10-07,,2026-10-06T22:00:56Z,Tennis,ATP · Rolex Shanghai Masters · Round 1,Marin Cilic,Arthur Fery,Marin Cilic,A,0.5848,58.5,Lean,0.6938,Board,0,0,lost,✗,0,0,0.5848,Arthur Fery,,,,published before the start,,Arthur Fery (GBR) bt Marin Cilic (CRO) 7-6 (7-2) 6-1
2026-10-07,,2026-10-06T22:00:56Z,Tennis,WTA · Samsun Open · Round 1,Anna Blinkova,Elena Pridankina,Anna Blinkova,A,0.5776,57.8,Lean,0.6829,Board,0,0,won,✓,1,1,0.5776,Anna Blinkova,,,,published before the start,,(2) Anna Blinkova (FRA) bt Elena Pridankina (RUS) 4-6 6-2 6-4
2026-10-07,,2026-10-06T22:00:56Z,Tennis,WTA · Samsun Open · Round 2,Dalma Galfi,Polina Iatcenko,Polina Iatcenko,B,0.5551,55.5,Lean,0.6829,Board,0,0,won,✓,1,1,0.5551,Polina Iatcenko,,,,published before the start,,Polina Iatcenko (RUS) bt Dalma Galfi (HUN) 6-4 7-6 (8-6)
2026-10-07,,2026-10-06T22:00:56Z,Tennis,ATP · Rolex Shanghai Masters · Round 1,Nikoloz Basilashvili,Adrian Mannarino,Adrian Mannarino,B,0.5517,55.2,Lean,0.6938,Board,0,0,won,✓,1,1,0.5517,Adrian Mannarino,,,,published before the start,retired,Adrian Mannarino (FRA) bt Nikoloz Basilashvili (GEO) 6-3 2-2 ret
2026-10-07,,2026-10-06T22:00:56Z,Tennis,ATP · Rolex Shanghai Masters · Round 1,Chak Lam Coleman Wong,Quentin Halys,Quentin Halys,B,0.5485,54.9,No read,,Board,0,0,won,✓,1,1,0.5485,Quentin Halys,,,,published before the start,,Quentin Halys (FRA) bt Chak Lam Coleman Wong (HKG) 6-4 7-6 (7-5)
2026-10-07,,2026-10-06T22:00:56Z,Tennis,WTA · Suzhou Open · Round 2,Claire Liu,Rebecca Sramkova,Rebecca Sramkova,B,0.5439,54.4,No read,,Board,0,0,won,✓,1,1,0.5439,Rebecca Sramkova,,,,published before the start,,Rebecca Sramkova (SVK) bt (7) Claire Liu (USA) 7-5 6-4
2026-10-07,,2026-10-06T22:00:56Z,Tennis,WTA · Samsun Open · Round 2,Oksana Selekhmeteva,Fiona Crawley,Fiona Crawley,B,0.5362,53.6,No read,,Board,0,0,won,✓,1,1,0.5362,Fiona Crawley,,,,published before the start,,Fiona Crawley (USA) bt (5) Oksana Selekhmeteva (ESP) 4-6 6-4 6-4
2026-10-07,,2026-10-06T22:00:56Z,Tennis,ATP · Rolex Shanghai Masters · Round 1,Rei Sakamoto,Marco Trungelliti,Marco Trungelliti,B,0.5349,53.5,No read,,Board,0,0,lost,✗,0,0,0.5349,Rei Sakamoto,,,,published before the start,,Rei Sakamoto (JPN) bt Marco Trungelliti (ARG) 6-3 7-5
2026-10-07,,2026-10-06T22:00:56Z,Tennis,WTA · Samsun Open · Round 1,Mariam Bolkvadze,Leolia Jeanjean,Leolia Jeanjean,B,0.5348,53.5,No read,,Board,0,0,lost,✗,0,0,0.5348,Mariam Bolkvadze,,,,published before the start,,Mariam Bolkvadze (GEO) bt (6) Leolia Jeanjean (FRA) 6-3 6-1
2026-10-07,,2026-10-06T22:00:56Z,Tennis,ATP · Rolex Shanghai Masters · Round 1,Roman Safiullin,Rinky Hijikata,Roman Safiullin,A,0.525,52.5,No read,,Board,0,0,won,✓,1,1,0.525,Roman Safiullin,,,,published before the start,,Roman Safiullin (RUS) bt Rinky Hijikata (AUS) 7-5 6-3
2026-10-07,,2026-10-06T22:00:56Z,Tennis,ATP · Rolex Shanghai Masters · Round 1,Jaime Faria,Arthur Gea,Arthur Gea,B,0.5222,52.2,No read,,Board,0,0,won,✓,1,1,0.5222,Arthur Gea,,,,published before the start,,Arthur Gea (FRA) bt Jaime Faria (POR) 6-7 (3-7) 6-1 6-2
2026-10-07,,2026-10-06T22:00:56Z,Tennis,WTA · Samsun Open · Round 2,Noma Noha Akugue,Lucrezia Stefanini,Noma Noha Akugue,A,0.5128,51.3,No read,,Board,0,0,lost,✗,0,0,0.5128,Lucrezia Stefanini,,,,published before the start,,(8) Lucrezia Stefanini (ITA) bt Noma Noha Akugue (GER) 6-2 6-3
2026-10-07,,2026-10-06T22:00:56Z,Tennis,WTA · Samsun Open · Round 1,Linda Klimovicova,Cagla Buyukakcay,Cagla Buyukakcay,B,0.5115,51.1,No read,,Board,0,0,lost,✗,0,0,0.5115,Linda Klimovicova,,,,published before the start,,Linda Klimovicova (POL) bt Cagla Buyukakcay (TUR) 3-6 7-6 (7-2) 6-1
2026-10-07,,2026-10-06T22:00:56Z,Tennis,ATP · Rolex Shanghai Masters · Round 1,Kamil Majchrzak,Yannick Hanfmann,Kamil Majchrzak,A,0.506,50.6,No read,,Board,0,0,lost,✗,0,0,0.506,Yannick Hanfmann,,,,published before the start,,Yannick Hanfmann (GER) bt Kamil Majchrzak (POL) 6-7 (4-7) 7-6 (7-3) 7-6 (9-7)
2026-10-08,,2026-10-07T23:42:23Z,Tennis,ATP · Rolex Shanghai Masters · Round 1,James Duckworth,Hubert Hurkacz,Hubert Hurkacz,B,0.749,74.9,Strong,0.7867,Reserve,0,1,won,✓,1,1,0.749,Hubert Hurkacz,,,,published before the start,,Hubert Hurkacz (POL) bt James Duckworth (AUS) 6-3 7-6 (7-4)
2026-10-08,,2026-10-08T01:57:14Z,Tennis,ATP · Rolex Shanghai Masters · Round 1,Stefanos Tsitsipas,Kimmer Coppejans,Stefanos Tsitsipas,A,0.7486,74.9,Strong,0.7867,Reserve,0,1,won,✓,1,1,0.7486,Stefanos Tsitsipas,,,,published before the start,,Stefanos Tsitsipas (GRE) bt Kimmer Coppejans (BEL) 6-3 7-5
2026-10-08,,2026-10-07T23:42:23Z,Tennis,WTA · China Open · Quarterfinal,Nikola Bartunkova,Karolina Muchova,Karolina Muchova,B,0.7479,74.8,Strong,0.8021,Reserve,0,1,lost,✗,0,0,0.7479,Nikola Bartunkova,,,,published before the start,,(26) Nikola Bartunkova (CZE) bt (7) Karolina Muchova (CZE) 6-3 6-0
2026-10-08,,2026-10-07T23:42:23Z,Tennis,WTA · China Open · Quarterfinal,Mirra Andreeva,Ekaterina Alexandrova,Mirra Andreeva,A,0.7154,71.5,Strong,0.8021,Reserve,0,1,won,✓,1,1,0.7154,Mirra Andreeva,,,,published before the start,,(4) Mirra Andreeva (RUS) bt (19) Ekaterina Alexandrova (RUS) 7-6 (7-4) 7-6 (7-3)
2026-10-08,,2026-10-07T23:42:23Z,Tennis,ATP · Rolex Shanghai Masters · Round 1,Valentin Royer,Adolfo Daniel Vallejo,Adolfo Daniel Vallejo,B,0.7118,71.2,Strong,0.7867,Reserve,0,1,won,✓,1,1,0.7118,Adolfo Daniel Vallejo,,,,published before the start,,Adolfo Daniel Vallejo (PAR) bt Valentin Royer (FRA) 6-3 6-1
2026-10-08,,2026-10-07T23:42:23Z,Tennis,ATP · Rolex Shanghai Masters · Round 1,Matteo Arnaldi,Bernard Tomic,Matteo Arnaldi,A,0.6928,69.3,Firm,0.7688,Reserve,0,1,won,✓,1,1,0.6928,Matteo Arnaldi,,,,published before the start,,Matteo Arnaldi (ITA) bt Bernard Tomic (AUS) 6-3 6-1
2026-10-08,,2026-10-07T23:42:23Z,Tennis,WTA · Samsun Open · Round 2,Bianca Andreescu,Mariam Bolkvadze,Bianca Andreescu,A,0.6548,65.5,Firm,0.7681,Reserve,0,1,won,✓,1,1,0.6548,Bianca Andreescu,,,,published before the start,,Bianca Andreescu (CAN) bt Mariam Bolkvadze (GEO) 6-4 6-3
2026-10-08,,2026-10-08T01:57:14Z,Tennis,WTA · Suzhou Open · Round 2,Tamara Korpatsch,Elvina Kalieva,Tamara Korpatsch,A,0.6527,65.3,Firm,0.7681,Reserve,0,1,lost,✗,0,0,0.6527,Elvina Kalieva,,,,published before the start,,Elvina Kalieva (USA) bt (2) Tamara Korpatsch (GER) 2-6 6-1 6-4
2026-10-08,,2026-10-08T01:57:14Z,Tennis,ATP · Rolex Shanghai Masters · Round 1,Tallon Griekspoor,Pavel Kotov,Tallon Griekspoor,A,0.6458,64.6,Firm,0.7328,Reserve,0,1,lost,✗,0,0,0.6458,Pavel Kotov,,,,published before the start,,Pavel Kotov (RUS) bt Tallon Griekspoor (NED) 6-4 7-6 (7-4)
2026-10-08,,2026-10-08T01:57:14Z,Tennis,WTA · Suzhou Open · Round 2,Aliona Falei,Oleksandra Oliynykova,Oleksandra Oliynykova,B,0.6149,61.5,Lean,0.7151,Board,0,0,lost,✗,0,0,0.6149,Aliona Falei,,,,published before the start,retired,Aliona Falei (BLR) bt (1) Oleksandra Oliynykova (UKR) 7-6 (8-6) 4-0 ret
2026-10-08,,2026-10-07T23:42:23Z,Tennis,ATP · Rolex Shanghai Masters · Round 1,Nicolas Mejia,Juan Manuel Cerundolo,Juan Manuel Cerundolo,B,0.6126,61.3,Lean,0.7328,Board,0,0,won,✓,1,1,0.6126,Juan Manuel Cerundolo,,,,published before the start,,Juan Manuel Cerundolo (ARG) bt Nicolas Mejia (COL) 6-4 6-4
2026-10-08,,2026-10-07T23:42:23Z,Tennis,ATP · Rolex Shanghai Masters · Round 1,Zachary Svajda,Fabian Marozsan,Fabian Marozsan,B,0.6125,61.3,Lean,0.7328,Board,0,0,lost,✗,0,0,0.6125,Zachary Svajda,,,,published before the start,,Zachary Svajda (USA) bt Fabian Marozsan (HUN) 6-3 7-6 (7-2)
2026-10-08,,2026-10-08T01:57:14Z,Tennis,ATP · Rolex Shanghai Masters · Round 1,Facundo Diaz Acosta,Nuno Borges,Nuno Borges,B,0.5773,57.7,Lean,0.6938,Board,0,0,won,✓,1,1,0.5773,Nuno Borges,,,,published before the start,,Nuno Borges (POR) bt Facundo Diaz Acosta (ARG) 7-6 (7-5) 6-2
2026-10-08,,2026-10-07T23:42:23Z,Tennis,ATP · Rolex Shanghai Masters · Round 1,Jan Lennard Struff,Martin Landaluce,Jan Lennard Struff,A,0.5492,54.9,No read,,Board,0,0,won,✓,1,1,0.5492,Jan Lennard Struff,,,,published before the start,,Jan-Lennard Struff (GER) bt Martin Landaluce (ESP) 6-4 6-4
2026-10-08,,2026-10-08T09:07:24Z,Tennis,ATP · Rolex Shanghai Masters · Round 1,Bu Yunchaokete,Luca Van Assche,Bu Yunchaokete,A,0.544,54.4,No read,,Board,0,0,won,✓,1,1,0.544,Bu Yunchaokete,,,,published before the start,,Yunchaokete Bu (CHN) bt Luca Van Assche (FRA) 7-6 (7-3) 6-3
2026-10-08,,2026-10-07T23:42:23Z,Tennis,ATP · Rolex Shanghai Masters · Round 1,Zizou Bergs,Vit Kopriva,Zizou Bergs,A,0.5435,54.4,No read,,Board,0,0,won,✓,1,1,0.5435,Zizou Bergs,,,,published before the start,,Zizou Bergs (BEL) bt Vit Kopriva (CZE) 6-3 6-1
2026-10-08,,2026-10-07T23:42:23Z,Tennis,ATP · Rolex Shanghai Masters · Round 1,Sebastian Baez,Marcos Giron,Sebastian Baez,A,0.5429,54.3,No read,,Board,0,0,won,✓,1,1,0.5429,Sebastian Baez,,,,published before the start,,Sebastian Baez (ARG) bt Marcos Giron (USA) 1-6 6-3 6-4
2026-10-08,,2026-10-08T01:57:14Z,Tennis,ATP · Rolex Shanghai Masters · Round 1,Jenson Brooksby,Jaume Munar,Jaume Munar,B,0.5423,54.2,No read,,Board,0,0,lost,✗,0,0,0.5423,Jenson Brooksby,,,,published before the start,,Jenson Brooksby (USA) bt Jaume Munar (ESP) 7-5 6-4
2026-10-08,,2026-10-07T23:42:23Z,Tennis,WTA · Samsun Open · Round 2,Linda Klimovicova,Simona Waltert,Simona Waltert,B,0.5157,51.6,No read,,Board,0,0,won,✓,1,1,0.5157,Simona Waltert,,,,published before the start,,(3) Simona Waltert (SUI) bt Linda Klimovicova (POL) 6-3 6-2
2026-10-08,,2026-10-07T23:42:23Z,Tennis,ATP · Rolex Shanghai Masters · Round 1,Hamad Medjedovic,Thiago Agustin Tirante,Thiago Agustin Tirante,B,0.5083,50.8,No read,,Board,0,0,won,✓,1,1,0.5083,Thiago Agustin Tirante,,,,published before the start,,Thiago Agustin Tirante (ARG) bt Hamad Medjedovic (SER) 6-4 6-2
2026-10-08,,2026-10-07T23:42:23Z,Tennis,ATP · Rolex Shanghai Masters · Round 1,Pablo Carreno Busta,Mariano Navone,Pablo Carreno Busta,A,0.5024,50.2,No read,,Board,0,0,won,✓,1,1,0.5024,Pablo Carreno Busta,,,,published before the start,,Pablo Carreno Busta (ESP) bt Mariano Navone (ARG) 4-6 7-5 6-3
